frame,player_id,x1,y1,x2,y2,center_x,center_y,_width,_height,team,jersey_color,court_x,court_y
0,1,1109.0,518.0,1229.0,761.0,1169.0,639.5,60,140,EXCLUDED,UNKNOWN,47.887985,23.466532
0,2,443.0,428.0,544.0,648.0,493.5,538.0,60,140,Team_B,WHITE,14.329259,17.883036
0,3,1274.0,602.0,1373.0,852.0,1323.5,727.0,60,140,EXCLUDED,UNKNOWN,55.669785,28.845804
0,4,1547.0,554.0,1623.0,786.0,1585.0,670.0,60,140,Team_B,WHITE,67.14975,24.655724
0,5,869.0,392.0,1015.0,589.0,942.0,490.5,60,140,EXCLUDED,UNKNOWN,35.944405,13.953273
0,6,1681.0,671.0,1790.0,944.0,1735.5,807.5,60,140,Team_A,GREEN,74.66912,33.06894
0,7,601.0,438.0,688.0,660.0,644.5,549.0,60,140,EXCLUDED,UNKNOWN,21.944986,18.375992
0,9,1203.0,748.0,1294.0,913.0,1248.5,830.5,60,140,EXCLUDED,UNKNOWN,52.962215,35.664463
0,10,1181.0,253.0,1238.0,461.0,1209.5,357.0,60,140,Team_A,GREEN,47.661827,4.626026
0,11,1579.0,245.0,1652.0,447.0,1615.5,346.0,60,140,Team_B,WHITE,66.45899,3.489436
0,12,796.0,927.0,871.0,995.0,833.5,961.0,60,140,Team_B,WHITE,34.640987,45.134796
0,14,1050.0,926.0,1123.0,994.0,1086.5,960.0,60,140,Team_A,GREEN,46.452423,44.348755
0,16,911.0,943.0,1000.0,977.0,955.5,960.0,60,140,Team_A,GREEN,40.366844,44.72037
1,3,1279.0,604.0,1381.0,849.0,1330.0,726.5,60,140,EXCLUDED,UNKNOWN,55.964035,28.79985
1,1,1110.0,519.0,1230.0,761.0,1170.0,640.0,60,140,EXCLUDED,UNKNOWN,47.93845,23.497412
1,2,443.0,428.0,544.0,648.0,493.5,538.0,60,140,Team_B,WHITE,14.329259,17.883036
1,5,848.0,390.0,991.0,590.0,919.5,490.0,60,140,EXCLUDED,UNKNOWN,34.85519,13.952733
1,4,1548.0,554.0,1623.0,786.0,1585.5,670.0,60,140,Team_B,WHITE,67.172195,24.654774
1,7,579.0,439.0,673.0,667.0,626.0,553.0,60,140,EXCLUDED,UNKNOWN,21.06757,18.678804
1,6,1682.0,671.0,1789.0,942.0,1735.5,806.5,60,140,Team_A,GREEN,74.66328,33.006134
1,9,1203.0,748.0,1296.0,913.0,1249.5,830.5,60,140,EXCLUDED,UNKNOWN,53.008064,35.662045
1,10,1181.0,252.0,1238.0,461.0,1209.5,356.5,60,140,Team_A,GREEN,47.658028,4.592305
1,11,1579.0,244.0,1652.0,447.0,1615.5,345.5,60,140,Team_B,WHITE,66.45576,3.4562979
1,12,796.0,927.0,871.0,995.0,833.5,961.0,60,140,Team_B,WHITE,34.640987,45.134796
1,14,1051.0,926.0,1123.0,994.0,1087.0,960.0,60,140,Team_A,GREEN,46.47551,44.347347
1,16,912.0,943.0,1000.0,978.0,956.0,960.5,60,140,Team_A,GREEN,40.39413,44.75091
2,1,1110.0,520.0,1231.0,761.0,1170.5,640.5,60,140,EXCLUDED,UNKNOWN,47.965553,23.529232
2,3,1285.0,604.0,1388.0,849.0,1336.5,726.5,60,140,EXCLUDED,UNKNOWN,56.261597,28.786146
2,2,447.0,429.0,545.0,648.0,496.0,538.5,60,140,Team_B,WHITE,14.459389,17.912987
2,7,552.0,439.0,663.0,676.0,607.5,557.5,60,140,EXCLUDED,UNKNOWN,20.193611,19.015942
2,5,845.0,389.0,959.0,590.0,902.0,489.5,60,140,EXCLUDED,UNKNOWN,34.005444,13.94482
2,4,1546.0,554.0,1622.0,785.0,1584.0,669.5,60,140,Team_B,WHITE,67.10169,24.625559
2,9,1203.0,748.0,1295.0,913.0,1249.0,830.5,60,140,EXCLUDED,UNKNOWN,52.98514,35.663254
2,10,1181.0,253.0,1239.0,461.0,1210.0,357.0,60,140,Team_A,GREEN,47.68551,4.625514
2,11,1579.0,244.0,1652.0,447.0,1615.5,345.5,60,140,Team_B,WHITE,66.45576,3.4562979
2,6,1682.0,670.0,1788.0,941.0,1735.0,805.5,60,140,Team_A,GREEN,74.63546,32.944443
2,12,796.0,927.0,871.0,995.0,833.5,961.0,60,140,Team_B,WHITE,34.640987,45.134796
2,14,1051.0,926.0,1123.0,994.0,1087.0,960.0,60,140,Team_A,GREEN,46.47551,44.347347
2,16,911.0,943.0,1000.0,978.0,955.5,960.5,60,140,Team_A,GREEN,40.37076,44.75234
3,1,1111.0,522.0,1233.0,760.0,1172.0,641.0,60,140,EXCLUDED,UNKNOWN,48.03936,23.559158
3,3,1291.0,603.0,1390.0,851.0,1340.5,727.0,60,140,EXCLUDED,UNKNOWN,56.448097,28.809937
3,5,838.0,396.0,929.0,591.0,883.5,493.5,60,140,EXCLUDED,UNKNOWN,33.143856,14.241992
3,7,516.0,449.0,653.0,678.0,584.5,563.5,60,140,EXCLUDED,UNKNOWN,19.10929,19.463205
3,2,448.0,430.0,545.0,644.0,496.5,537.0,60,140,Team_B,WHITE,14.469999,17.80962
3,4,1546.0,552.0,1622.0,784.0,1584.0,668.0,60,140,Team_B,WHITE,67.0922,24.529348
3,9,1203.0,748.0,1294.0,913.0,1248.5,830.5,60,140,EXCLUDED,UNKNOWN,52.962215,35.664463
3,10,1181.0,253.0,1239.0,462.0,1210.0,357.5,60,140,Team_A,GREEN,47.68931,4.6592326
3,11,1579.0,244.0,1652.0,448.0,1615.5,346.0,60,140,Team_B,WHITE,66.45899,3.489436
3,6,1681.0,669.0,1790.0,940.0,1735.5,804.5,60,140,Team_A,GREEN,74.65158,32.880497
3,12,796.0,927.0,871.0,995.0,833.5,961.0,60,140,Team_B,WHITE,34.640987,45.134796
3,14,1051.0,926.0,1123.0,994.0,1087.0,960.0,60,140,Team_A,GREEN,46.47551,44.347347
3,16,912.0,943.0,999.0,978.0,955.5,960.5,60,140,Team_A,GREEN,40.37076,44.75234
4,1,1113.0,524.0,1236.0,760.0,1174.5,642.0,60,140,EXCLUDED,UNKNOWN,48.163586,23.619942
4,8,170.0,423.0,260.0,671.0,215.0,547.0,60,140,EXCLUDED,UNKNOWN,0.27250633,18.982893
4,7,491.0,452.0,646.0,683.0,568.5,567.5,60,140,EXCLUDED,UNKNOWN,18.352362,19.762945
4,3,1298.0,598.0,1393.0,847.0,1345.5,722.5,60,140,EXCLUDED,UNKNOWN,56.645596,28.50943
4,5,829.0,404.0,918.0,592.0,873.5,498.0,60,140,EXCLUDED,UNKNOWN,32.697495,14.560502
4,9,1203.0,749.0,1294.0,913.0,1248.5,831.0,60,140,EXCLUDED,UNKNOWN,52.965775,35.69646
4,4,1546.0,550.0,1622.0,784.0,1584.0,667.0,60,140,Team_B,WHITE,67.08588,24.4652
4,10,1181.0,253.0,1239.0,463.0,1210.0,358.0,60,140,Team_A,GREEN,47.693108,4.69295
4,2,451.0,432.0,545.0,626.0,498.0,529.0,60,140,Team_B,WHITE,14.46812,17.260061
4,6,1678.0,668.0,1790.0,940.0,1734.0,804.0,60,140,Team_A,GREEN,74.58275,32.85245
4,11,1579.0,244.0,1652.0,448.0,1615.5,346.0,60,140,Team_B,WHITE,66.45899,3.489436
4,12,796.0,927.0,871.0,995.0,833.5,961.0,60,140,Team_B,WHITE,34.640987,45.134796
4,14,1051.0,926.0,1123.0,994.0,1087.0,960.0,60,140,Team_A,GREEN,46.47551,44.347347
4,16,912.0,943.0,999.0,978.0,955.5,960.5,60,140,Team_A,GREEN,40.37076,44.75234
5,7,480.0,460.0,642.0,689.0,561.0,574.5,60,140,EXCLUDED,UNKNOWN,18.045378,20.251467
5,1,1115.0,524.0,1242.0,760.0,1178.5,642.0,60,140,EXCLUDED,UNKNOWN,48.350323,23.612371
5,8,175.0,426.0,264.0,675.0,219.5,550.5,60,140,EXCLUDED,UNKNOWN,0.5409947,19.217016
5,3,1303.0,594.0,1396.0,846.0,1349.5,720.0,60,140,EXCLUDED,UNKNOWN,56.81121,28.33993
5,5,818.0,404.0,912.0,594.0,865.0,499.0,60,140,EXCLUDED,UNKNOWN,32.293896,14.640772
5,2,454.0,434.0,548.0,623.0,501.0,528.5,60,140,Team_B,WHITE,14.613701,17.220882
5,9,1202.0,749.0,1295.0,913.0,1248.5,831.0,60,140,EXCLUDED,UNKNOWN,52.965775,35.69646
5,4,1547.0,547.0,1621.0,784.0,1584.0,665.5,60,140,Team_B,WHITE,67.076385,24.368963
5,6,1673.0,667.0,1791.0,939.0,1732.0,803.0,60,140,Team_A,GREEN,74.489,32.794098
5,10,1181.0,252.0,1240.0,464.0,1210.5,358.0,60,140,Team_A,GREEN,47.716785,4.692436
5,11,1579.0,244.0,1653.0,448.0,1616.0,346.0,60,140,Team_B,WHITE,66.481804,3.4889596
5,12,796.0,927.0,871.0,995.0,833.5,961.0,60,140,Team_B,WHITE,34.640987,45.134796
5,14,1051.0,926.0,1124.0,994.0,1087.5,960.0,60,140,Team_A,GREEN,46.498596,44.345936
5,16,912.0,943.0,999.0,978.0,955.5,960.5,60,140,Team_A,GREEN,40.37076,44.75234
6,1,1123.0,525.0,1253.0,761.0,1188.0,643.0,60,140,EXCLUDED,UNKNOWN,48.800983,23.659864
6,5,799.0,403.0,911.0,594.0,855.0,498.5,60,140,EXCLUDED,UNKNOWN,31.8044,14.622114
6,7,473.0,463.0,636.0,693.0,554.5,578.0,60,140,EXCLUDED,UNKNOWN,17.755209,20.500685
6,3,1306.0,591.0,1398.0,844.0,1352.0,717.5,60,140,EXCLUDED,UNKNOWN,56.90823,28.173565
6,8,176.0,431.0,270.0,678.0,223.0,554.5,60,140,EXCLUDED,UNKNOWN,0.7631115,19.487286
6,9,1203.0,749.0,1296.0,913.0,1249.5,831.0,60,140,EXCLUDED,UNKNOWN,53.011623,35.69404
6,4,1549.0,545.0,1620.0,783.0,1584.5,664.0,60,140,Team_B,WHITE,67.08934,24.271769
6,6,1665.0,667.0,1791.0,940.0,1728.0,803.5,60,140,Team_A,GREEN,74.316086,32.834496
6,2,452.0,436.0,552.0,627.0,502.0,531.5,60,140,Team_B,WHITE,14.692691,17.42439
6,10,1181.0,253.0,1240.0,465.0,1210.5,359.0,60,140,Team_A,GREEN,47.72438,4.7598624
6,11,1579.0,244.0,1653.0,448.0,1616.0,346.0,60,140,Team_B,WHITE,66.481804,3.4889596
6,12,796.0,927.0,871.0,995.0,833.5,961.0,60,140,Team_B,WHITE,34.640987,45.134796
6,14,1050.0,926.0,1123.0,994.0,1086.5,960.0,60,140,Team_A,GREEN,46.452423,44.348755
6,16,912.0,943.0,1000.0,978.0,956.0,960.5,60,140,Team_A,GREEN,40.39413,44.75091
7,5,781.0,402.0,908.0,603.0,844.5,502.5,60,140,EXCLUDED,UNKNOWN,31.328674,14.908065
7,1,1132.0,527.0,1259.0,762.0,1195.5,644.5,60,140,EXCLUDED,UNKNOWN,49.161716,23.743814
7,7,463.0,467.0,634.0,693.0,548.5,580.0,60,140,EXCLUDED,UNKNOWN,17.475708,20.647264
7,8,184.0,438.0,275.0,683.0,229.5,560.5,60,140,EXCLUDED,UNKNOWN,1.1601573,19.890028
7,3,1307.0,586.0,1405.0,840.0,1356.0,713.0,60,140,EXCLUDED,UNKNOWN,57.06001,27.875126
7,9,1202.0,749.0,1296.0,913.0,1249.0,831.0,60,140,EXCLUDED,UNKNOWN,52.988697,35.69525
7,6,1655.0,667.0,1792.0,941.0,1723.5,804.0,60,140,Team_A,GREEN,74.12114,32.876026
7,10,1182.0,253.0,1240.0,466.0,1211.0,359.5,60,140,Team_A,GREEN,47.751854,4.793057
7,4,1551.0,544.0,1620.0,783.0,1585.5,663.5,60,140,Team_B,WHITE,67.13108,24.237799
7,11,1579.0,243.0,1653.0,448.0,1616.0,345.5,60,140,Team_B,WHITE,66.47858,3.4558222
7,12,796.0,927.0,871.0,995.0,833.5,961.0,60,140,Team_B,WHITE,34.640987,45.134796
7,2,455.0,439.0,554.0,629.0,504.5,534.0,60,140,Team_B,WHITE,14.841982,17.591124
7,14,1050.0,925.0,1124.0,994.0,1087.0,959.5,60,140,Team_A,GREEN,46.47178,44.31556
7,16,912.0,943.0,1000.0,978.0,956.0,960.5,60,140,Team_A,GREEN,40.39413,44.75091
8,5,759.0,402.0,904.0,617.0,831.5,509.5,60,140,EXCLUDED,UNKNOWN,30.756926,15.400548
8,1,1145.0,529.0,1266.0,764.0,1205.5,646.5,60,140,EXCLUDED,UNKNOWN,49.642212,23.855635
8,3,1306.0,583.0,1409.0,833.0,1357.5,708.0,60,140,EXCLUDED,UNKNOWN,57.094044,27.549528
8,7,459.0,468.0,633.0,694.0,546.0,581.0,60,140,EXCLUDED,UNKNOWN,17.360792,20.719667
8,8,188.0,445.0,286.0,686.0,237.0,565.5,60,140,EXCLUDED,UNKNOWN,1.5975231,20.221447
8,9,1202.0,749.0,1296.0,913.0,1249.0,831.0,60,140,EXCLUDED,UNKNOWN,52.988697,35.69525
8,6,1652.0,669.0,1791.0,940.0,1721.5,804.5,60,140,Team_A,GREEN,74.0361,32.91195
8,10,1183.0,252.0,1241.0,468.0,1212.0,360.0,60,140,Team_A,GREEN,47.802998,4.8257318
8,11,1579.0,244.0,1653.0,449.0,1616.0,346.5,60,140,Team_B,WHITE,66.48504,3.522095
8,2,455.0,440.0,551.0,632.0,503.0,536.0,60,140,Team_B,WHITE,14.786066,17.730331
8,4,1551.0,542.0,1620.0,783.0,1585.5,662.5,60,140,Team_B,WHITE,67.12475,24.173624
8,12,796.0,927.0,871.0,995.0,833.5,961.0,60,140,Team_B,WHITE,34.640987,45.134796
8,14,1050.0,925.0,1124.0,994.0,1087.0,959.5,60,140,Team_A,GREEN,46.47178,44.31556
8,16,912.0,943.0,1000.0,978.0,956.0,960.5,60,140,Team_A,GREEN,40.39413,44.75091
9,5,741.0,407.0,900.0,629.0,820.5,518.0,60,140,EXCLUDED,UNKNOWN,30.29516,15.991337
9,1,1152.0,530.0,1274.0,765.0,1213.0,647.5,60,140,EXCLUDED,UNKNOWN,49.998547,23.906742
9,8,195.0,450.0,297.0,685.0,246.0,567.5,60,140,EXCLUDED,UNKNOWN,2.0799062,20.342932
9,7,457.0,469.0,630.0,695.0,543.5,582.0,60,140,EXCLUDED,UNKNOWN,17.245861,20.792078
9,3,1309.0,582.0,1413.0,824.0,1361.0,703.0,60,140,EXCLUDED,UNKNOWN,57.21956,27.219728
9,9,1202.0,750.0,1296.0,912.0,1249.0,831.0,60,140,EXCLUDED,UNKNOWN,52.988697,35.69525
9,6,1646.0,671.0,1793.0,940.0,1719.5,805.5,60,140,Team_A,GREEN,73.95401,32.97931
9,4,1551.0,541.0,1620.0,784.0,1585.5,662.5,60,140,Team_B,WHITE,67.12475,24.173624
9,10,1183.0,253.0,1242.0,469.0,1212.5,361.0,60,140,Team_A,GREEN,47.83426,4.8926206
9,12,796.0,927.0,871.0,995.0,833.5,961.0,60,140,Team_B,WHITE,34.640987,45.134796
9,11,1579.0,244.0,1654.0,448.0,1616.5,346.0,60,140,Team_B,WHITE,66.504616,3.488483
9,14,1050.0,925.0,1124.0,994.0,1087.0,959.5,60,140,Team_A,GREEN,46.47178,44.31556
9,16,912.0,943.0,1003.0,978.0,957.5,960.5,60,140,Team_A,GREEN,40.464222,44.746628
9,2,456.0,441.0,552.0,651.0,504.0,546.0,60,140,Team_B,WHITE,14.932193,18.41164
9,18,193.0,539.0,223.0,572.0,208.0,555.5,60,140,EXCLUDED,UNKNOWN,0.0019652864,19.583279
10,5,736.0,411.0,898.0,637.0,817.0,524.0,60,140,EXCLUDED,UNKNOWN,30.176676,16.401606
10,1,1153.0,530.0,1276.0,765.0,1214.5,647.5,60,140,EXCLUDED,UNKNOWN,50.068306,23.903889
10,7,456.0,468.0,625.0,695.0,540.5,581.5,60,140,EXCLUDED,UNKNOWN,17.091871,20.763603
10,8,203.0,456.0,307.0,685.0,255.0,570.5,60,140,EXCLUDED,UNKNOWN,2.5721538,20.533163
10,3,1311.0,580.0,1414.0,816.0,1362.5,698.0,60,140,EXCLUDED,UNKNOWN,57.25364,26.893904
10,6,1644.0,672.0,1793.0,940.0,1718.5,806.0,60,140,Team_A,GREEN,73.91296,33.012993
10,9,1202.0,749.0,1297.0,913.0,1249.5,831.0,60,140,EXCLUDED,UNKNOWN,53.011623,35.69404
10,4,1549.0,542.0,1619.0,785.0,1584.0,663.5,60,140,Team_B,WHITE,67.06372,24.240625
10,10,1183.0,253.0,1242.0,471.0,1212.5,362.0,60,140,Team_A,GREEN,47.841846,4.960019
10,11,1579.0,245.0,1654.0,449.0,1616.5,347.0,60,140,Team_B,WHITE,66.51108,3.5547507
10,12,795.0,927.0,871.0,995.0,833.0,961.0,60,140,Team_B,WHITE,34.617355,45.136242
10,14,1050.0,925.0,1124.0,994.0,1087.0,959.5,60,140,Team_A,GREEN,46.47178,44.31556
10,2,456.0,442.0,548.0,675.0,502.0,558.5,60,140,Team_B,WHITE,14.952052,19.267817
10,16,912.0,943.0,1003.0,978.0,957.5,960.5,60,140,Team_A,GREEN,40.464222,44.746628
10,18,202.0,540.0,230.0,575.0,216.0,557.5,60,140,EXCLUDED,UNKNOWN,0.43475214,19.707155
11,5,734.0,416.0,886.0,639.0,810.0,527.5,60,140,EXCLUDED,UNKNOWN,29.86633,16.648829
11,1,1155.0,531.0,1282.0,766.0,1218.5,648.5,60,140,EXCLUDED,UNKNOWN,50.261635,23.961615
11,7,456.0,467.0,628.0,696.0,542.0,581.5,60,140,EXCLUDED,UNKNOWN,17.166513,20.760874
11,8,212.0,459.0,316.0,686.0,264.0,572.5,60,140,EXCLUDED,UNKNOWN,3.0534418,20.654335
11,6,1643.0,673.0,1791.0,938.0,1717.0,805.5,60,140,Team_A,GREEN,73.844,32.98494
11,9,1202.0,749.0,1297.0,912.0,1249.5,830.5,60,140,EXCLUDED,UNKNOWN,53.008064,35.662045
11,3,1313.0,577.0,1415.0,815.0,1364.0,696.0,60,140,EXCLUDED,UNKNOWN,57.308434,26.761724
11,4,1549.0,543.0,1620.0,786.0,1584.5,664.5,60,140,Team_B,WHITE,67.09251,24.303854
11,10,1183.0,253.0,1244.0,472.0,1213.5,362.5,60,140,Team_A,GREEN,47.89297,4.9926744
11,11,1579.0,244.0,1654.0,449.0,1616.5,346.5,60,140,Team_B,WHITE,66.50785,3.5216177
11,12,796.0,927.0,871.0,995.0,833.5,961.0,60,140,Team_B,WHITE,34.640987,45.134796
11,14,1050.0,926.0,1124.0,994.0,1087.0,960.0,60,140,Team_A,GREEN,46.47551,44.347347
11,2,455.0,447.0,546.0,660.0,500.5,553.5,60,140,Team_B,WHITE,14.829015,18.929464
11,16,912.0,943.0,1003.0,978.0,957.5,960.5,60,140,Team_A,GREEN,40.464222,44.746628
11,18,213.0,543.0,245.0,578.0,229.0,560.5,60,140,EXCLUDED,UNKNOWN,1.134478,19.89093
12,5,731.0,420.0,867.0,639.0,799.0,529.5,60,140,EXCLUDED,UNKNOWN,29.348085,16.801424
12,7,455.0,465.0,629.0,695.0,542.0,580.0,60,140,EXCLUDED,UNKNOWN,17.152353,20.659058
12,1,1161.0,530.0,1282.0,766.0,1221.5,648.0,60,140,EXCLUDED,UNKNOWN,50.397404,23.923243
12,3,1314.0,571.0,1416.0,815.0,1365.0,693.0,60,140,EXCLUDED,UNKNOWN,57.33347,26.565945
12,6,1642.0,674.0,1788.0,938.0,1715.0,806.0,60,140,Team_A,GREEN,73.758934,33.020878
12,9,1202.0,751.0,1297.0,913.0,1249.5,832.0,60,140,EXCLUDED,UNKNOWN,53.018734,35.758022
12,8,214.0,464.0,323.0,681.0,268.5,572.5,60,140,EXCLUDED,UNKNOWN,3.2835398,20.646059
12,4,1545.0,544.0,1620.0,785.0,1582.5,664.5,60,140,Team_B,WHITE,67.002686,24.307627
12,10,1183.0,254.0,1244.0,473.0,1213.5,363.5,60,140,Team_A,GREEN,47.900555,5.0600586
12,11,1579.0,244.0,1654.0,449.0,1616.5,346.5,60,140,Team_B,WHITE,66.50785,3.5216177
12,12,796.0,927.0,871.0,995.0,833.5,961.0,60,140,Team_B,WHITE,34.640987,45.134796
12,14,1050.0,926.0,1124.0,994.0,1087.0,960.0,60,140,Team_A,GREEN,46.47551,44.347347
12,2,455.0,449.0,546.0,660.0,500.5,554.5,60,140,Team_B,WHITE,14.838616,18.997677
12,16,912.0,943.0,1003.0,978.0,957.5,960.5,60,140,Team_A,GREEN,40.464222,44.746628
12,18,222.0,541.0,256.0,580.0,239.0,560.5,60,140,EXCLUDED,UNKNOWN,1.6478248,19.872871
13,7,454.0,464.0,630.0,695.0,542.0,579.5,60,140,EXCLUDED,UNKNOWN,17.147635,20.625114
13,3,1314.0,565.0,1409.0,813.0,1361.5,689.0,60,140,EXCLUDED,UNKNOWN,57.145718,26.31448
13,1,1173.0,527.0,1283.0,767.0,1228.0,647.0,60,140,EXCLUDED,UNKNOWN,50.69207,23.845572
13,5,729.0,422.0,852.0,639.0,790.5,530.5,60,140,EXCLUDED,UNKNOWN,28.94258,16.882624
13,6,1640.0,674.0,1785.0,938.0,1712.5,806.0,60,140,Team_A,GREEN,73.648895,33.026512
13,9,1202.0,751.0,1297.0,912.0,1249.5,831.5,60,140,EXCLUDED,UNKNOWN,53.01518,35.726032
13,8,220.0,469.0,329.0,685.0,274.5,577.0,60,140,EXCLUDED,UNKNOWN,3.6366427,20.944538
13,10,1181.0,254.0,1244.0,474.0,1212.5,364.0,60,140,Team_A,GREEN,47.85702,5.094794
13,4,1543.0,543.0,1618.0,785.0,1580.5,664.0,60,140,Team_B,WHITE,66.90968,24.27931
13,11,1579.0,244.0,1654.0,449.0,1616.5,346.5,60,140,Team_B,WHITE,66.50785,3.5216177
13,12,796.0,927.0,871.0,995.0,833.5,961.0,60,140,Team_B,WHITE,34.640987,45.134796
13,14,1050.0,926.0,1124.0,994.0,1087.0,960.0,60,140,Team_A,GREEN,46.47551,44.347347
13,2,454.0,454.0,547.0,657.0,500.5,555.5,60,140,Team_B,WHITE,14.848217,19.06588
13,16,912.0,943.0,1003.0,978.0,957.5,960.5,60,140,Team_A,GREEN,40.464222,44.746628
14,1,1182.0,524.0,1285.0,767.0,1233.5,645.5,60,140,EXCLUDED,UNKNOWN,50.93652,23.737183
14,5,723.0,425.0,835.0,639.0,779.0,532.0,60,140,EXCLUDED,UNKNOWN,28.394789,17.002497
14,7,455.0,463.0,631.0,694.0,543.0,578.5,60,140,EXCLUDED,UNKNOWN,17.187958,20.555412
14,3,1314.0,559.0,1407.0,807.0,1360.5,683.0,60,140,EXCLUDED,UNKNOWN,57.05845,25.928522
14,6,1637.0,674.0,1778.0,938.0,1707.5,806.0,60,140,Team_A,GREEN,73.428734,33.037785
14,8,222.0,469.0,335.0,685.0,278.5,577.0,60,140,EXCLUDED,UNKNOWN,3.8409097,20.93713
14,9,1202.0,751.0,1297.0,912.0,1249.5,831.5,60,140,EXCLUDED,UNKNOWN,53.01518,35.726032
14,10,1180.0,256.0,1245.0,475.0,1212.5,365.5,60,140,Team_A,GREEN,47.8684,5.1958556
14,4,1539.0,542.0,1618.0,785.0,1578.5,663.5,60,140,Team_B,WHITE,66.81666,24.250988
14,11,1580.0,244.0,1654.0,449.0,1617.0,346.5,60,140,Team_B,WHITE,66.53066,3.5211406
14,12,796.0,927.0,871.0,995.0,833.5,961.0,60,140,Team_B,WHITE,34.640987,45.134796
14,14,1050.0,926.0,1124.0,994.0,1087.0,960.0,60,140,Team_A,GREEN,46.47551,44.347347
14,16,912.0,943.0,1003.0,978.0,957.5,960.5,60,140,Team_A,GREEN,40.464222,44.746628
14,2,455.0,460.0,544.0,661.0,499.5,560.5,60,140,Team_B,WHITE,14.846174,19.408546
15,5,713.0,426.0,818.0,640.0,765.5,533.0,60,140,EXCLUDED,UNKNOWN,27.744398,17.091982
15,1,1184.0,520.0,1288.0,765.0,1236.0,642.5,60,140,EXCLUDED,UNKNOWN,51.030693,23.536522
15,7,456.0,462.0,632.0,693.0,544.0,577.5,60,140,EXCLUDED,UNKNOWN,17.228283,20.485712
15,3,1313.0,555.0,1406.0,804.0,1359.5,679.5,60,140,EXCLUDED,UNKNOWN,56.98843,25.70407
15,6,1635.0,672.0,1771.0,934.0,1703.0,803.0,60,140,Team_A,GREEN,73.212715,32.859196
15,9,1202.0,751.0,1297.0,912.0,1249.5,831.5,60,140,EXCLUDED,UNKNOWN,53.01518,35.726032
15,8,224.0,473.0,335.0,683.0,279.5,578.0,60,140,EXCLUDED,UNKNOWN,3.902269,21.004023
15,4,1534.0,539.0,1617.0,784.0,1575.5,661.5,60,140,Team_B,WHITE,66.66914,24.12823
15,10,1180.0,258.0,1246.0,476.0,1213.0,367.0,60,140,Team_A,GREEN,47.90344,5.2963734
15,11,1579.0,243.0,1655.0,449.0,1617.0,346.0,60,140,Team_B,WHITE,66.527435,3.4880066
15,12,796.0,927.0,871.0,995.0,833.5,961.0,60,140,Team_B,WHITE,34.640987,45.134796
15,14,1050.0,926.0,1124.0,994.0,1087.0,960.0,60,140,Team_A,GREEN,46.47551,44.347347
15,16,912.0,943.0,1003.0,978.0,957.5,960.5,60,140,Team_A,GREEN,40.464222,44.746628
15,2,455.0,461.0,544.0,659.0,499.5,560.0,60,140,Team_B,WHITE,14.841375,19.374464
16,7,452.0,462.0,633.0,691.0,542.5,576.5,60,140,EXCLUDED,UNKNOWN,17.144194,20.420517
16,1,1190.0,516.0,1296.0,762.0,1243.0,639.0,60,140,EXCLUDED,UNKNOWN,51.330097,23.294748
16,5,693.0,425.0,805.0,644.0,749.0,534.5,60,140,EXCLUDED,UNKNOWN,26.950888,17.220264
16,6,1629.0,671.0,1760.0,931.0,1694.5,801.0,60,140,Team_A,GREEN,72.82609,32.752407
16,9,1202.0,751.0,1297.0,912.0,1249.5,831.5,60,140,EXCLUDED,UNKNOWN,53.01518,35.726032
16,8,222.0,477.0,338.0,676.0,280.0,576.5,60,140,EXCLUDED,UNKNOWN,3.912337,20.89998
16,3,1312.0,549.0,1407.0,800.0,1359.5,674.5,60,140,EXCLUDED,UNKNOWN,56.953796,25.380451
16,10,1180.0,260.0,1246.0,476.0,1213.0,368.0,60,140,Team_A,GREEN,47.91102,5.363726
16,4,1531.0,538.0,1616.0,785.0,1573.5,661.5,60,140,Team_B,WHITE,66.57923,24.131989
16,11,1579.0,243.0,1655.0,449.0,1617.0,346.0,60,140,Team_B,WHITE,66.527435,3.4880066
16,12,795.0,927.0,871.0,995.0,833.0,961.0,60,140,Team_B,WHITE,34.617355,45.136242
16,14,1050.0,925.0,1124.0,994.0,1087.0,959.5,60,140,Team_A,GREEN,46.47178,44.31556
16,2,449.0,465.0,549.0,666.0,499.0,565.5,60,140,Team_B,WHITE,14.869142,19.750168
16,16,912.0,943.0,1003.0,978.0,957.5,960.5,60,140,Team_A,GREEN,40.464222,44.746628
17,7,450.0,461.0,633.0,689.0,541.5,575.0,60,140,EXCLUDED,UNKNOWN,17.080252,20.320444
17,5,680.0,425.0,797.0,659.0,738.5,542.0,60,140,EXCLUDED,UNKNOWN,26.503342,17.744291
17,6,1624.0,670.0,1744.0,931.0,1684.0,800.5,60,140,Team_A,GREEN,72.359764,32.744484
17,9,1202.0,751.0,1297.0,912.0,1249.5,831.5,60,140,EXCLUDED,UNKNOWN,53.01518,35.726032
17,8,236.0,480.0,347.0,688.0,291.5,584.0,60,140,EXCLUDED,UNKNOWN,4.5760565,21.393839
17,1,1202.0,510.0,1305.0,754.0,1253.5,632.0,60,140,EXCLUDED,UNKNOWN,51.766357,22.817875
17,4,1529.0,537.0,1613.0,785.0,1571.0,661.0,60,140,Team_B,WHITE,66.463646,24.104574
17,10,1183.0,260.0,1245.0,476.0,1214.0,368.0,60,140,Team_A,GREEN,47.958332,5.362668
17,3,1309.0,546.0,1408.0,790.0,1358.5,668.0,60,140,EXCLUDED,UNKNOWN,56.862915,24.961426
17,11,1579.0,243.0,1655.0,449.0,1617.0,346.0,60,140,Team_B,WHITE,66.527435,3.4880066
17,12,796.0,927.0,871.0,995.0,833.5,961.0,60,140,Team_B,WHITE,34.640987,45.134796
17,14,1050.0,926.0,1124.0,994.0,1087.0,960.0,60,140,Team_A,GREEN,46.47551,44.347347
17,2,444.0,464.0,547.0,679.0,495.5,571.5,60,140,Team_B,WHITE,14.751669,20.165092
17,16,912.0,943.0,1003.0,978.0,957.5,960.5,60,140,Team_A,GREEN,40.464222,44.746628
18,7,453.0,460.0,633.0,687.0,543.0,573.5,60,140,EXCLUDED,UNKNOWN,17.140753,20.21586
18,6,1622.0,669.0,1732.0,931.0,1677.0,800.0,60,140,Team_A,GREEN,72.04762,32.728695
18,8,236.0,484.0,361.0,688.0,298.5,586.0,60,140,EXCLUDED,UNKNOWN,4.9531817,21.517986
18,9,1201.0,751.0,1297.0,912.0,1249.0,831.5,60,140,EXCLUDED,UNKNOWN,52.992256,35.727245
18,5,672.0,427.0,787.0,667.0,729.5,547.0,60,140,EXCLUDED,UNKNOWN,26.106981,18.097054
18,3,1303.0,543.0,1408.0,779.0,1355.5,661.0,60,140,EXCLUDED,UNKNOWN,56.676765,24.513487
18,4,1525.0,537.0,1610.0,785.0,1567.5,661.0,60,140,Team_B,WHITE,66.30623,24.111153
18,1,1212.0,504.0,1303.0,748.0,1257.5,626.0,60,140,EXCLUDED,UNKNOWN,51.908367,22.418367
18,10,1185.0,262.0,1245.0,476.0,1215.0,369.0,60,140,Team_A,GREEN,48.013214,5.42895
18,11,1579.0,243.0,1655.0,449.0,1617.0,346.0,60,140,Team_B,WHITE,66.527435,3.4880066
18,12,795.0,927.0,871.0,995.0,833.0,961.0,60,140,Team_B,WHITE,34.617355,45.136242
18,14,1050.0,926.0,1124.0,994.0,1087.0,960.0,60,140,Team_A,GREEN,46.47551,44.347347
18,2,440.0,462.0,550.0,674.0,495.0,568.0,60,140,Team_B,WHITE,14.693054,19.927605
18,16,912.0,943.0,1003.0,978.0,957.5,960.5,60,140,Team_A,GREEN,40.464222,44.746628
19,5,665.0,430.0,782.0,673.0,723.5,551.5,60,140,EXCLUDED,UNKNOWN,25.85305,18.411074
19,7,453.0,460.0,634.0,687.0,543.5,573.5,60,140,EXCLUDED,UNKNOWN,17.165642,20.214964
19,9,1201.0,749.0,1297.0,912.0,1249.0,830.5,60,140,EXCLUDED,UNKNOWN,52.98514,35.663254
19,6,1620.0,667.0,1716.0,927.0,1668.0,797.0,60,140,Team_A,GREEN,71.63178,32.55977
19,3,1300.0,539.0,1411.0,770.0,1355.5,654.5,60,140,EXCLUDED,UNKNOWN,56.63158,24.091848
19,4,1519.0,538.0,1609.0,785.0,1564.0,661.5,60,140,Team_B,WHITE,66.151955,24.149855
19,8,240.0,484.0,378.0,685.0,309.0,584.5,60,140,EXCLUDED,UNKNOWN,5.4723506,21.395403
19,10,1184.0,263.0,1245.0,476.0,1214.5,369.5,60,140,Team_A,GREEN,47.99335,5.4631476
19,1,1219.0,498.0,1301.0,747.0,1260.0,622.5,60,140,EXCLUDED,UNKNOWN,51.99895,22.184969
19,11,1579.0,243.0,1655.0,449.0,1617.0,346.0,60,140,Team_B,WHITE,66.527435,3.4880066
19,12,796.0,927.0,871.0,995.0,833.5,961.0,60,140,Team_B,WHITE,34.640987,45.134796
19,14,1051.0,926.0,1124.0,994.0,1087.5,960.0,60,140,Team_A,GREEN,46.498596,44.345936
19,16,912.0,943.0,1003.0,978.0,957.5,960.5,60,140,Team_A,GREEN,40.464222,44.746628
19,2,438.0,458.0,550.0,642.0,494.0,550.0,60,140,Team_B,WHITE,14.46992,18.70189
20,5,660.0,433.0,774.0,674.0,717.0,553.5,60,140,EXCLUDED,UNKNOWN,25.552317,18.557169
20,9,1201.0,751.0,1297.0,912.0,1249.0,831.5,60,140,EXCLUDED,UNKNOWN,52.992256,35.727245
20,4,1507.0,540.0,1610.0,784.0,1558.5,662.0,60,140,Team_B,WHITE,65.907616,24.192335
20,7,452.0,460.0,633.0,685.0,542.5,572.5,60,140,EXCLUDED,UNKNOWN,17.106417,20.148823
20,3,1294.0,533.0,1411.0,759.0,1352.5,646.0,60,140,EXCLUDED,UNKNOWN,56.4347,23.545656
20,8,246.0,483.0,385.0,685.0,315.5,584.0,60,140,EXCLUDED,UNKNOWN,5.797881,21.348963
20,10,1183.0,265.0,1245.0,477.0,1214.0,371.0,60,140,Team_A,GREEN,47.981064,5.564674
20,6,1614.0,665.0,1701.0,927.0,1657.5,796.0,60,140,Team_A,GREEN,71.16119,32.520195
20,1,1227.0,492.0,1302.0,744.0,1264.5,618.0,60,140,EXCLUDED,UNKNOWN,52.175068,21.882511
20,11,1579.0,243.0,1654.0,449.0,1616.5,346.0,60,140,Team_B,WHITE,66.504616,3.488483
20,12,796.0,927.0,871.0,995.0,833.5,961.0,60,140,Team_B,WHITE,34.640987,45.134796
20,14,1050.0,925.0,1124.0,994.0,1087.0,959.5,60,140,Team_A,GREEN,46.47178,44.31556
20,16,912.0,943.0,1003.0,978.0,957.5,960.5,60,140,Team_A,GREEN,40.464222,44.746628
20,2,440.0,454.0,562.0,637.0,501.0,545.5,60,140,Team_B,WHITE,14.777203,18.382645
21,5,656.0,437.0,767.0,674.0,711.5,555.5,60,140,EXCLUDED,UNKNOWN,25.3005,18.701614
21,4,1498.0,542.0,1612.0,786.0,1555.0,664.0,60,140,Team_B,WHITE,65.76285,24.327454
21,9,1201.0,750.0,1296.0,913.0,1248.5,831.5,60,140,EXCLUDED,UNKNOWN,52.969334,35.728455
21,7,450.0,461.0,631.0,681.0,540.5,571.0,60,140,EXCLUDED,UNKNOWN,16.99266,20.05048
21,10,1182.0,265.0,1245.0,477.0,1213.5,371.0,60,140,Team_A,GREEN,47.957413,5.5652075
21,3,1293.0,531.0,1413.0,757.0,1353.0,644.0,60,140,EXCLUDED,UNKNOWN,56.443726,23.414795
21,6,1607.0,666.0,1689.0,925.0,1648.0,795.5,60,140,Team_A,GREEN,70.737434,32.509903
21,8,265.0,484.0,385.0,678.0,325.0,581.0,60,140,EXCLUDED,UNKNOWN,6.250293,21.125555
21,1,1236.0,485.0,1306.0,740.0,1271.0,612.5,60,140,EXCLUDED,UNKNOWN,52.43669,21.511026
21,11,1579.0,243.0,1654.0,449.0,1616.5,346.0,60,140,Team_B,WHITE,66.504616,3.488483
21,12,796.0,926.0,871.0,995.0,833.5,960.5,60,140,Team_B,WHITE,34.636898,45.10266
21,14,1050.0,925.0,1124.0,994.0,1087.0,959.5,60,140,Team_A,GREEN,46.47178,44.31556
21,2,443.0,447.0,570.0,641.0,506.5,544.0,60,140,Team_B,WHITE,15.038132,18.270838
21,16,912.0,943.0,1003.0,978.0,957.5,960.5,60,140,Team_A,GREEN,40.464222,44.746628
22,5,653.0,441.0,760.0,674.0,706.5,557.5,60,140,EXCLUDED,UNKNOWN,25.07314,18.845245
22,9,1201.0,749.0,1296.0,913.0,1248.5,831.0,60,140,EXCLUDED,UNKNOWN,52.965775,35.69646
22,4,1487.0,548.0,1611.0,786.0,1549.0,667.0,60,140,Team_B,WHITE,65.51189,24.53158
22,7,449.0,463.0,630.0,683.0,539.5,573.0,60,140,EXCLUDED,UNKNOWN,16.961771,20.18817
22,8,289.0,485.0,401.0,705.0,345.0,595.0,60,140,EXCLUDED,UNKNOWN,7.4066076,22.046776
22,1,1241.0,482.0,1318.0,732.0,1279.5,607.0,60,140,EXCLUDED,UNKNOWN,52.791004,21.136002
22,10,1181.0,265.0,1244.0,476.0,1212.5,370.5,60,140,Team_A,GREEN,47.90632,5.5326095
22,6,1601.0,667.0,1684.0,924.0,1642.5,795.5,60,140,Team_A,GREEN,70.4937,32.522217
22,3,1304.0,524.0,1413.0,754.0,1358.5,639.0,60,140,EXCLUDED,UNKNOWN,56.661457,23.079672
22,11,1579.0,243.0,1653.0,449.0,1616.0,346.0,60,140,Team_B,WHITE,66.481804,3.4889596
22,12,796.0,927.0,871.0,995.0,833.5,961.0,60,140,Team_B,WHITE,34.640987,45.134796
22,14,1051.0,926.0,1124.0,994.0,1087.5,960.0,60,140,Team_A,GREEN,46.498596,44.345936
22,16,912.0,943.0,1003.0,978.0,957.5,960.5,60,140,Team_A,GREEN,40.464222,44.746628
22,2,446.0,443.0,569.0,656.0,507.5,549.5,60,140,Team_B,WHITE,15.1409025,18.644474
23,8,307.0,488.0,431.0,719.0,369.0,603.5,60,140,EXCLUDED,UNKNOWN,8.706078,22.581732
23,4,1481.0,553.0,1610.0,788.0,1545.5,670.5,60,140,Team_B,WHITE,65.37672,24.763103
23,9,1199.0,750.0,1296.0,912.0,1247.5,831.0,60,140,EXCLUDED,UNKNOWN,52.919926,35.698883
23,5,639.0,446.0,755.0,675.0,697.0,560.5,60,140,EXCLUDED,UNKNOWN,24.633812,19.064213
23,7,447.0,460.0,630.0,682.0,538.5,571.0,60,140,EXCLUDED,UNKNOWN,16.893053,20.054052
23,10,1181.0,264.0,1244.0,477.0,1212.5,370.5,60,140,Team_A,GREEN,47.90632,5.5326095
23,6,1593.0,668.0,1678.0,926.0,1635.5,797.0,60,140,Team_A,GREEN,70.192474,32.63262
23,12,796.0,927.0,871.0,995.0,833.5,961.0,60,140,Team_B,WHITE,34.640987,45.134796
23,3,1292.0,522.0,1413.0,751.0,1352.5,636.5,60,140,EXCLUDED,UNKNOWN,56.368465,22.928253
23,11,1577.0,242.0,1652.0,448.0,1614.5,345.0,60,140,Team_B,WHITE,66.40689,3.4241083
23,14,1051.0,925.0,1124.0,994.0,1087.5,959.5,60,140,Team_A,GREEN,46.494865,44.31415
23,1,1240.0,479.0,1316.0,728.0,1278.0,603.5,60,140,EXCLUDED,UNKNOWN,52.696266,20.909561
23,16,912.0,943.0,1003.0,978.0,957.5,960.5,60,140,Team_A,GREEN,40.464222,44.746628
23,2,447.0,444.0,575.0,641.0,511.0,542.5,60,140,Team_B,WHITE,15.248936,18.160772
24,8,314.0,492.0,455.0,713.0,384.5,602.5,60,140,EXCLUDED,UNKNOWN,9.478662,22.483778
24,5,612.0,449.0,756.0,676.0,684.0,562.5,60,140,EXCLUDED,UNKNOWN,24.013258,19.221828
24,9,1199.0,750.0,1294.0,912.0,1246.5,831.0,60,140,EXCLUDED,UNKNOWN,52.87407,35.701305
24,4,1472.0,557.0,1603.0,788.0,1537.5,672.5,60,140,Team_B,WHITE,65.0291,24.906897
24,10,1180.0,264.0,1243.0,477.0,1211.5,370.5,60,140,Team_A,GREEN,47.859005,5.5336757
24,6,1582.0,671.0,1677.0,938.0,1629.5,804.5,60,140,Team_A,GREEN,69.97221,33.11962
24,3,1282.0,516.0,1407.0,750.0,1344.5,633.0,60,140,EXCLUDED,UNKNOWN,55.976265,22.715322
24,7,435.0,458.0,624.0,686.0,529.5,572.0,60,140,EXCLUDED,UNKNOWN,16.454075,20.138128
24,1,1237.0,481.0,1323.0,725.0,1280.0,603.0,60,140,EXCLUDED,UNKNOWN,52.785366,20.873304
24,11,1576.0,242.0,1651.0,447.0,1613.5,344.5,60,140,Team_B,WHITE,66.35802,3.391914
24,12,795.0,926.0,871.0,995.0,833.0,960.5,60,140,Team_B,WHITE,34.613262,45.104103
24,14,1050.0,925.0,1124.0,994.0,1087.0,959.5,60,140,Team_A,GREEN,46.47178,44.31556
24,16,912.0,943.0,1003.0,978.0,957.5,960.5,60,140,Team_A,GREEN,40.464222,44.746628
24,2,438.0,455.0,608.0,666.0,523.0,560.5,60,140,Team_B,WHITE,16.020535,19.367233
25,5,592.0,452.0,752.0,677.0,672.0,564.5,60,140,EXCLUDED,UNKNOWN,23.441267,19.377861
25,4,1463.0,560.0,1605.0,789.0,1534.0,674.5,60,140,Team_B,WHITE,64.884224,25.042109
25,9,1198.0,749.0,1292.0,912.0,1245.0,830.5,60,140,EXCLUDED,UNKNOWN,52.801716,35.672935
25,8,325.0,497.0,468.0,718.0,396.5,607.5,60,140,EXCLUDED,UNKNOWN,10.133137,22.8016
25,6,1574.0,673.0,1674.0,934.0,1624.0,803.5,60,140,Team_A,GREEN,69.72206,33.068962
25,3,1280.0,512.0,1403.0,747.0,1341.5,629.5,60,140,EXCLUDED,UNKNOWN,55.813744,22.493017
25,10,1178.0,267.0,1241.0,476.0,1209.5,371.5,60,140,Team_A,GREEN,47.771957,5.603146
25,1,1237.0,481.0,1341.0,724.0,1289.0,602.5,60,140,EXCLUDED,UNKNOWN,53.198734,20.824747
25,7,436.0,454.0,618.0,682.0,527.0,568.0,60,140,EXCLUDED,UNKNOWN,16.291447,19.870583
25,11,1574.0,239.0,1650.0,446.0,1612.0,342.5,60,140,Team_B,WHITE,66.2766,3.260732
25,12,795.0,926.0,871.0,995.0,833.0,960.5,60,140,Team_B,WHITE,34.613262,45.104103
25,14,1050.0,925.0,1124.0,994.0,1087.0,959.5,60,140,Team_A,GREEN,46.47178,44.31556
25,19,363.0,654.0,400.0,691.0,381.5,672.5,60,140,EXCLUDED,UNKNOWN,10.020198,27.246605
25,16,912.0,943.0,1003.0,978.0,957.5,960.5,60,140,Team_A,GREEN,40.464222,44.746628
26,8,338.0,502.0,473.0,723.0,405.5,612.5,60,140,EXCLUDED,UNKNOWN,10.635567,23.124704
26,9,1197.0,749.0,1289.0,912.0,1243.0,830.5,60,140,EXCLUDED,UNKNOWN,52.709976,35.677776
26,4,1459.0,562.0,1592.0,789.0,1525.5,675.5,60,140,Team_B,WHITE,64.50733,25.122728
26,5,574.0,451.0,747.0,676.0,660.5,563.5,60,140,EXCLUDED,UNKNOWN,22.86613,19.330296
26,6,1561.0,676.0,1671.0,939.0,1616.0,807.5,60,140,Team_A,GREEN,69.3915,33.33966
26,10,1174.0,268.0,1239.0,476.0,1206.5,372.0,60,140,Team_A,GREEN,47.633778,5.6400256
26,1,1235.0,483.0,1346.0,725.0,1290.5,604.0,60,140,EXCLUDED,UNKNOWN,53.278957,20.920263
26,7,437.0,451.0,618.0,683.0,527.5,567.0,60,140,EXCLUDED,UNKNOWN,16.306883,19.801668
26,11,1573.0,240.0,1648.0,445.0,1610.5,342.5,60,140,Team_B,WHITE,66.208115,3.2621462
26,3,1272.0,514.0,1397.0,744.0,1334.5,629.0,60,140,EXCLUDED,UNKNOWN,55.48804,22.473251
26,12,795.0,926.0,871.0,995.0,833.0,960.5,60,140,Team_B,WHITE,34.613262,45.104103
26,14,1050.0,925.0,1124.0,994.0,1087.0,959.5,60,140,Team_A,GREEN,46.47178,44.31556
26,19,362.0,635.0,397.0,674.0,379.5,654.5,60,140,EXCLUDED,UNKNOWN,9.741939,26.031048
26,16,912.0,943.0,1003.0,978.0,957.5,960.5,60,140,Team_A,GREEN,40.464222,44.746628
26,2,436.0,453.0,600.0,675.0,518.0,564.0,60,140,Team_B,WHITE,15.804269,19.614342
27,5,553.0,465.0,734.0,679.0,643.5,572.0,60,140,EXCLUDED,UNKNOWN,22.105759,19.935013
27,4,1454.0,562.0,1580.0,790.0,1517.0,676.0,60,140,Team_B,WHITE,64.12694,25.171263
27,8,350.0,507.0,470.0,722.0,410.0,614.5,60,140,EXCLUDED,UNKNOWN,10.881598,23.252064
27,9,1195.0,749.0,1287.0,912.0,1241.0,830.5,60,140,EXCLUDED,UNKNOWN,52.61822,35.68262
27,6,1552.0,677.0,1668.0,938.0,1610.0,807.5,60,140,Team_A,GREEN,69.125015,33.35333
27,10,1173.0,270.0,1238.0,476.0,1205.5,373.0,60,140,Team_A,GREEN,47.594044,5.7084365
27,11,1570.0,239.0,1646.0,445.0,1608.0,342.0,60,140,Team_B,WHITE,66.090706,3.2313418
27,3,1268.0,504.0,1386.0,743.0,1327.0,623.5,60,140,EXCLUDED,UNKNOWN,55.103806,22.128538
27,12,795.0,926.0,871.0,995.0,833.0,960.5,60,140,Team_B,WHITE,34.613262,45.104103
27,14,1050.0,925.0,1124.0,994.0,1087.0,959.5,60,140,Team_A,GREEN,46.47178,44.31556
27,19,360.0,624.0,395.0,659.0,377.5,641.5,60,140,EXCLUDED,UNKNOWN,9.512618,25.15262
27,7,428.0,448.0,608.0,699.0,518.0,573.5,60,140,EXCLUDED,UNKNOWN,15.8947935,20.260763
27,1,1232.0,483.0,1358.0,726.0,1295.0,604.5,60,140,EXCLUDED,UNKNOWN,53.490845,20.945045
27,16,911.0,943.0,1003.0,978.0,957.0,960.5,60,140,Team_A,GREEN,40.44086,44.74806
27,2,433.0,452.0,601.0,678.0,517.0,565.0,60,140,Team_B,WHITE,15.763874,19.684189
28,6,1541.0,676.0,1665.0,939.0,1603.0,807.5,60,140,Team_A,GREEN,68.813934,33.369286
28,4,1452.0,562.0,1575.0,789.0,1513.5,675.5,60,140,Team_B,WHITE,63.96563,25.145874
28,8,295.0,511.0,469.0,721.0,382.0,616.0,60,140,EXCLUDED,UNKNOWN,9.486551,23.408865
28,5,546.0,473.0,725.0,690.0,635.5,581.5,60,140,EXCLUDED,UNKNOWN,21.798046,20.591522
28,9,1193.0,748.0,1284.0,911.0,1238.5,829.5,60,140,EXCLUDED,UNKNOWN,52.49636,35.62465
28,10,1167.0,271.0,1237.0,475.0,1202.0,373.0,60,140,Team_A,GREEN,47.42835,5.712198
28,11,1569.0,237.0,1643.0,443.0,1606.0,340.0,60,140,Team_B,WHITE,65.98637,3.1005487
28,12,796.0,927.0,871.0,995.0,833.5,961.0,60,140,Team_B,WHITE,34.640987,45.134796
28,14,1050.0,926.0,1124.0,994.0,1087.0,960.0,60,140,Team_A,GREEN,46.47551,44.347347
28,7,430.0,452.0,604.0,685.0,517.0,568.5,60,140,EXCLUDED,UNKNOWN,15.797244,19.92241
28,3,1268.0,500.0,1385.0,739.0,1326.5,619.5,60,140,EXCLUDED,UNKNOWN,55.052525,21.868637
28,1,1229.0,487.0,1371.0,729.0,1300.0,608.0,60,140,EXCLUDED,UNKNOWN,53.747196,21.165085
28,19,358.0,610.0,392.0,646.0,375.0,628.0,60,140,EXCLUDED,UNKNOWN,9.252752,24.239727
28,16,912.0,944.0,1003.0,978.0,957.5,961.0,60,140,Team_A,GREEN,40.468136,44.77859
28,20,1234.0,513.0,1384.0,728.0,1309.0,620.5,60,140,EXCLUDED,UNKNOWN,54.252174,21.965443
28,21,902.0,975.0,951.0,999.0,926.5,987.0,60,140,EXCLUDED,UNKNOWN,39.223156,46.529255
28,2,437.0,442.0,579.0,634.0,508.0,538.0,60,140,Team_B,WHITE,15.0556555,17.85856
29,8,304.0,512.0,467.0,723.0,385.5,617.5,60,140,EXCLUDED,UNKNOWN,9.677847,23.504168
29,5,541.0,482.0,710.0,693.0,625.5,587.5,60,140,EXCLUDED,UNKNOWN,21.35969,21.015085
29,6,1533.0,677.0,1661.0,940.0,1597.0,808.5,60,140,Team_A,GREEN,68.55334,33.44615
29,9,1190.0,748.0,1280.0,911.0,1235.0,829.5,60,140,EXCLUDED,UNKNOWN,52.335705,35.633118
29,4,1450.0,562.0,1557.0,789.0,1503.5,675.5,60,140,Team_B,WHITE,63.51376,25.165182
29,10,1162.0,276.0,1234.0,475.0,1198.0,375.5,60,140,Team_A,GREEN,47.25797,5.8848734
29,11,1567.0,232.0,1638.0,444.0,1602.5,338.0,60,140,Team_B,WHITE,65.81343,2.9710984
29,3,1271.0,498.0,1382.0,729.0,1326.5,613.5,60,140,EXCLUDED,UNKNOWN,55.010147,21.477215
29,12,796.0,927.0,871.0,995.0,833.5,961.0,60,140,Team_B,WHITE,34.640987,45.134796
29,14,1050.0,926.0,1124.0,994.0,1087.0,960.0,60,140,Team_A,GREEN,46.47551,44.347347
29,7,434.0,453.0,599.0,679.0,516.5,566.0,60,140,EXCLUDED,UNKNOWN,15.7484455,19.753149
29,19,357.0,605.0,390.0,641.0,373.5,623.0,60,140,EXCLUDED,UNKNOWN,9.127438,23.902353
29,1,1227.0,483.0,1333.0,725.0,1280.0,604.0,60,140,EXCLUDED,UNKNOWN,52.79257,20.938768
29,16,912.0,944.0,1003.0,978.0,957.5,961.0,60,140,Team_A,GREEN,40.468136,44.77859
29,2,442.0,451.0,593.0,660.0,517.5,555.5,60,140,Team_B,WHITE,15.698213,19.036259
29,21,902.0,975.0,950.0,999.0,926.0,987.0,60,140,EXCLUDED,UNKNOWN,39.199764,46.530724
30,5,535.0,490.0,705.0,702.0,620.0,596.0,60,140,EXCLUDED,UNKNOWN,21.166265,21.599295
30,8,323.0,511.0,466.0,737.0,394.5,624.0,60,140,EXCLUDED,UNKNOWN,10.195396,23.9288
30,10,1158.0,279.0,1230.0,476.0,1194.0,377.5,60,140,Team_A,GREEN,47.08376,6.0238986
30,9,1186.0,747.0,1277.0,911.0,1231.5,829.0,60,140,EXCLUDED,UNKNOWN,52.17141,35.609566
30,4,1445.0,560.0,1541.0,788.0,1493.0,674.0,60,140,Team_B,WHITE,63.029,25.08894
30,6,1530.0,677.0,1657.0,942.0,1593.5,809.5,60,140,Team_A,GREEN,68.403854,33.517326
30,11,1560.0,233.0,1636.0,444.0,1598.0,338.5,60,140,Team_B,WHITE,65.61096,3.0084748
30,3,1256.0,496.0,1376.0,722.0,1316.0,609.0,60,140,EXCLUDED,UNKNOWN,54.49372,21.202084
30,12,796.0,927.0,871.0,995.0,833.5,961.0,60,140,Team_B,WHITE,34.640987,45.134796
30,14,1050.0,926.0,1124.0,994.0,1087.0,960.0,60,140,Team_A,GREEN,46.47551,44.347347
30,7,432.0,443.0,596.0,678.0,514.0,560.5,60,140,EXCLUDED,UNKNOWN,15.571094,19.383043
30,19,355.0,601.0,391.0,636.0,373.0,618.5,60,140,EXCLUDED,UNKNOWN,9.0574665,23.59684
30,20,1226.0,507.0,1375.0,721.0,1300.5,614.0,60,140,EXCLUDED,UNKNOWN,53.813156,21.556307
30,1,1226.0,478.0,1323.0,723.0,1274.5,600.5,60,140,EXCLUDED,UNKNOWN,52.512337,20.719257
30,16,911.0,944.0,1003.0,978.0,957.0,961.0,60,140,Team_A,GREEN,40.444775,44.78002
30,2,429.0,444.0,567.0,674.0,498.0,559.0,60,140,Team_B,WHITE,14.756721,19.308924
30,21,902.0,975.0,951.0,1000.0,926.5,987.5,60,140,EXCLUDED,UNKNOWN,39.227104,46.561172
31,5,530.0,497.0,692.0,715.0,611.0,606.0,60,140,EXCLUDED,UNKNOWN,20.813992,22.29106
31,9,1182.0,746.0,1274.0,912.0,1228.0,829.0,60,140,EXCLUDED,UNKNOWN,52.010647,35.618034
31,8,338.0,510.0,462.0,742.0,400.0,626.0,60,140,EXCLUDED,UNKNOWN,10.491845,24.053896
31,4,1445.0,558.0,1535.0,788.0,1490.0,673.0,60,140,Team_B,WHITE,62.886642,25.030354
31,10,1154.0,281.0,1226.0,479.0,1190.0,380.0,60,140,Team_A,GREEN,46.913338,6.1966133
31,6,1522.0,677.0,1648.0,942.0,1585.0,809.5,60,140,Team_A,GREEN,68.025566,33.53678
31,11,1557.0,227.0,1632.0,443.0,1594.5,335.0,60,140,Team_B,WHITE,65.428055,2.7793262
31,3,1245.0,494.0,1372.0,718.0,1308.5,606.0,60,140,EXCLUDED,UNKNOWN,54.12591,21.019321
31,12,796.0,926.0,871.0,995.0,833.5,960.5,60,140,Team_B,WHITE,34.636898,45.10266
31,14,1050.0,926.0,1124.0,994.0,1087.0,960.0,60,140,Team_A,GREEN,46.47551,44.347347
31,1,1223.0,475.0,1310.0,721.0,1266.5,598.0,60,140,EXCLUDED,UNKNOWN,52.12306,20.56946
31,7,449.0,450.0,612.0,675.0,530.5,562.5,60,140,EXCLUDED,UNKNOWN,16.413763,19.490185
31,16,911.0,944.0,1003.0,978.0,957.0,961.0,60,140,Team_A,GREEN,40.444775,44.78002
31,2,430.0,443.0,558.0,675.0,494.0,559.0,60,140,Team_B,WHITE,14.556516,19.315947
31,19,352.0,592.0,389.0,629.0,370.5,610.5,60,140,EXCLUDED,UNKNOWN,8.851636,23.056421
31,21,902.0,974.0,951.0,1000.0,926.5,987.0,60,140,EXCLUDED,UNKNOWN,39.223156,46.529255
32,8,348.0,508.0,460.0,748.0,404.0,628.0,60,140,EXCLUDED,UNKNOWN,10.712669,24.181885
32,9,1179.0,745.0,1271.0,911.0,1225.0,828.0,60,140,EXCLUDED,UNKNOWN,51.86562,35.561222
32,10,1151.0,283.0,1223.0,483.0,1187.0,383.0,60,140,Team_A,GREEN,46.794113,6.4019017
32,6,1517.0,678.0,1640.0,944.0,1578.5,811.0,60,140,Team_A,GREEN,67.74547,33.64649
32,4,1442.0,557.0,1521.0,786.0,1481.5,671.5,60,140,Team_B,WHITE,62.491795,24.950127
32,5,530.0,507.0,683.0,724.0,606.5,615.5,60,140,EXCLUDED,UNKNOWN,20.679289,22.940327
32,11,1552.0,229.0,1629.0,443.0,1590.5,336.0,60,140,Team_B,WHITE,65.25156,2.849437
32,20,1231.0,483.0,1366.0,714.0,1298.5,598.5,60,140,EXCLUDED,UNKNOWN,53.609882,20.546339
32,12,796.0,927.0,871.0,995.0,833.5,961.0,60,140,Team_B,WHITE,34.640987,45.134796
32,14,1050.0,926.0,1124.0,994.0,1087.0,960.0,60,140,Team_A,GREEN,46.47551,44.347347
32,7,443.0,452.0,597.0,679.0,520.0,565.5,60,140,EXCLUDED,UNKNOWN,15.918407,19.712908
32,2,446.0,437.0,546.0,625.0,496.0,531.0,60,140,Team_B,WHITE,14.3871155,17.400196
32,1,1220.0,474.0,1328.0,720.0,1274.0,597.0,60,140,EXCLUDED,UNKNOWN,52.463867,20.490833
32,16,911.0,943.0,1003.0,978.0,957.0,960.5,60,140,Team_A,GREEN,40.44086,44.74806
32,19,353.0,589.0,386.0,625.0,369.5,607.0,60,140,EXCLUDED,UNKNOWN,8.766247,22.819614
33,9,1176.0,744.0,1267.0,912.0,1221.5,828.0,60,140,EXCLUDED,UNKNOWN,51.70475,35.569687
33,4,1434.0,557.0,1511.0,785.0,1472.5,671.0,60,140,Team_B,WHITE,62.080532,24.935232
33,20,1220.0,475.0,1360.0,714.0,1290.0,594.5,60,140,EXCLUDED,UNKNOWN,53.18762,20.299236
33,6,1510.0,676.0,1629.0,943.0,1569.5,809.5,60,140,Team_A,GREEN,67.335,33.572292
33,10,1150.0,282.0,1218.0,486.0,1184.0,384.0,60,140,Team_A,GREEN,46.659588,6.472551
33,8,350.0,506.0,456.0,752.0,403.0,629.0,60,140,EXCLUDED,UNKNOWN,10.672234,24.251835
33,11,1547.0,228.0,1622.0,443.0,1584.5,335.5,60,140,Team_B,WHITE,64.97362,2.8217676
33,1,1218.0,471.0,1350.0,718.0,1284.0,594.5,60,140,EXCLUDED,UNKNOWN,52.909565,20.30964
33,14,1050.0,926.0,1125.0,994.0,1087.5,960.0,60,140,Team_A,GREEN,46.498596,44.345936
33,12,796.0,927.0,871.0,995.0,833.5,961.0,60,140,Team_B,WHITE,34.640987,45.134796
33,5,520.0,519.0,679.0,734.0,599.5,626.5,60,140,EXCLUDED,UNKNOWN,20.435131,23.695099
33,7,441.0,437.0,592.0,681.0,516.5,559.0,60,140,EXCLUDED,UNKNOWN,15.681663,19.276474
33,16,911.0,944.0,1003.0,978.0,957.0,961.0,60,140,Team_A,GREEN,40.444775,44.78002
33,22,524.0,443.0,623.0,666.0,573.5,554.5,60,140,EXCLUDED,UNKNOWN,18.479017,18.871048
33,2,461.0,435.0,557.0,616.0,509.0,525.5,60,140,Team_B,WHITE,14.985747,17.002459
34,9,1169.0,745.0,1265.0,912.0,1217.0,828.5,60,140,EXCLUDED,UNKNOWN,51.501442,35.61262
34,8,349.0,506.0,452.0,757.0,400.5,631.5,60,140,EXCLUDED,UNKNOWN,10.571147,24.426704
34,4,1422.0,556.0,1502.0,785.0,1462.0,670.5,60,140,Team_B,WHITE,61.60082,24.923212
34,10,1145.0,285.0,1214.0,491.0,1179.5,388.0,60,140,Team_A,GREEN,46.476917,6.7468386
34,6,1504.0,675.0,1616.0,940.0,1560.0,807.5,60,140,Team_A,GREEN,66.89867,33.467533
34,11,1543.0,233.0,1619.0,441.0,1581.0,337.0,60,140,Team_B,WHITE,64.823166,2.924673
34,1,1214.0,466.0,1347.0,717.0,1280.5,591.5,60,140,EXCLUDED,UNKNOWN,52.72567,20.119106
34,20,1217.0,483.0,1353.0,713.0,1285.0,598.0,60,140,EXCLUDED,UNKNOWN,52.9811,20.537155
34,14,1050.0,926.0,1124.0,994.0,1087.0,960.0,60,140,Team_A,GREEN,46.47551,44.347347
34,12,796.0,927.0,871.0,995.0,833.5,961.0,60,140,Team_B,WHITE,34.640987,45.134796
34,2,440.0,433.0,573.0,637.0,506.5,535.0,60,140,Team_B,WHITE,14.9517565,17.656116
34,5,517.0,517.0,672.0,740.0,594.5,628.5,60,140,EXCLUDED,UNKNOWN,20.206814,23.83958
34,16,912.0,943.0,1003.0,978.0,957.5,960.5,60,140,Team_A,GREEN,40.464222,44.746628
34,7,444.0,437.0,590.0,674.0,517.0,555.5,60,140,EXCLUDED,UNKNOWN,15.673233,19.037128
34,22,518.0,439.0,659.0,714.0,588.5,576.5,60,140,EXCLUDED,UNKNOWN,19.428623,20.33774
35,4,1394.0,554.0,1494.0,783.0,1444.0,668.5,60,140,Team_B,WHITE,60.769665,24.828821
35,10,1142.0,286.0,1210.0,495.0,1176.0,390.5,60,140,Team_A,GREEN,46.33015,6.9190454
35,8,352.0,506.0,454.0,764.0,403.0,635.0,60,140,EXCLUDED,UNKNOWN,10.73124,24.659424
35,6,1499.0,670.0,1602.0,940.0,1550.5,805.0,60,140,Team_A,GREEN,66.45871,33.330997
35,9,1165.0,745.0,1260.0,912.0,1212.5,828.5,60,140,EXCLUDED,UNKNOWN,51.294453,35.62352
35,11,1538.0,232.0,1614.0,441.0,1576.0,336.5,60,140,Team_B,WHITE,64.59082,2.8960884
35,1,1217.0,465.0,1349.0,712.0,1283.0,588.5,60,140,EXCLUDED,UNKNOWN,52.81999,19.918142
35,14,1050.0,926.0,1124.0,994.0,1087.0,960.0,60,140,Team_A,GREEN,46.47551,44.347347
35,12,796.0,927.0,871.0,995.0,833.5,961.0,60,140,Team_B,WHITE,34.640987,45.134796
35,2,444.0,432.0,571.0,655.0,507.5,543.5,60,140,Team_B,WHITE,15.083384,18.234997
35,20,1209.0,462.0,1293.0,715.0,1251.0,588.5,60,140,EXCLUDED,UNKNOWN,51.333748,19.973171
35,5,504.0,527.0,671.0,745.0,587.5,636.0,60,140,EXCLUDED,UNKNOWN,19.930496,24.358416
35,16,912.0,944.0,1003.0,978.0,957.5,961.0,60,140,Team_A,GREEN,40.468136,44.77859
35,22,525.0,438.0,617.0,658.0,571.0,548.0,60,140,EXCLUDED,UNKNOWN,18.293818,18.433317
35,23,416.0,635.0,456.0,679.0,436.0,657.0,60,140,EXCLUDED,UNKNOWN,12.600631,26.082947
36,4,1379.0,554.0,1490.0,783.0,1434.5,668.5,60,140,Team_B,WHITE,60.33748,24.84709
36,8,356.0,507.0,455.0,769.0,405.5,638.0,60,140,EXCLUDED,UNKNOWN,10.886322,24.858057
36,10,1137.0,287.0,1207.0,497.0,1172.0,392.0,60,140,Team_A,GREEN,46.151985,7.024534
36,6,1495.0,668.0,1587.0,937.0,1541.0,802.5,60,140,Team_A,GREEN,66.01826,33.19431
36,9,1161.0,745.0,1257.0,912.0,1209.0,828.5,60,140,EXCLUDED,UNKNOWN,51.1334,35.632
36,1,1235.0,459.0,1343.0,705.0,1289.0,582.0,60,140,EXCLUDED,UNKNOWN,53.051422,19.481672
36,11,1537.0,235.0,1613.0,442.0,1575.0,338.5,60,140,Team_B,WHITE,64.55815,3.0299296
36,2,451.0,431.0,571.0,659.0,511.0,545.0,60,140,Team_B,WHITE,15.2728815,18.331411
36,12,796.0,927.0,871.0,995.0,833.5,961.0,60,140,Team_B,WHITE,34.640987,45.134796
36,14,1051.0,926.0,1124.0,994.0,1087.5,960.0,60,140,Team_A,GREEN,46.498596,44.345936
36,20,1199.0,462.0,1284.0,708.0,1241.5,585.0,60,140,EXCLUDED,UNKNOWN,50.866035,19.75961
36,22,513.0,441.0,619.0,661.0,566.0,551.0,60,140,EXCLUDED,UNKNOWN,18.07331,18.645973
36,5,503.0,517.0,670.0,747.0,586.5,632.0,60,140,EXCLUDED,UNKNOWN,19.844156,24.091034
36,16,911.0,943.0,1003.0,978.0,957.0,960.5,60,140,Team_A,GREEN,40.44086,44.74806
37,4,1369.0,556.0,1487.0,784.0,1428.0,670.0,60,140,Team_B,WHITE,60.05167,24.95647
37,8,361.0,507.0,452.0,771.0,406.5,639.0,60,140,EXCLUDED,UNKNOWN,10.946367,24.923906
37,10,1133.0,288.0,1203.0,497.0,1168.0,392.5,60,140,Team_A,GREEN,45.966087,7.062739
37,9,1158.0,746.0,1254.0,911.0,1206.0,828.5,60,140,EXCLUDED,UNKNOWN,50.995316,35.63927
37,1,1225.0,455.0,1337.0,701.0,1281.0,578.0,60,140,EXCLUDED,UNKNOWN,52.651463,19.232752
37,6,1485.0,667.0,1573.0,940.0,1529.0,803.5,60,140,Team_A,GREEN,65.48773,33.285072
37,11,1536.0,231.0,1607.0,442.0,1571.5,336.5,60,140,Team_B,WHITE,64.38457,2.9002638
37,12,796.0,927.0,871.0,995.0,833.5,961.0,60,140,Team_B,WHITE,34.640987,45.134796
37,14,1050.0,926.0,1124.0,994.0,1087.0,960.0,60,140,Team_A,GREEN,46.47551,44.347347
37,2,465.0,430.0,573.0,661.0,519.0,545.5,60,140,Team_B,WHITE,15.677695,18.351856
37,5,492.0,516.0,665.0,750.0,578.5,633.0,60,140,EXCLUDED,UNKNOWN,19.45819,24.174175
37,22,519.0,431.0,624.0,663.0,571.5,547.0,60,140,EXCLUDED,UNKNOWN,18.309301,18.36443
37,20,1193.0,463.0,1280.0,704.0,1236.5,583.5,60,140,EXCLUDED,UNKNOWN,50.622147,19.669588
37,16,911.0,943.0,1003.0,978.0,957.0,960.5,60,140,Team_A,GREEN,40.44086,44.74806
38,4,1363.0,556.0,1483.0,784.0,1423.0,670.0,60,140,Team_B,WHITE,59.82394,24.966118
38,1,1223.0,453.0,1330.0,680.0,1276.5,566.5,60,140,EXCLUDED,UNKNOWN,52.359333,18.484873
38,10,1131.0,294.0,1199.0,497.0,1165.0,395.5,60,140,Team_A,GREEN,45.84684,7.2680826
38,8,361.0,505.0,453.0,772.0,407.0,638.5,60,140,EXCLUDED,UNKNOWN,10.966572,24.88896
38,9,1156.0,745.0,1247.0,910.0,1201.5,827.5,60,140,EXCLUDED,UNKNOWN,50.78087,35.586037
38,6,1478.0,667.0,1562.0,940.0,1520.0,803.5,60,140,Team_A,GREEN,65.084694,33.305645
38,11,1534.0,237.0,1603.0,440.0,1568.5,338.5,60,140,Team_B,WHITE,64.26021,3.0360012
38,5,488.0,519.0,661.0,750.0,574.5,634.5,60,140,EXCLUDED,UNKNOWN,19.274393,24.283142
38,12,796.0,927.0,871.0,995.0,833.5,961.0,60,140,Team_B,WHITE,34.640987,45.134796
38,14,1051.0,926.0,1124.0,994.0,1087.5,960.0,60,140,Team_A,GREEN,46.498596,44.345936
38,22,532.0,430.0,626.0,656.0,579.0,543.0,60,140,EXCLUDED,UNKNOWN,18.64469,18.079527
38,2,472.0,431.0,568.0,640.0,520.0,535.5,60,140,Team_B,WHITE,15.632153,17.667631
38,20,1188.0,456.0,1271.0,699.0,1229.5,577.5,60,140,EXCLUDED,UNKNOWN,50.251724,19.286915
38,16,912.0,943.0,1003.0,978.0,957.5,960.5,60,140,Team_A,GREEN,40.464222,44.746628
38,7,466.0,453.0,571.0,660.0,518.5,556.5,60,140,EXCLUDED,UNKNOWN,15.75771,19.102655
38,21,902.0,975.0,950.0,1000.0,926.0,987.5,60,140,EXCLUDED,UNKNOWN,39.203712,46.56264
39,4,1358.0,557.0,1477.0,786.0,1417.5,671.5,60,140,Team_B,WHITE,59.58347,25.073637
39,1,1217.0,453.0,1320.0,676.0,1268.5,564.5,60,140,EXCLUDED,UNKNOWN,51.97294,18.366575
39,9,1152.0,745.0,1244.0,910.0,1198.0,827.5,60,140,EXCLUDED,UNKNOWN,50.619644,35.594513
39,10,1128.0,293.0,1197.0,496.0,1162.5,394.5,60,140,Team_A,GREEN,45.720497,7.203645
39,6,1465.0,667.0,1549.0,941.0,1507.0,804.0,60,140,Team_A,GREEN,64.505165,33.36711
39,11,1531.0,236.0,1599.0,440.0,1565.0,338.0,60,140,Team_B,WHITE,64.096405,3.006031
39,8,362.0,500.0,464.0,771.0,413.0,635.5,60,140,EXCLUDED,UNKNOWN,11.238432,24.67323
39,14,1050.0,926.0,1124.0,994.0,1087.0,960.0,60,140,Team_A,GREEN,46.47551,44.347347
39,12,796.0,927.0,871.0,995.0,833.5,961.0,60,140,Team_B,WHITE,34.640987,45.134796
39,22,500.0,435.0,630.0,669.0,565.0,552.0,60,140,EXCLUDED,UNKNOWN,18.032963,18.715717
39,5,480.0,527.0,657.0,750.0,568.5,638.5,60,140,EXCLUDED,UNKNOWN,19.014893,24.564537
39,20,1188.0,453.0,1262.0,696.0,1225.0,574.5,60,140,EXCLUDED,UNKNOWN,50.019672,19.097076
39,16,911.0,943.0,1000.0,978.0,955.5,960.5,60,140,Team_A,GREEN,40.37076,44.75234
39,2,475.0,430.0,568.0,646.0,521.5,538.0,60,140,Team_B,WHITE,15.731043,17.835804
39,7,455.0,466.0,568.0,671.0,511.5,568.5,60,140,EXCLUDED,UNKNOWN,15.522615,19.932215
40,4,1356.0,556.0,1471.0,785.0,1413.5,670.5,60,140,Team_B,WHITE,59.39435,25.016771
40,1,1210.0,452.0,1319.0,673.0,1264.5,562.5,60,140,EXCLUDED,UNKNOWN,51.772324,18.241589
40,9,1149.0,745.0,1240.0,911.0,1194.5,828.0,60,140,EXCLUDED,UNKNOWN,50.462,35.63508
40,10,1127.0,291.0,1195.0,496.0,1161.0,393.5,60,140,Team_A,GREEN,45.641586,7.138043
40,11,1526.0,231.0,1595.0,440.0,1560.5,335.5,60,140,Team_B,WHITE,63.87341,2.843966
40,6,1456.0,666.0,1540.0,944.0,1498.0,805.0,60,140,Team_A,GREEN,64.1078,33.45121
40,8,359.0,481.0,475.0,770.0,417.0,625.5,60,140,EXCLUDED,UNKNOWN,11.341305,23.98619
40,14,1051.0,926.0,1124.0,994.0,1087.5,960.0,60,140,Team_A,GREEN,46.498596,44.345936
40,12,796.0,927.0,871.0,995.0,833.5,961.0,60,140,Team_B,WHITE,34.640987,45.134796
40,20,1179.0,451.0,1251.0,685.0,1215.0,568.0,60,140,EXCLUDED,UNKNOWN,49.504616,18.685696
40,22,489.0,431.0,635.0,677.0,562.0,554.0,60,140,EXCLUDED,UNKNOWN,17.902523,18.85693
40,5,463.0,525.0,653.0,751.0,558.0,638.0,60,140,EXCLUDED,UNKNOWN,18.490744,24.551779
40,7,447.0,465.0,567.0,670.0,507.0,567.5,60,140,EXCLUDED,UNKNOWN,15.288246,19.872158
40,16,911.0,943.0,1000.0,978.0,955.5,960.5,60,140,Team_A,GREEN,40.37076,44.75234
40,2,477.0,432.0,578.0,660.0,527.5,546.0,60,140,Team_B,WHITE,16.107145,18.37143
41,4,1351.0,557.0,1465.0,785.0,1408.0,671.0,60,140,Team_B,WHITE,59.14691,25.059721
41,1,1201.0,450.0,1310.0,674.0,1255.5,562.0,60,140,EXCLUDED,UNKNOWN,51.349735,18.22347
41,9,1145.0,745.0,1237.0,910.0,1191.0,827.5,60,140,EXCLUDED,UNKNOWN,50.29704,35.611477
41,10,1122.0,287.0,1192.0,494.0,1157.0,390.5,60,140,Team_A,GREEN,45.428486,6.940571
41,11,1522.0,232.0,1592.0,442.0,1557.0,337.0,60,140,Team_B,WHITE,63.722702,2.9469879
41,6,1444.0,664.0,1538.0,946.0,1491.0,805.0,60,140,Team_A,GREEN,63.7935,33.46728
41,8,354.0,475.0,436.0,770.0,395.0,622.5,60,140,EXCLUDED,UNKNOWN,10.205756,23.825775
41,22,556.0,434.0,649.0,661.0,602.5,547.5,60,140,EXCLUDED,UNKNOWN,19.853191,18.34562
41,5,462.0,507.0,646.0,750.0,554.0,628.5,60,140,EXCLUDED,UNKNOWN,18.20391,23.919003
41,14,1050.0,926.0,1125.0,994.0,1087.5,960.0,60,140,Team_A,GREEN,46.498596,44.345936
41,12,796.0,927.0,871.0,995.0,833.5,961.0,60,140,Team_B,WHITE,34.640987,45.134796
41,20,1174.0,448.0,1245.0,682.0,1209.5,565.0,60,140,EXCLUDED,UNKNOWN,49.22525,18.497068
41,2,468.0,436.0,579.0,677.0,523.5,556.5,60,140,Team_B,WHITE,16.007404,19.093937
41,16,911.0,943.0,1000.0,978.0,955.5,960.5,60,140,Team_A,GREEN,40.37076,44.75234
41,21,901.0,975.0,950.0,1000.0,925.5,987.5,60,140,EXCLUDED,UNKNOWN,39.180317,46.56411
42,4,1351.0,557.0,1454.0,785.0,1402.5,671.0,60,140,Team_B,WHITE,58.895954,25.070372
42,10,1120.0,286.0,1190.0,495.0,1155.0,390.5,60,140,Team_A,GREEN,45.333477,6.942839
42,11,1516.0,229.0,1589.0,442.0,1552.5,335.5,60,140,Team_B,WHITE,63.506126,2.8513765
42,8,349.0,460.0,433.0,766.0,391.0,613.0,60,140,EXCLUDED,UNKNOWN,9.910437,23.186947
42,9,1142.0,746.0,1234.0,911.0,1188.0,828.5,60,140,EXCLUDED,UNKNOWN,50.166004,35.682934
42,22,558.0,429.0,658.0,638.0,608.0,533.5,60,140,EXCLUDED,UNKNOWN,19.99602,17.38466
42,6,1433.0,677.0,1534.0,954.0,1483.5,815.5,60,140,Team_A,GREEN,63.524757,34.151
42,1,1188.0,445.0,1296.0,676.0,1242.0,560.5,60,140,EXCLUDED,UNKNOWN,50.709637,18.146854
42,14,1050.0,926.0,1124.0,994.0,1087.0,960.0,60,140,Team_A,GREEN,46.47551,44.347347
42,20,1172.0,446.0,1239.0,681.0,1205.5,563.5,60,140,EXCLUDED,UNKNOWN,49.027004,18.404764
42,12,796.0,927.0,871.0,995.0,833.5,961.0,60,140,Team_B,WHITE,34.640987,45.134796
42,5,452.0,500.0,631.0,750.0,541.5,625.0,60,140,EXCLUDED,UNKNOWN,17.551285,23.707205
42,16,911.0,943.0,1000.0,978.0,955.5,960.5,60,140,Team_A,GREEN,40.37076,44.75234
42,2,456.0,436.0,582.0,699.0,519.0,567.5,60,140,Team_B,WHITE,15.887547,19.850798
43,4,1348.0,558.0,1451.0,791.0,1399.5,674.5,60,140,Team_B,WHITE,58.782883,25.302416
43,1,1176.0,441.0,1284.0,675.0,1230.0,558.0,60,140,EXCLUDED,UNKNOWN,50.13129,18.001745
43,11,1512.0,228.0,1587.0,440.0,1549.5,334.0,60,140,Team_B,WHITE,63.358353,2.754326
43,10,1117.0,288.0,1187.0,495.0,1152.0,391.5,60,140,Team_A,GREEN,45.198677,7.013613
43,6,1407.0,678.0,1535.0,966.0,1471.0,822.0,60,140,Team_A,GREEN,63.00539,34.592552
43,9,1139.0,745.0,1232.0,911.0,1185.5,828.0,60,140,EXCLUDED,UNKNOWN,50.047066,35.65691
43,22,566.0,425.0,668.0,636.0,617.0,530.5,60,140,EXCLUDED,UNKNOWN,20.414442,17.16574
43,5,432.0,522.0,615.0,751.0,523.5,636.5,60,140,EXCLUDED,UNKNOWN,16.76597,24.519407
43,8,346.0,427.0,433.0,763.0,389.5,595.0,60,140,EXCLUDED,UNKNOWN,9.656487,21.962511
43,14,1050.0,926.0,1125.0,994.0,1087.5,960.0,60,140,Team_A,GREEN,46.498596,44.345936
43,12,796.0,927.0,871.0,995.0,833.5,961.0,60,140,Team_B,WHITE,34.640987,45.134796
43,2,442.0,435.0,582.0,680.0,512.0,557.5,60,140,Team_B,WHITE,15.442489,19.182148
43,16,911.0,943.0,1000.0,978.0,955.5,960.5,60,140,Team_A,GREEN,40.37076,44.75234
43,21,901.0,975.0,951.0,1000.0,926.0,987.5,60,140,EXCLUDED,UNKNOWN,39.203712,46.56264
44,5,402.0,489.0,592.0,761.0,497.0,625.0,60,140,EXCLUDED,UNKNOWN,15.338438,23.794445
44,4,1345.0,558.0,1442.0,797.0,1393.5,677.5,60,140,Team_B,WHITE,58.529453,25.508001
44,6,1390.0,680.0,1533.0,969.0,1461.5,824.5,60,140,Team_A,GREEN,62.59454,34.77349
44,1,1170.0,436.0,1275.0,676.0,1222.5,556.0,60,140,EXCLUDED,UNKNOWN,49.76618,17.88209
44,9,1137.0,745.0,1230.0,910.0,1183.5,827.5,60,140,EXCLUDED,UNKNOWN,49.951164,35.629665
44,10,1114.0,287.0,1185.0,494.0,1149.5,390.5,60,140,Team_A,GREEN,45.072117,6.9490786
44,11,1509.0,229.0,1585.0,441.0,1547.0,335.0,60,140,Team_B,WHITE,63.250134,2.8231955
44,8,342.0,399.0,437.0,755.0,389.5,577.0,60,140,EXCLUDED,UNKNOWN,9.477761,20.73269
44,14,1050.0,926.0,1124.0,994.0,1087.0,960.0,60,140,Team_A,GREEN,46.47551,44.347347
44,22,559.0,422.0,677.0,636.0,618.0,529.0,60,140,EXCLUDED,UNKNOWN,20.450129,17.062063
44,12,796.0,927.0,871.0,995.0,833.5,961.0,60,140,Team_B,WHITE,34.640987,45.134796
44,2,495.0,434.0,603.0,669.0,549.0,551.5,60,140,Team_B,WHITE,17.23175,18.709253
44,16,911.0,943.0,1000.0,978.0,955.5,960.5,60,140,Team_A,GREEN,40.37076,44.75234
44,7,445.0,437.0,578.0,669.0,511.5,553.0,60,140,EXCLUDED,UNKNOWN,15.37446,18.87627
44,21,902.0,975.0,951.0,1000.0,926.5,987.5,60,140,EXCLUDED,UNKNOWN,39.227104,46.561172
45,6,1383.0,686.0,1530.0,970.0,1456.5,828.0,60,140,Team_A,GREEN,62.39253,35.007328
45,5,393.0,500.0,569.0,766.0,481.0,633.0,60,140,EXCLUDED,UNKNOWN,14.617169,24.367567
45,4,1344.0,560.0,1439.0,804.0,1391.5,682.0,60,140,Team_B,WHITE,58.46889,25.802675
45,8,334.0,403.0,432.0,748.0,383.0,575.5,60,140,EXCLUDED,UNKNOWN,9.134403,20.641973
45,22,533.0,419.0,686.0,653.0,609.5,536.0,60,140,EXCLUDED,UNKNOWN,20.093586,17.552202
45,9,1135.0,745.0,1227.0,910.0,1181.0,827.5,60,140,EXCLUDED,UNKNOWN,49.835815,35.63573
45,11,1506.0,227.0,1582.0,442.0,1544.0,334.5,60,140,Team_B,WHITE,63.108925,2.7926874
45,10,1112.0,288.0,1186.0,494.0,1149.0,391.0,60,140,Team_A,GREEN,45.052227,6.983337
45,14,1050.0,926.0,1124.0,994.0,1087.0,960.0,60,140,Team_A,GREEN,46.47551,44.347347
45,12,796.0,927.0,871.0,995.0,833.5,961.0,60,140,Team_B,WHITE,34.640987,45.134796
45,2,497.0,435.0,604.0,659.0,550.5,547.0,60,140,Team_B,WHITE,17.263975,18.400272
45,20,1140.0,435.0,1270.0,677.0,1205.0,556.0,60,140,EXCLUDED,UNKNOWN,48.94774,17.910639
45,1,1159.0,436.0,1270.0,676.0,1214.5,556.0,60,140,EXCLUDED,UNKNOWN,49.3922,17.895134
45,16,911.0,943.0,1000.0,978.0,955.5,960.5,60,140,Team_A,GREEN,40.37076,44.75234
45,21,902.0,975.0,951.0,999.0,926.5,987.0,60,140,EXCLUDED,UNKNOWN,39.223156,46.529255
46,4,1340.0,563.0,1435.0,809.0,1387.5,686.0,60,140,Team_B,WHITE,58.313614,26.06894
46,22,543.0,417.0,692.0,645.0,617.5,531.0,60,140,EXCLUDED,UNKNOWN,20.443848,17.198925
46,6,1382.0,690.0,1528.0,973.0,1455.0,831.5,60,140,Team_A,GREEN,62.347996,35.232864
46,5,388.0,511.0,534.0,774.0,461.0,642.5,60,140,EXCLUDED,UNKNOWN,13.710106,25.050663
46,20,1136.0,426.0,1262.0,676.0,1199.0,551.0,60,140,EXCLUDED,UNKNOWN,48.629467,17.590158
46,8,331.0,410.0,426.0,743.0,378.5,576.5,60,140,EXCLUDED,UNKNOWN,8.916872,20.718637
46,11,1503.0,232.0,1579.0,442.0,1541.0,337.0,60,140,Team_B,WHITE,62.987694,2.961892
46,2,498.0,435.0,611.0,633.0,554.5,534.0,60,140,Team_B,WHITE,17.340513,17.507599
46,14,1050.0,926.0,1124.0,994.0,1087.0,960.0,60,140,Team_A,GREEN,46.47551,44.347347
46,12,796.0,926.0,871.0,995.0,833.5,960.5,60,140,Team_B,WHITE,34.636898,45.10266
46,10,1111.0,288.0,1182.0,488.0,1146.5,388.0,60,140,Team_A,GREEN,44.910103,6.783981
46,9,1133.0,745.0,1225.0,911.0,1179.0,828.0,60,140,EXCLUDED,UNKNOWN,49.747177,35.672688
46,16,911.0,943.0,1000.0,978.0,955.5,960.5,60,140,Team_A,GREEN,40.37076,44.75234
46,21,902.0,974.0,951.0,1000.0,926.5,987.0,60,140,EXCLUDED,UNKNOWN,39.223156,46.529255
47,4,1331.0,566.0,1431.0,818.0,1381.0,692.0,60,140,Team_B,WHITE,58.057873,26.469307
47,22,558.0,416.0,702.0,642.0,630.0,529.0,60,140,EXCLUDED,UNKNOWN,21.044542,17.042389
47,5,388.0,528.0,520.0,779.0,454.0,653.5,60,140,EXCLUDED,UNKNOWN,13.466507,25.809008
47,8,331.0,445.0,420.0,743.0,375.5,594.0,60,140,EXCLUDED,UNKNOWN,8.939739,21.92068
47,6,1384.0,694.0,1524.0,974.0,1454.0,834.0,60,140,Team_A,GREEN,62.319405,35.39376
47,2,496.0,435.0,600.0,615.0,548.0,525.0,60,140,Team_B,WHITE,16.931122,16.904226
47,11,1503.0,233.0,1577.0,442.0,1540.0,337.5,60,140,Team_B,WHITE,62.945057,2.9961066
47,20,1132.0,424.0,1237.0,669.0,1184.5,546.5,60,140,EXCLUDED,UNKNOWN,47.9159,17.316044
47,14,1050.0,926.0,1124.0,994.0,1087.0,960.0,60,140,Team_A,GREEN,46.47551,44.347347
47,12,796.0,926.0,871.0,995.0,833.5,960.5,60,140,Team_B,WHITE,34.636898,45.10266
47,9,1132.0,745.0,1223.0,910.0,1177.5,827.5,60,140,EXCLUDED,UNKNOWN,49.67429,35.644226
47,10,1111.0,289.0,1186.0,494.0,1148.5,391.5,60,140,Team_A,GREEN,45.032337,7.0175953
47,1,1135.0,427.0,1255.0,637.0,1195.0,532.0,60,140,EXCLUDED,UNKNOWN,48.29968,16.33972
47,16,911.0,943.0,1000.0,978.0,955.5,960.5,60,140,Team_A,GREEN,40.37076,44.75234
47,21,902.0,975.0,951.0,999.0,926.5,987.0,60,140,EXCLUDED,UNKNOWN,39.223156,46.529255
48,9,1128.0,746.0,1222.0,910.0,1175.0,828.0,60,140,EXCLUDED,UNKNOWN,49.562542,35.682404
48,4,1322.0,570.0,1425.0,816.0,1373.5,693.0,60,140,Team_B,WHITE,57.722088,26.548897
48,6,1383.0,696.0,1518.0,973.0,1450.5,834.5,60,140,Team_A,GREEN,62.165203,35.43381
48,5,381.0,533.0,516.0,786.0,448.5,659.5,60,140,EXCLUDED,UNKNOWN,13.249683,26.225979
48,22,576.0,417.0,713.0,640.0,644.5,528.5,60,140,EXCLUDED,UNKNOWN,21.757296,16.984674
48,11,1500.0,234.0,1575.0,441.0,1537.5,337.5,60,140,Team_B,WHITE,62.830105,2.9984415
48,2,494.0,436.0,594.0,625.0,544.0,530.5,60,140,Team_B,WHITE,16.783627,17.286276
48,8,326.0,454.0,418.0,742.0,372.0,598.0,60,140,EXCLUDED,UNKNOWN,8.802785,22.200504
48,1,1136.0,426.0,1246.0,631.0,1191.0,528.5,60,140,EXCLUDED,UNKNOWN,48.08567,16.114109
48,14,1050.0,926.0,1124.0,994.0,1087.0,960.0,60,140,Team_A,GREEN,46.47551,44.347347
48,20,1130.0,424.0,1226.0,663.0,1178.0,543.5,60,140,EXCLUDED,UNKNOWN,47.588192,17.127958
48,12,796.0,927.0,871.0,995.0,833.5,961.0,60,140,Team_B,WHITE,34.640987,45.134796
48,10,1108.0,291.0,1174.0,496.0,1141.0,393.5,60,140,Team_A,GREEN,44.69125,7.1609216
48,16,911.0,943.0,1000.0,978.0,955.5,960.5,60,140,Team_A,GREEN,40.37076,44.75234
48,21,902.0,975.0,951.0,1000.0,926.5,987.5,60,140,EXCLUDED,UNKNOWN,39.227104,46.561172
49,22,613.0,416.0,727.0,640.0,670.0,528.0,60,140,EXCLUDED,UNKNOWN,23.011898,16.909107
49,9,1126.0,747.0,1220.0,911.0,1173.0,829.0,60,140,EXCLUDED,UNKNOWN,49.477528,35.751484
49,6,1377.0,696.0,1509.0,970.0,1443.0,833.0,60,140,Team_A,GREEN,61.81769,35.35657
49,4,1315.0,575.0,1419.0,820.0,1367.0,697.5,60,140,Team_B,WHITE,57.455956,26.85253
49,11,1498.0,234.0,1574.0,441.0,1536.0,337.5,60,140,Team_B,WHITE,62.76112,2.9998426
49,8,323.0,463.0,428.0,746.0,375.5,604.5,60,140,EXCLUDED,UNKNOWN,9.044326,22.637484
49,12,796.0,927.0,871.0,995.0,833.5,961.0,60,140,Team_B,WHITE,34.640987,45.134796
49,20,1131.0,423.0,1220.0,661.0,1175.5,542.0,60,140,EXCLUDED,UNKNOWN,47.459457,17.032652
49,14,1050.0,926.0,1124.0,994.0,1087.0,960.0,60,140,Team_A,GREEN,46.47551,44.347347
49,2,490.0,437.0,582.0,631.0,536.0,534.0,60,140,Team_B,WHITE,16.41746,17.538458
49,5,386.0,540.0,509.0,788.0,447.5,664.0,60,140,EXCLUDED,UNKNOWN,13.243186,26.532116
49,1,1131.0,422.0,1236.0,635.0,1183.5,528.5,60,140,EXCLUDED,UNKNOWN,47.73345,16.125755
49,10,1107.0,293.0,1174.0,503.0,1140.5,398.0,60,140,Team_A,GREEN,44.702442,7.4646683
49,16,911.0,943.0,1000.0,978.0,955.5,960.5,60,140,Team_A,GREEN,40.37076,44.75234
49,21,902.0,975.0,951.0,1000.0,926.5,987.5,60,140,EXCLUDED,UNKNOWN,39.227104,46.561172
50,4,1312.0,580.0,1419.0,823.0,1365.5,701.5,60,140,Team_B,WHITE,57.414948,27.11377
50,22,628.0,415.0,742.0,640.0,685.0,527.5,60,140,EXCLUDED,UNKNOWN,23.746641,16.850775
50,6,1366.0,694.0,1500.0,971.0,1433.0,832.5,60,140,Team_A,GREEN,61.363815,35.34869
50,9,1123.0,747.0,1219.0,911.0,1171.0,829.0,60,140,EXCLUDED,UNKNOWN,49.38517,35.756348
50,11,1497.0,234.0,1571.0,440.0,1534.0,337.0,60,140,Team_B,WHITE,62.665783,2.9684196
50,20,1124.0,420.0,1227.0,658.0,1175.5,539.0,60,140,EXCLUDED,UNKNOWN,47.43681,16.833994
50,12,796.0,927.0,871.0,995.0,833.5,961.0,60,140,Team_B,WHITE,34.640987,45.134796
50,14,1050.0,926.0,1124.0,994.0,1087.0,960.0,60,140,Team_A,GREEN,46.47551,44.347347
50,8,319.0,471.0,413.0,748.0,366.0,609.5,60,140,EXCLUDED,UNKNOWN,8.614392,22.99695
50,5,375.0,540.0,488.0,790.0,431.5,665.0,60,140,EXCLUDED,UNKNOWN,12.453161,26.633286
50,10,1104.0,296.0,1174.0,497.0,1139.0,396.5,60,140,Team_A,GREEN,44.61945,7.3653584
50,7,423.0,441.0,580.0,670.0,501.5,555.5,60,140,EXCLUDED,UNKNOWN,14.898255,19.064137
50,16,911.0,943.0,1000.0,978.0,955.5,960.5,60,140,Team_A,GREEN,40.37076,44.75234
50,1,1121.0,422.0,1235.0,633.0,1178.0,527.5,60,140,EXCLUDED,UNKNOWN,47.467445,16.068
50,2,492.0,436.0,581.0,631.0,536.5,533.5,60,140,Team_B,WHITE,16.437675,17.503498
50,21,902.0,975.0,951.0,999.0,926.5,987.0,60,140,EXCLUDED,UNKNOWN,39.223156,46.529255
51,6,1360.0,690.0,1493.0,974.0,1426.5,832.0,60,140,Team_A,GREEN,61.067398,35.332455
51,22,630.0,413.0,766.0,641.0,698.0,527.0,60,140,EXCLUDED,UNKNOWN,24.381998,16.795767
51,9,1121.0,747.0,1218.0,911.0,1169.5,829.0,60,140,EXCLUDED,UNKNOWN,49.315895,35.76
51,20,1114.0,416.0,1232.0,650.0,1173.0,533.0,60,140,EXCLUDED,UNKNOWN,47.27397,16.440409
51,11,1493.0,232.0,1571.0,441.0,1532.0,336.5,60,140,Team_B,WHITE,62.57042,2.9369888
51,10,1098.0,304.0,1170.0,490.0,1134.0,397.0,60,140,Team_A,GREEN,44.38548,7.404825
51,8,307.0,475.0,426.0,749.0,366.5,612.0,60,140,EXCLUDED,UNKNOWN,8.664594,23.1665
51,4,1313.0,591.0,1418.0,831.0,1365.5,711.0,60,140,Team_B,WHITE,57.480392,27.72658
51,12,796.0,927.0,871.0,995.0,833.5,961.0,60,140,Team_B,WHITE,34.640987,45.134796
51,14,1050.0,926.0,1124.0,994.0,1087.0,960.0,60,140,Team_A,GREEN,46.47551,44.347347
51,7,460.0,439.0,583.0,672.0,521.5,555.5,60,140,EXCLUDED,UNKNOWN,15.898009,19.029295
51,5,379.0,540.0,483.0,791.0,431.0,665.5,60,140,EXCLUDED,UNKNOWN,12.433005,26.668133
51,16,911.0,943.0,1000.0,978.0,955.5,960.5,60,140,Team_A,GREEN,40.37076,44.75234
51,21,902.0,975.0,951.0,1000.0,926.5,987.5,60,140,EXCLUDED,UNKNOWN,39.227104,46.561172
52,22,632.0,410.0,786.0,639.0,709.0,524.5,60,140,EXCLUDED,UNKNOWN,24.900398,16.60853
52,9,1119.0,747.0,1216.0,910.0,1167.5,828.5,60,140,EXCLUDED,UNKNOWN,49.219837,35.732746
52,4,1299.0,593.0,1405.0,828.0,1352.0,710.5,60,140,Team_B,WHITE,56.859787,27.72212
52,6,1356.0,687.0,1487.0,971.0,1421.5,829.0,60,140,Team_A,GREEN,60.82187,35.153847
52,20,1104.0,415.0,1227.0,649.0,1165.5,532.0,60,140,EXCLUDED,UNKNOWN,46.91367,16.38587
52,11,1493.0,234.0,1570.0,441.0,1531.5,337.5,60,140,Team_B,WHITE,62.55411,3.0040472
52,5,372.0,539.0,477.0,790.0,424.5,664.5,60,140,EXCLUDED,UNKNOWN,12.09805,26.614202
52,10,1093.0,308.0,1169.0,500.0,1131.0,404.0,60,140,Team_A,GREEN,44.297283,7.879864
52,12,796.0,927.0,871.0,995.0,833.5,961.0,60,140,Team_B,WHITE,34.640987,45.134796
52,14,1050.0,926.0,1124.0,994.0,1087.0,960.0,60,140,Team_A,GREEN,46.47551,44.347347
52,8,295.0,481.0,394.0,758.0,344.5,619.5,60,140,EXCLUDED,UNKNOWN,7.6276,23.721209
52,16,911.0,943.0,1000.0,978.0,955.5,960.5,60,140,Team_A,GREEN,40.37076,44.75234
52,7,456.0,440.0,583.0,675.0,519.5,557.5,60,140,EXCLUDED,UNKNOWN,15.817195,19.16904
53,22,633.0,408.0,807.0,639.0,720.0,523.5,60,140,EXCLUDED,UNKNOWN,25.431797,16.523066
53,9,1117.0,747.0,1215.0,910.0,1166.0,828.5,60,140,EXCLUDED,UNKNOWN,49.150536,35.736397
53,4,1296.0,597.0,1397.0,829.0,1346.5,713.0,60,140,Team_B,WHITE,56.625473,27.894756
53,6,1343.0,685.0,1479.0,971.0,1411.0,828.0,60,140,Team_A,GREEN,60.34104,35.115273
53,20,1096.0,416.0,1216.0,640.0,1156.0,528.0,60,140,EXCLUDED,UNKNOWN,46.436054,16.135347
53,11,1493.0,234.0,1568.0,443.0,1530.5,338.5,60,140,Team_B,WHITE,62.5148,3.0715702
53,8,284.0,489.0,423.0,767.0,353.5,628.0,60,140,EXCLUDED,UNKNOWN,8.167757,24.282717
53,14,1050.0,926.0,1124.0,994.0,1087.0,960.0,60,140,Team_A,GREEN,46.47551,44.347347
53,12,796.0,927.0,871.0,995.0,833.5,961.0,60,140,Team_B,WHITE,34.640987,45.134796
53,10,1085.0,312.0,1171.0,508.0,1128.0,410.0,60,140,Team_A,GREEN,44.201332,8.287373
53,5,380.0,538.0,471.0,791.0,425.5,664.5,60,140,EXCLUDED,UNKNOWN,12.148102,26.612099
53,16,911.0,943.0,1000.0,978.0,955.5,960.5,60,140,Team_A,GREEN,40.37076,44.75234
53,7,436.0,442.0,584.0,686.0,510.0,564.0,60,140,EXCLUDED,UNKNOWN,15.404683,19.628492
53,1,1081.0,408.0,1184.0,608.0,1132.5,508.0,60,140,EXCLUDED,UNKNOWN,45.174088,14.841749
54,22,638.0,403.0,815.0,639.0,726.5,521.0,60,140,EXCLUDED,UNKNOWN,25.728552,16.343288
54,9,1117.0,748.0,1213.0,910.0,1165.0,829.0,60,140,EXCLUDED,UNKNOWN,49.108,35.77095
54,8,267.0,498.0,385.0,772.0,326.0,635.0,60,140,EXCLUDED,UNKNOWN,6.8472977,24.815092
54,4,1296.0,598.0,1393.0,830.0,1344.5,714.0,60,140,Team_B,WHITE,56.540886,27.963408
54,6,1343.0,685.0,1476.0,972.0,1409.5,828.5,60,140,Team_A,GREEN,60.276608,35.15062
54,5,355.0,534.0,479.0,792.0,417.0,663.0,60,140,EXCLUDED,UNKNOWN,11.707881,26.528505
54,20,1091.0,416.0,1211.0,632.0,1151.0,524.0,60,140,EXCLUDED,UNKNOWN,46.16996,15.877542
54,11,1494.0,232.0,1565.0,442.0,1529.5,337.0,60,140,Team_B,WHITE,62.45873,2.972618
54,12,796.0,927.0,871.0,995.0,833.5,961.0,60,140,Team_B,WHITE,34.640987,45.134796
54,14,1050.0,926.0,1123.0,994.0,1086.5,960.0,60,140,Team_A,GREEN,46.452423,44.348755
54,7,435.0,441.0,588.0,698.0,511.5,569.5,60,140,EXCLUDED,UNKNOWN,15.532165,20.000278
54,10,1079.0,312.0,1168.0,503.0,1123.5,407.5,60,140,Team_A,GREEN,43.96769,8.124439
54,1,1065.0,408.0,1195.0,623.0,1130.0,515.5,60,140,EXCLUDED,UNKNOWN,45.113705,15.344715
54,2,493.0,438.0,590.0,645.0,541.5,541.5,60,140,Team_B,WHITE,16.763197,18.040806
54,16,911.0,943.0,1000.0,978.0,955.5,960.5,60,140,Team_A,GREEN,40.37076,44.75234
54,21,902.0,975.0,951.0,999.0,926.5,987.0,60,140,EXCLUDED,UNKNOWN,39.223156,46.529255
55,22,646.0,400.0,827.0,637.0,736.5,518.5,60,140,EXCLUDED,UNKNOWN,26.19686,16.15801
55,8,263.0,505.0,377.0,775.0,320.0,640.0,60,140,EXCLUDED,UNKNOWN,6.5939436,25.168037
55,9,1115.0,748.0,1211.0,911.0,1163.0,829.5,60,140,EXCLUDED,UNKNOWN,49.019257,35.80794
55,4,1299.0,598.0,1391.0,830.0,1345.0,714.0,60,140,Team_B,WHITE,56.563766,27.962372
55,5,353.0,530.0,482.0,792.0,417.5,661.0,60,140,EXCLUDED,UNKNOWN,11.713418,26.392136
55,6,1340.0,687.0,1470.0,973.0,1405.0,830.0,60,140,Team_A,GREEN,60.08327,35.256676
55,7,450.0,440.0,594.0,676.0,522.0,558.0,60,140,EXCLUDED,UNKNOWN,15.9468,19.19873
55,20,1084.0,415.0,1203.0,628.0,1143.5,521.5,60,140,EXCLUDED,UNKNOWN,45.79718,15.723023
55,11,1493.0,231.0,1562.0,442.0,1527.5,336.5,60,140,Team_B,WHITE,62.363323,2.9411814
55,14,1050.0,926.0,1123.0,994.0,1086.5,960.0,60,140,Team_A,GREEN,46.452423,44.348755
55,12,796.0,927.0,871.0,995.0,833.5,961.0,60,140,Team_B,WHITE,34.640987,45.134796
55,10,1080.0,313.0,1168.0,483.0,1124.0,398.0,60,140,Team_A,GREEN,43.917248,7.483808
55,16,911.0,943.0,1000.0,978.0,955.5,960.5,60,140,Team_A,GREEN,40.37076,44.75234
55,1,1053.0,403.0,1141.0,580.0,1097.0,491.5,60,140,EXCLUDED,UNKNOWN,43.364532,13.793669
56,22,657.0,398.0,845.0,637.0,751.0,517.5,60,140,EXCLUDED,UNKNOWN,26.898556,16.067297
56,8,244.0,509.0,378.0,775.0,311.0,642.0,60,140,EXCLUDED,UNKNOWN,6.1582246,25.322773
56,9,1113.0,748.0,1209.0,911.0,1161.0,829.5,60,140,EXCLUDED,UNKNOWN,48.92682,35.812813
56,20,1084.0,417.0,1200.0,615.0,1142.0,516.0,60,140,EXCLUDED,UNKNOWN,45.684254,15.359714
56,6,1344.0,690.0,1464.0,974.0,1404.0,832.0,60,140,Team_A,GREEN,60.05146,35.386173
56,4,1304.0,599.0,1391.0,831.0,1347.5,715.0,60,140,Team_B,WHITE,56.685097,28.021698
56,5,350.0,527.0,484.0,793.0,417.0,660.0,60,140,EXCLUDED,UNKNOWN,11.678611,26.32551
56,11,1491.0,233.0,1560.0,441.0,1525.5,337.0,60,140,Team_B,WHITE,62.27461,2.9763515
56,7,444.0,439.0,598.0,666.0,521.0,552.5,60,140,EXCLUDED,UNKNOWN,15.844435,18.825727
56,14,1050.0,926.0,1124.0,994.0,1087.0,960.0,60,140,Team_A,GREEN,46.47551,44.347347
56,12,796.0,927.0,871.0,995.0,833.5,961.0,60,140,Team_B,WHITE,34.640987,45.134796
56,1,1045.0,400.0,1139.0,578.0,1092.0,489.0,60,140,EXCLUDED,UNKNOWN,43.10754,13.633852
56,10,1085.0,315.0,1168.0,470.0,1126.5,392.5,60,140,Team_A,GREEN,43.99332,7.1101
56,16,911.0,943.0,1000.0,978.0,955.5,960.5,60,140,Team_A,GREEN,40.37076,44.75234
56,21,902.0,975.0,951.0,999.0,926.5,987.0,60,140,EXCLUDED,UNKNOWN,39.223156,46.529255
57,22,675.0,402.0,856.0,640.0,765.5,521.0,60,140,EXCLUDED,UNKNOWN,27.63894,16.281069
57,8,235.0,511.0,371.0,776.0,303.0,643.5,60,140,EXCLUDED,UNKNOWN,5.767862,25.441465
57,9,1113.0,748.0,1205.0,910.0,1159.0,829.0,60,140,EXCLUDED,UNKNOWN,48.830685,35.78556
57,4,1303.0,597.0,1389.0,830.0,1346.0,713.5,60,140,Team_B,WHITE,56.60606,27.928047
57,5,339.0,522.0,493.0,792.0,416.0,657.0,60,140,EXCLUDED,UNKNOWN,11.599215,26.124527
57,6,1335.0,694.0,1461.0,975.0,1398.0,834.5,60,140,Team_A,GREEN,59.796967,35.55941
57,20,1075.0,418.0,1191.0,611.0,1133.0,514.5,60,140,EXCLUDED,UNKNOWN,45.24775,15.273621
57,7,452.0,439.0,601.0,663.0,526.5,551.0,60,140,EXCLUDED,UNKNOWN,16.104816,18.713991
57,11,1490.0,235.0,1558.0,440.0,1524.0,337.5,60,140,Team_B,WHITE,62.208908,3.0110586
57,14,1049.0,926.0,1124.0,994.0,1086.5,960.0,60,140,Team_A,GREEN,46.452423,44.348755
57,12,796.0,927.0,871.0,995.0,833.5,961.0,60,140,Team_B,WHITE,34.640987,45.134796
57,1,1038.0,395.0,1130.0,580.0,1084.0,487.5,60,140,EXCLUDED,UNKNOWN,42.715614,13.545116
57,10,1074.0,318.0,1168.0,499.0,1121.0,408.5,60,140,Team_A,GREEN,43.856495,8.194759
57,16,911.0,943.0,1000.0,978.0,955.5,960.5,60,140,Team_A,GREEN,40.37076,44.75234
57,21,902.0,975.0,951.0,999.0,926.5,987.0,60,140,EXCLUDED,UNKNOWN,39.223156,46.529255
58,22,695.0,397.0,859.0,639.0,777.0,518.0,60,140,EXCLUDED,UNKNOWN,28.174627,16.059978
58,8,238.0,510.0,370.0,777.0,304.0,643.5,60,140,EXCLUDED,UNKNOWN,5.818573,25.439405
58,9,1110.0,748.0,1203.0,910.0,1156.5,829.0,60,140,EXCLUDED,UNKNOWN,48.715088,35.79165
58,5,337.0,517.0,480.0,792.0,408.5,654.5,60,140,EXCLUDED,UNKNOWN,11.1987095,25.9708
58,4,1300.0,595.0,1388.0,830.0,1344.0,712.5,60,140,Team_B,WHITE,56.507587,27.867662
58,6,1328.0,699.0,1468.0,976.0,1398.0,837.5,60,140,Team_A,GREEN,59.81709,35.75003
58,7,454.0,436.0,601.0,661.0,527.5,548.5,60,140,EXCLUDED,UNKNOWN,16.130949,18.541872
58,20,1079.0,419.0,1181.0,611.0,1130.0,515.0,60,140,EXCLUDED,UNKNOWN,45.109856,15.311446
58,11,1487.0,234.0,1556.0,441.0,1521.5,337.5,60,140,Team_B,WHITE,62.093784,3.013397
58,14,1050.0,926.0,1123.0,994.0,1086.5,960.0,60,140,Team_A,GREEN,46.452423,44.348755
58,12,796.0,927.0,871.0,995.0,833.5,961.0,60,140,Team_B,WHITE,34.640987,45.134796
58,1,1029.0,392.0,1119.0,581.0,1074.0,486.5,60,140,EXCLUDED,UNKNOWN,42.2321,13.492638
58,16,911.0,943.0,1000.0,978.0,955.5,960.5,60,140,Team_A,GREEN,40.37076,44.75234
58,10,1075.0,322.0,1165.0,534.0,1120.0,428.0,60,140,Team_A,GREEN,43.961246,9.507743
59,22,719.0,386.0,871.0,639.0,795.0,512.5,60,140,EXCLUDED,UNKNOWN,29.005262,15.659902
59,8,244.0,509.0,365.0,778.0,304.5,643.5,60,140,EXCLUDED,UNKNOWN,5.8439264,25.438375
59,9,1108.0,749.0,1200.0,911.0,1154.0,830.0,60,140,EXCLUDED,UNKNOWN,48.606846,35.862007
59,6,1317.0,704.0,1458.0,973.0,1387.5,838.5,60,140,Team_A,GREEN,59.348904,35.838867
59,4,1298.0,595.0,1385.0,831.0,1341.5,713.0,60,140,Team_B,WHITE,56.396618,27.905094
59,5,334.0,516.0,490.0,792.0,412.0,654.0,60,140,EXCLUDED,UNKNOWN,11.369361,25.929672
59,11,1485.0,232.0,1553.0,441.0,1519.0,336.5,60,140,Team_B,WHITE,61.9719,2.9491053
59,20,1069.0,416.0,1174.0,610.0,1121.5,513.0,60,140,EXCLUDED,UNKNOWN,44.692577,15.19123
59,12,796.0,927.0,871.0,995.0,833.5,961.0,60,140,Team_B,WHITE,34.640987,45.134796
59,14,1050.0,926.0,1123.0,994.0,1086.5,960.0,60,140,Team_A,GREEN,46.452423,44.348755
59,7,472.0,435.0,603.0,659.0,537.5,547.0,60,140,EXCLUDED,UNKNOWN,16.615808,18.422497
59,1,1016.0,385.0,1113.0,587.0,1064.5,486.0,60,140,EXCLUDED,UNKNOWN,41.775856,13.472859
59,10,1075.0,327.0,1164.0,523.0,1119.5,425.0,60,140,Team_A,GREEN,43.914047,9.306732
59,16,911.0,943.0,1000.0,978.0,955.5,960.5,60,140,Team_A,GREEN,40.37076,44.75234
60,9,1106.0,749.0,1197.0,911.0,1151.5,830.0,60,140,EXCLUDED,UNKNOWN,48.491203,35.868107
60,22,751.0,375.0,881.0,640.0,816.0,507.5,60,140,EXCLUDED,UNKNOWN,29.985424,15.289427
60,8,248.0,508.0,358.0,780.0,303.0,644.0,60,140,EXCLUDED,UNKNOWN,5.7729373,25.475546
60,5,333.0,516.0,489.0,791.0,411.0,653.5,60,140,EXCLUDED,UNKNOWN,11.314319,25.897875
60,4,1297.0,593.0,1385.0,831.0,1341.0,712.0,60,140,Team_B,WHITE,56.366776,27.841595
60,20,1065.0,418.0,1170.0,611.0,1117.5,514.5,60,140,EXCLUDED,UNKNOWN,44.514957,15.297172
60,7,467.0,435.0,602.0,660.0,534.5,547.5,60,140,EXCLUDED,UNKNOWN,16.470867,18.461706
60,11,1481.0,231.0,1551.0,442.0,1516.0,336.5,60,140,Team_B,WHITE,61.83368,2.9519033
60,1,999.0,379.0,1104.0,579.0,1051.5,479.0,60,140,EXCLUDED,UNKNOWN,41.10054,13.022498
60,14,1050.0,927.0,1123.0,994.0,1086.5,960.5,60,140,Team_A,GREEN,46.456158,44.380543
60,12,796.0,927.0,871.0,995.0,833.5,961.0,60,140,Team_B,WHITE,34.640987,45.134796
60,6,1302.0,706.0,1456.0,975.0,1379.0,840.5,60,140,Team_A,GREEN,58.977646,35.98651
60,10,1067.0,332.0,1161.0,531.0,1114.0,431.5,60,140,Team_A,GREEN,43.703217,9.750493
60,16,911.0,943.0,1000.0,978.0,955.5,960.5,60,140,Team_A,GREEN,40.37076,44.75234
61,9,1103.0,750.0,1195.0,910.0,1149.0,830.0,60,140,EXCLUDED,UNKNOWN,48.375538,35.874207
61,5,323.0,517.0,495.0,790.0,409.0,653.5,60,140,EXCLUDED,UNKNOWN,11.214,25.902016
61,8,248.0,508.0,345.0,782.0,296.5,645.0,60,140,EXCLUDED,UNKNOWN,5.453378,25.55713
61,1,983.0,374.0,1091.0,568.0,1037.0,471.0,60,140,EXCLUDED,UNKNOWN,40.344177,12.506205
61,4,1294.0,592.0,1379.0,832.0,1336.5,712.0,60,140,Team_B,WHITE,56.160694,27.850891
61,22,784.0,371.0,890.0,641.0,837.0,506.0,60,140,EXCLUDED,UNKNOWN,30.994228,15.155812
61,7,470.0,433.0,602.0,660.0,536.0,546.5,60,140,EXCLUDED,UNKNOWN,16.536222,18.390987
61,20,1063.0,418.0,1168.0,611.0,1115.5,514.5,60,140,EXCLUDED,UNKNOWN,44.420326,15.300213
61,11,1478.0,234.0,1549.0,444.0,1513.5,339.0,60,140,Team_B,WHITE,61.735336,3.1208405
61,10,1065.0,338.0,1160.0,534.0,1112.5,436.0,60,140,Team_A,GREEN,43.667057,10.0547085
61,12,796.0,927.0,870.0,995.0,833.0,961.0,60,140,Team_B,WHITE,34.617355,45.136242
61,14,1050.0,927.0,1123.0,994.0,1086.5,960.5,60,140,Team_A,GREEN,46.456158,44.380543
61,6,1299.0,709.0,1456.0,976.0,1377.5,842.5,60,140,Team_A,GREEN,58.92324,36.11726
61,16,911.0,943.0,1000.0,977.0,955.5,960.0,60,140,Team_A,GREEN,40.366844,44.72037
62,5,319.0,519.0,513.0,792.0,416.0,655.5,60,140,EXCLUDED,UNKNOWN,11.584566,26.022964
62,22,797.0,354.0,898.0,643.0,847.5,498.5,60,140,EXCLUDED,UNKNOWN,31.440165,14.633434
62,8,244.0,509.0,330.0,787.0,287.0,648.0,60,140,EXCLUDED,UNKNOWN,5.0017247,25.781345
62,4,1288.0,590.0,1374.0,832.0,1331.0,711.0,60,140,Team_B,WHITE,55.901722,27.797688
62,9,1100.0,751.0,1192.0,910.0,1146.0,830.5,60,140,EXCLUDED,UNKNOWN,48.2404,35.913673
62,2,497.0,431.0,602.0,661.0,549.5,546.0,60,140,Team_B,WHITE,17.204695,18.333868
62,1,964.0,369.0,1083.0,560.0,1023.5,464.5,60,140,EXCLUDED,UNKNOWN,39.6461,12.088235
62,20,1062.0,416.0,1165.0,610.0,1113.5,513.0,60,140,EXCLUDED,UNKNOWN,44.314053,15.203357
62,11,1472.0,235.0,1548.0,444.0,1510.0,339.5,60,140,Team_B,WHITE,61.577393,3.1574545
62,10,1066.0,341.0,1164.0,534.0,1115.0,437.5,60,140,Team_A,GREEN,43.79767,10.152235
62,12,796.0,927.0,871.0,995.0,833.5,961.0,60,140,Team_B,WHITE,34.640987,45.134796
62,14,1050.0,926.0,1123.0,994.0,1086.5,960.0,60,140,Team_A,GREEN,46.452423,44.348755
62,6,1287.0,705.0,1455.0,980.0,1371.0,842.5,60,140,Team_A,GREEN,58.628834,36.133026
62,16,911.0,943.0,1001.0,977.0,956.0,960.0,60,140,Team_A,GREEN,40.390213,44.718945
63,5,320.0,522.0,526.0,795.0,423.0,658.5,60,140,EXCLUDED,UNKNOWN,11.964541,26.211477
63,4,1280.0,588.0,1370.0,833.0,1325.0,710.5,60,140,Team_B,WHITE,55.62316,27.777782
63,2,504.0,430.0,600.0,663.0,552.0,546.5,60,140,Team_B,WHITE,17.33399,18.363659
63,22,801.0,348.0,910.0,645.0,855.5,496.5,60,140,EXCLUDED,UNKNOWN,31.811596,14.486335
63,8,238.0,512.0,317.0,787.0,277.5,649.5,60,140,EXCLUDED,UNKNOWN,4.5344644,25.903404
63,9,1097.0,752.0,1189.0,910.0,1143.0,831.0,60,140,EXCLUDED,UNKNOWN,48.105232,35.953148
63,20,1055.0,416.0,1155.0,611.0,1105.0,513.5,60,140,EXCLUDED,UNKNOWN,43.915443,15.249566
63,1,952.0,364.0,1075.0,564.0,1013.5,464.0,60,140,EXCLUDED,UNKNOWN,39.163025,12.068407
63,11,1471.0,232.0,1544.0,444.0,1507.5,338.0,60,140,Team_B,WHITE,61.45199,3.0598314
63,12,796.0,927.0,871.0,994.0,833.5,960.5,60,140,Team_B,WHITE,34.636898,45.10266
63,6,1285.0,707.0,1451.0,980.0,1368.0,843.5,60,140,Team_A,GREEN,58.499676,36.20388
63,14,1050.0,927.0,1123.0,994.0,1086.5,960.5,60,140,Team_A,GREEN,46.456158,44.380543
63,10,1082.0,343.0,1167.0,546.0,1124.5,444.5,60,140,Team_A,GREEN,44.303642,10.609676
63,16,911.0,943.0,1000.0,977.0,955.5,960.0,60,140,Team_A,GREEN,40.366844,44.72037
64,5,322.0,523.0,530.0,797.0,426.0,660.0,60,140,EXCLUDED,UNKNOWN,12.129355,26.306705
64,22,802.0,337.0,923.0,643.0,862.5,490.0,60,140,EXCLUDED,UNKNOWN,32.095955,14.036925
64,4,1272.0,586.0,1366.0,830.0,1319.0,708.0,60,140,Team_B,WHITE,55.330402,27.628624
64,2,513.0,427.0,599.0,665.0,556.0,546.0,60,140,Team_B,WHITE,17.528524,18.322786
64,9,1094.0,753.0,1187.0,910.0,1140.5,831.5,60,140,EXCLUDED,UNKNOWN,47.99319,35.991405
64,6,1280.0,721.0,1448.0,984.0,1364.0,852.5,60,140,Team_A,GREEN,58.379494,36.78559
64,20,1039.0,411.0,1151.0,612.0,1095.0,511.5,60,140,EXCLUDED,UNKNOWN,43.42591,15.131438
64,11,1467.0,235.0,1542.0,444.0,1504.5,339.5,60,140,Team_B,WHITE,61.32379,3.1626396
64,8,230.0,515.0,311.0,793.0,270.5,654.0,60,140,EXCLUDED,UNKNOWN,4.224735,26.224916
64,12,796.0,927.0,871.0,994.0,833.5,960.5,60,140,Team_B,WHITE,34.636898,45.10266
64,10,1088.0,343.0,1172.0,562.0,1130.0,452.5,60,140,Team_A,GREEN,44.62681,11.138659
64,14,1050.0,927.0,1124.0,994.0,1087.0,960.5,60,140,Team_A,GREEN,46.479244,44.37913
64,1,937.0,363.0,1033.0,533.0,985.0,448.0,60,140,EXCLUDED,UNKNOWN,37.664333,11.029143
64,16,911.0,943.0,1000.0,977.0,955.5,960.0,60,140,Team_A,GREEN,40.366844,44.72037
65,5,323.0,524.0,516.0,799.0,419.5,661.5,60,140,EXCLUDED,UNKNOWN,11.8184805,26.42178
65,8,217.0,517.0,304.0,800.0,260.5,658.5,60,140,EXCLUDED,UNKNOWN,3.7623549,26.552837
65,2,508.0,425.0,598.0,667.0,553.0,546.0,60,140,Team_B,WHITE,17.37909,18.3279
65,9,1090.0,754.0,1185.0,910.0,1137.5,832.0,60,140,EXCLUDED,UNKNOWN,47.857967,36.030895
65,11,1463.0,236.0,1539.0,445.0,1501.0,340.5,60,140,Team_B,WHITE,61.16912,3.2326047
65,10,1091.0,343.0,1178.0,566.0,1134.5,454.5,60,140,Team_A,GREEN,44.855713,11.266619
65,22,809.0,321.0,939.0,641.0,874.0,481.0,60,140,EXCLUDED,UNKNOWN,32.57741,13.412008
65,20,1025.0,407.0,1143.0,612.0,1084.0,509.5,60,140,EXCLUDED,UNKNOWN,42.88834,15.014684
65,6,1268.0,716.0,1441.0,988.0,1354.5,852.0,60,140,Team_A,GREEN,57.945465,36.77715
65,12,796.0,927.0,871.0,994.0,833.5,960.5,60,140,Team_B,WHITE,34.636898,45.10266
65,14,1049.0,926.0,1124.0,994.0,1086.5,960.0,60,140,Team_A,GREEN,46.452423,44.348755
65,1,908.0,333.0,1033.0,535.0,970.5,434.0,60,140,EXCLUDED,UNKNOWN,36.850975,10.102504
65,16,911.0,943.0,1001.0,977.0,956.0,960.0,60,140,Team_A,GREEN,40.390213,44.718945
65,4,1272.0,580.0,1364.0,843.0,1318.0,711.5,60,140,Team_B,WHITE,55.30907,27.856846
66,5,328.0,523.0,519.0,800.0,423.5,661.5,60,140,EXCLUDED,UNKNOWN,12.018792,26.413403
66,2,488.0,424.0,596.0,671.0,542.0,547.5,60,140,Team_B,WHITE,16.845003,18.448866
66,6,1259.0,715.0,1429.0,988.0,1344.0,851.5,60,140,Team_A,GREEN,57.465645,36.77116
66,8,204.0,520.0,297.0,803.0,250.5,661.5,60,140,EXCLUDED,UNKNOWN,3.2843022,26.778631
66,4,1265.0,577.0,1359.0,765.0,1312.0,671.0,60,140,Team_B,WHITE,54.74828,25.246378
66,22,818.0,343.0,945.0,637.0,881.5,490.0,60,140,EXCLUDED,UNKNOWN,33.01736,14.008811
66,11,1462.0,241.0,1536.0,446.0,1499.0,343.5,60,140,Team_B,WHITE,61.097202,3.434465
66,20,1027.0,398.0,1134.0,612.0,1080.5,505.0,60,140,EXCLUDED,UNKNOWN,42.686806,14.719613
66,12,796.0,927.0,871.0,995.0,833.5,961.0,60,140,Team_B,WHITE,34.640987,45.134796
66,10,1093.0,344.0,1181.0,570.0,1137.0,457.0,60,140,Team_A,GREEN,44.993557,11.430646
66,14,1049.0,927.0,1124.0,994.0,1086.5,960.5,60,140,Team_A,GREEN,46.456158,44.380543
66,9,1089.0,755.0,1181.0,911.0,1135.0,833.0,60,140,EXCLUDED,UNKNOWN,47.749596,36.10132
66,1,896.0,311.0,1006.0,535.0,951.0,423.0,60,140,EXCLUDED,UNKNOWN,35.81853,9.382742
66,16,911.0,943.0,1001.0,977.0,956.0,960.0,60,140,Team_A,GREEN,40.390213,44.718945
67,5,334.0,522.0,517.0,800.0,425.5,661.0,60,140,EXCLUDED,UNKNOWN,12.114055,26.375397
67,8,195.0,523.0,292.0,806.0,243.5,664.5,60,140,EXCLUDED,UNKNOWN,2.9587781,26.998148
67,2,496.0,422.0,596.0,672.0,546.0,547.0,60,140,Team_B,WHITE,17.039701,18.407963
67,4,1263.0,573.0,1358.0,807.0,1310.5,690.0,60,140,Team_B,WHITE,54.81337,26.481281
67,6,1247.0,715.0,1416.0,990.0,1331.5,852.5,60,140,Team_A,GREEN,56.904766,36.86551
67,22,829.0,347.0,954.0,622.0,891.5,484.5,60,140,EXCLUDED,UNKNOWN,33.455235,13.622915
67,11,1458.0,240.0,1533.0,446.0,1495.5,343.0,60,140,Team_B,WHITE,60.93231,3.4044816
67,9,1084.0,755.0,1178.0,912.0,1131.0,833.5,60,140,EXCLUDED,UNKNOWN,47.56799,36.143284
67,20,1024.0,386.0,1124.0,613.0,1074.0,499.5,60,140,EXCLUDED,UNKNOWN,42.33461,14.361935
67,14,1050.0,927.0,1124.0,994.0,1087.0,960.5,60,140,Team_A,GREEN,46.479244,44.37913
67,12,796.0,927.0,871.0,994.0,833.5,960.5,60,140,Team_B,WHITE,34.636898,45.10266
67,10,1090.0,344.0,1184.0,573.0,1137.0,458.5,60,140,Team_A,GREEN,45.00515,11.531043
67,1,874.0,305.0,990.0,538.0,932.0,421.5,60,140,EXCLUDED,UNKNOWN,34.88676,9.30494
67,16,911.0,943.0,1001.0,977.0,956.0,960.0,60,140,Team_A,GREEN,40.390213,44.718945
68,5,339.0,520.0,509.0,800.0,424.0,660.0,60,140,EXCLUDED,UNKNOWN,12.029223,26.310883
68,8,188.0,525.0,286.0,808.0,237.0,666.5,60,140,EXCLUDED,UNKNOWN,2.6482778,27.14847
68,9,1079.0,757.0,1175.0,911.0,1127.0,834.0,60,140,EXCLUDED,UNKNOWN,47.386322,36.18526
68,4,1258.0,571.0,1354.0,807.0,1306.0,689.0,60,140,Team_B,WHITE,54.59937,26.425528
68,2,508.0,421.0,594.0,672.0,551.0,546.5,60,140,Team_B,WHITE,17.284166,18.365366
68,11,1455.0,238.0,1530.0,447.0,1492.5,342.5,60,140,Team_B,WHITE,60.790436,3.3740103
68,22,846.0,330.0,974.0,620.0,910.0,475.0,60,140,EXCLUDED,UNKNOWN,34.270565,12.954932
68,20,1011.0,377.0,1128.0,612.0,1069.5,494.5,60,140,EXCLUDED,UNKNOWN,42.08112,14.03433
68,14,1050.0,926.0,1124.0,994.0,1087.0,960.0,60,140,Team_A,GREEN,46.47551,44.347347
68,12,796.0,927.0,871.0,995.0,833.5,961.0,60,140,Team_B,WHITE,34.640987,45.134796
68,10,1085.0,344.0,1184.0,574.0,1134.5,459.0,60,140,Team_A,GREEN,44.890533,11.567876
68,24,926.0,302.0,959.0,339.0,942.5,320.5,60,140,EXCLUDED,UNKNOWN,34.54768,2.405562
68,6,1233.0,712.0,1402.0,982.0,1317.5,847.0,60,140,Team_A,GREEN,56.230118,36.549816
68,16,911.0,943.0,1001.0,977.0,956.0,960.0,60,140,Team_A,GREEN,40.390213,44.718945
69,5,340.0,518.0,502.0,799.0,421.0,658.5,60,140,EXCLUDED,UNKNOWN,11.86437,26.215645
69,8,180.0,528.0,279.0,810.0,229.5,669.0,60,140,EXCLUDED,UNKNOWN,2.2918446,27.335112
69,9,1075.0,757.0,1170.0,911.0,1122.5,834.0,60,140,EXCLUDED,UNKNOWN,47.177677,36.19632
69,4,1254.0,567.0,1354.0,803.0,1304.0,685.0,60,140,Team_B,WHITE,54.479076,26.17028
69,2,516.0,421.0,594.0,675.0,555.0,548.0,60,140,Team_B,WHITE,17.497583,18.460672
69,11,1452.0,239.0,1526.0,449.0,1489.0,344.0,60,140,Team_B,WHITE,60.639053,3.477363
69,12,796.0,927.0,871.0,995.0,833.5,961.0,60,140,Team_B,WHITE,34.640987,45.134796
69,14,1050.0,926.0,1124.0,994.0,1087.0,960.0,60,140,Team_A,GREEN,46.47551,44.347347
69,20,1005.0,368.0,1114.0,607.0,1059.5,487.5,60,140,EXCLUDED,UNKNOWN,41.549545,13.5805025
69,22,873.0,343.0,978.0,617.0,925.5,480.0,60,140,EXCLUDED,UNKNOWN,35.061405,13.270031
69,24,933.0,307.0,967.0,340.0,950.0,323.5,60,140,EXCLUDED,UNKNOWN,34.937954,2.6041377
69,10,1082.0,346.0,1183.0,575.0,1132.5,460.5,60,140,Team_A,GREEN,44.807343,11.670969
69,1,843.0,343.0,936.0,520.0,889.5,431.5,60,140,EXCLUDED,UNKNOWN,32.909412,10.037787
69,16,911.0,943.0,1003.0,978.0,957.0,960.5,60,140,Team_A,GREEN,40.44086,44.74806
69,6,1222.0,710.0,1379.0,983.0,1300.5,846.5,60,140,Team_A,GREEN,55.452255,36.55964
70,5,343.0,514.0,494.0,795.0,418.5,654.5,60,140,EXCLUDED,UNKNOWN,11.700102,25.950066
70,8,173.0,531.0,273.0,812.0,223.0,671.5,60,140,EXCLUDED,UNKNOWN,1.9862686,27.51967
70,6,1216.0,707.0,1359.0,967.0,1287.5,837.0,60,140,Team_A,GREEN,54.79273,35.985363
70,9,1071.0,758.0,1166.0,911.0,1118.5,834.5,60,140,EXCLUDED,UNKNOWN,46.995884,36.23832
70,2,516.0,421.0,593.0,676.0,554.5,548.5,60,140,Team_B,WHITE,17.477398,18.49557
70,4,1252.0,564.0,1354.0,813.0,1303.0,688.5,60,140,Team_B,WHITE,54.45782,26.399143
70,1,812.0,339.0,910.0,525.0,861.0,432.0,60,140,EXCLUDED,UNKNOWN,31.526905,10.108691
70,20,996.0,357.0,1111.0,597.0,1053.5,477.0,60,140,EXCLUDED,UNKNOWN,41.180035,12.885575
70,11,1448.0,242.0,1521.0,450.0,1484.5,346.0,60,140,Team_B,WHITE,60.44487,3.6150327
70,10,1082.0,347.0,1184.0,575.0,1133.0,461.0,60,140,Team_A,GREEN,44.83491,11.7037525
70,14,1050.0,926.0,1124.0,994.0,1087.0,960.0,60,140,Team_A,GREEN,46.47551,44.347347
70,12,795.0,926.0,871.0,994.0,833.0,960.0,60,140,Team_B,WHITE,34.60917,45.071964
70,22,891.0,322.0,985.0,618.0,938.0,470.0,60,140,EXCLUDED,UNKNOWN,35.581467,12.577815
70,24,950.0,315.0,980.0,347.0,965.0,331.0,60,140,EXCLUDED,UNKNOWN,35.72981,3.103286
70,16,911.0,943.0,1003.0,977.0,957.0,960.0,60,140,Team_A,GREEN,40.436943,44.71609
71,5,346.0,512.0,487.0,792.0,416.5,652.0,60,140,EXCLUDED,UNKNOWN,11.575444,25.784887
71,6,1201.0,702.0,1335.0,969.0,1268.0,835.5,60,140,Team_A,GREEN,53.890804,35.936928
71,8,163.0,532.0,267.0,813.0,215.0,672.5,60,140,EXCLUDED,UNKNOWN,1.588406,27.605236
71,9,1067.0,760.0,1161.0,912.0,1114.0,836.0,60,140,EXCLUDED,UNKNOWN,46.798317,36.345905
71,1,787.0,339.0,918.0,521.0,852.5,430.0,60,140,EXCLUDED,UNKNOWN,31.09536,9.983699
71,2,511.0,422.0,595.0,677.0,553.0,549.5,60,140,Team_B,WHITE,17.412125,18.566221
71,4,1254.0,559.0,1351.0,809.0,1302.5,684.0,60,140,Team_B,WHITE,54.40297,26.108437
71,20,993.0,352.0,1110.0,587.0,1051.5,469.5,60,140,EXCLUDED,UNKNOWN,41.024845,12.38529
71,10,1077.0,352.0,1185.0,577.0,1131.0,464.5,60,140,Team_A,GREEN,44.76721,11.9406595
71,12,796.0,927.0,871.0,995.0,833.5,961.0,60,140,Team_B,WHITE,34.640987,45.134796
71,14,1050.0,926.0,1123.0,994.0,1086.5,960.0,60,140,Team_A,GREEN,46.452423,44.348755
71,22,905.0,362.0,987.0,635.0,946.0,498.5,60,140,EXCLUDED,UNKNOWN,36.203186,14.485413
71,24,955.0,326.0,990.0,361.0,972.5,343.5,60,140,EXCLUDED,UNKNOWN,36.197926,3.9502618
71,11,1444.0,243.0,1518.0,451.0,1481.0,347.0,60,140,Team_B,WHITE,60.290012,3.685088
71,16,911.0,943.0,1003.0,977.0,957.0,960.0,60,140,Team_A,GREEN,40.436943,44.71609
71,21,902.0,975.0,951.0,999.0,926.5,987.0,60,140,EXCLUDED,UNKNOWN,39.223156,46.529255
72,5,350.0,508.0,480.0,790.0,415.0,649.0,60,140,EXCLUDED,UNKNOWN,11.470914,25.584723
72,1,764.0,338.0,916.0,518.0,840.0,428.0,60,140,EXCLUDED,UNKNOWN,30.468071,9.86373
72,9,1063.0,761.0,1156.0,912.0,1109.5,836.5,60,140,EXCLUDED,UNKNOWN,46.5932,36.389175
72,8,157.0,535.0,263.0,815.0,210.0,675.0,60,140,EXCLUDED,UNKNOWN,1.3591574,27.786665
72,2,501.0,424.0,611.0,678.0,556.0,551.0,60,140,Team_B,WHITE,17.575665,18.663168
72,4,1250.0,555.0,1349.0,807.0,1299.5,681.0,60,140,Team_B,WHITE,54.243607,25.919838
72,20,1002.0,354.0,1113.0,566.0,1057.5,460.0,60,140,EXCLUDED,UNKNOWN,41.23559,11.739252
72,10,1081.0,357.0,1182.0,582.0,1131.5,469.5,60,140,Team_A,GREEN,44.829597,12.274382
72,22,919.0,365.0,1004.0,638.0,961.5,501.5,60,140,EXCLUDED,UNKNOWN,36.973297,14.663739
72,12,796.0,927.0,871.0,995.0,833.5,961.0,60,140,Team_B,WHITE,34.640987,45.134796
72,14,1051.0,927.0,1123.0,994.0,1087.0,960.5,60,140,Team_A,GREEN,46.479244,44.37913
72,6,1191.0,701.0,1305.0,968.0,1248.0,834.5,60,140,Team_A,GREEN,52.967762,35.9216
72,11,1440.0,243.0,1512.0,451.0,1476.0,347.0,60,140,Team_B,WHITE,60.058952,3.689929
72,16,911.0,943.0,1003.0,977.0,957.0,960.0,60,140,Team_A,GREEN,40.436943,44.71609
72,24,961.0,342.0,998.0,376.0,979.5,359.0,60,140,EXCLUDED,UNKNOWN,36.665726,5.0004797
72,21,902.0,974.0,951.0,1000.0,926.5,987.0,60,140,EXCLUDED,UNKNOWN,39.223156,46.529255
73,1,745.0,336.0,897.0,517.0,821.0,426.5,60,140,EXCLUDED,UNKNOWN,29.526308,9.786015
73,2,496.0,426.0,621.0,678.0,558.5,552.0,60,140,Team_B,WHITE,17.709538,18.726913
73,5,354.0,505.0,474.0,787.0,414.0,646.0,60,140,EXCLUDED,UNKNOWN,11.391417,25.38344
73,8,153.0,536.0,259.0,818.0,206.0,677.0,60,140,EXCLUDED,UNKNOWN,1.1757245,27.931835
73,9,1059.0,761.0,1151.0,913.0,1105.0,837.0,60,140,EXCLUDED,UNKNOWN,46.38801,36.432465
73,10,1079.0,358.0,1183.0,588.0,1131.0,473.0,60,140,Team_A,GREEN,44.832985,12.509053
73,4,1247.0,553.0,1347.0,802.0,1297.0,677.5,60,140,Team_B,WHITE,54.103634,25.697691
73,20,1004.0,349.0,1110.0,561.0,1057.0,455.0,60,140,EXCLUDED,UNKNOWN,41.17189,11.404034
73,22,934.0,364.0,1030.0,637.0,982.0,500.5,60,140,EXCLUDED,UNKNOWN,37.949226,14.565866
73,12,796.0,927.0,870.0,995.0,833.0,961.0,60,140,Team_B,WHITE,34.617355,45.136242
73,14,1051.0,927.0,1123.0,994.0,1087.0,960.5,60,140,Team_A,GREEN,46.479244,44.37913
73,6,1178.0,700.0,1285.0,913.0,1231.5,806.5,60,140,Team_A,GREEN,52.009995,34.16669
73,11,1435.0,242.0,1508.0,452.0,1471.5,347.0,60,140,Team_B,WHITE,59.850903,3.6942878
73,16,911.0,944.0,1003.0,977.0,957.0,960.5,60,140,Team_A,GREEN,40.44086,44.74806
73,21,902.0,975.0,950.0,1000.0,926.0,987.5,60,140,EXCLUDED,UNKNOWN,39.203712,46.56264
74,5,356.0,504.0,471.0,782.0,413.5,643.0,60,140,EXCLUDED,UNKNOWN,11.336974,25.18105
74,7,491.0,428.0,631.0,678.0,561.0,553.0,60,140,EXCLUDED,UNKNOWN,17.843363,18.790636
74,8,150.0,537.0,253.0,818.0,201.5,677.5,60,140,EXCLUDED,UNKNOWN,0.9510386,27.975796
74,1,730.0,340.0,869.0,517.0,799.5,428.5,60,140,EXCLUDED,UNKNOWN,28.490835,9.950114
74,9,1054.0,761.0,1147.0,912.0,1100.5,836.5,60,140,EXCLUDED,UNKNOWN,46.175217,36.4114
74,10,1078.0,366.0,1186.0,595.0,1132.0,480.5,60,140,Team_A,GREEN,44.93832,13.008728
74,20,994.0,345.0,1108.0,551.0,1051.0,448.0,60,140,EXCLUDED,UNKNOWN,40.829338,10.941417
74,4,1246.0,552.0,1347.0,799.0,1296.5,675.5,60,140,Team_B,WHITE,54.0664,25.568861
74,11,1427.0,238.0,1502.0,452.0,1464.5,345.0,60,140,Team_B,WHITE,59.513344,3.5676067
74,22,942.0,372.0,1030.0,640.0,986.0,506.0,60,140,EXCLUDED,UNKNOWN,38.18579,14.92874
74,6,1167.0,700.0,1281.0,913.0,1224.0,806.5,60,140,Team_A,GREEN,51.664967,34.184364
74,12,796.0,927.0,870.0,995.0,833.0,961.0,60,140,Team_B,WHITE,34.617355,45.136242
74,14,1051.0,927.0,1123.0,994.0,1087.0,960.5,60,140,Team_A,GREEN,46.479244,44.37913
74,16,911.0,944.0,1003.0,977.0,957.0,960.5,60,140,Team_A,GREEN,40.44086,44.74806
74,21,902.0,975.0,951.0,1000.0,926.5,987.5,60,140,EXCLUDED,UNKNOWN,39.227104,46.561172
75,5,354.0,504.0,466.0,777.0,410.0,640.5,60,140,EXCLUDED,UNKNOWN,11.136825,25.018593
75,7,485.0,430.0,637.0,679.0,561.0,554.5,60,140,EXCLUDED,UNKNOWN,17.857473,18.892668
75,8,146.0,539.0,246.0,818.0,196.0,678.5,60,140,EXCLUDED,UNKNOWN,0.68037724,28.056086
75,10,1077.0,372.0,1193.0,599.0,1135.0,485.5,60,140,Team_A,GREEN,45.11891,13.338257
75,1,707.0,334.0,837.0,518.0,772.0,426.0,60,140,EXCLUDED,UNKNOWN,27.118784,9.815019
75,4,1244.0,551.0,1345.0,799.0,1294.5,675.0,60,140,Team_B,WHITE,53.970684,25.540337
75,9,1049.0,761.0,1144.0,912.0,1096.5,836.5,60,140,EXCLUDED,UNKNOWN,45.989334,36.42128
75,11,1424.0,239.0,1497.0,450.0,1460.5,344.5,60,140,Team_B,WHITE,59.324753,3.5380838
75,6,1152.0,702.0,1282.0,913.0,1217.0,807.5,60,140,Team_A,GREEN,51.34995,34.265118
75,22,948.0,378.0,1035.0,644.0,991.5,511.0,60,140,EXCLUDED,UNKNOWN,38.4899,15.255468
75,12,796.0,927.0,870.0,995.0,833.0,961.0,60,140,Team_B,WHITE,34.617355,45.136242
75,14,1050.0,927.0,1123.0,994.0,1086.5,960.5,60,140,Team_A,GREEN,46.456158,44.380543
75,20,982.0,346.0,1089.0,545.0,1035.5,445.5,60,140,EXCLUDED,UNKNOWN,40.06772,10.793656
75,16,911.0,943.0,1003.0,977.0,957.0,960.0,60,140,Team_A,GREEN,40.436943,44.71609
75,21,902.0,975.0,951.0,1000.0,926.5,987.5,60,140,EXCLUDED,UNKNOWN,39.227104,46.561172
76,7,480.0,432.0,635.0,678.0,557.5,555.0,60,140,EXCLUDED,UNKNOWN,17.688015,18.932737
76,5,350.0,506.0,462.0,777.0,406.0,641.5,60,140,EXCLUDED,UNKNOWN,10.945794,25.094568
76,10,1068.0,378.0,1192.0,600.0,1130.0,489.0,60,140,Team_A,GREEN,44.909306,13.578994
76,8,139.0,540.0,239.0,818.0,189.0,679.0,60,140,EXCLUDED,UNKNOWN,0.327627,28.105581
76,4,1238.0,551.0,1342.0,801.0,1290.0,676.0,60,140,Team_B,WHITE,53.77038,25.614128
76,1,693.0,335.0,812.0,516.0,752.5,425.5,60,140,EXCLUDED,UNKNOWN,26.154814,9.806018
76,11,1417.0,240.0,1493.0,450.0,1455.0,345.0,60,140,Team_B,WHITE,59.073505,3.5767624
76,22,957.0,379.0,1048.0,653.0,1002.5,516.0,60,140,EXCLUDED,UNKNOWN,39.05677,15.573369
76,14,1050.0,928.0,1123.0,994.0,1086.5,961.0,60,140,Team_A,GREEN,46.45989,44.412327
76,9,1045.0,762.0,1139.0,912.0,1092.0,837.0,60,140,EXCLUDED,UNKNOWN,45.783913,36.4646
76,12,796.0,927.0,870.0,995.0,833.0,961.0,60,140,Team_B,WHITE,34.617355,45.136242
76,6,1144.0,704.0,1268.0,909.0,1206.0,806.5,60,140,Team_A,GREEN,50.83593,34.226837
76,20,970.0,344.0,1075.0,555.0,1022.5,449.5,60,140,EXCLUDED,UNKNOWN,39.477173,11.080257
76,16,911.0,943.0,1003.0,977.0,957.0,960.0,60,140,Team_A,GREEN,40.436943,44.71609
76,21,902.0,975.0,951.0,1000.0,926.5,987.5,60,140,EXCLUDED,UNKNOWN,39.227104,46.561172
77,5,343.0,509.0,467.0,777.0,405.0,643.0,60,140,EXCLUDED,UNKNOWN,10.910298,25.198376
77,7,476.0,434.0,630.0,679.0,553.0,556.5,60,140,EXCLUDED,UNKNOWN,17.478153,19.042583
77,4,1233.0,553.0,1340.0,802.0,1286.5,677.5,60,140,Team_B,WHITE,53.61969,25.718431
77,10,1060.0,382.0,1184.0,600.0,1122.0,491.0,60,140,Team_A,GREEN,44.546013,13.724014
77,1,677.0,326.0,773.0,516.0,725.0,421.0,60,140,EXCLUDED,UNKNOWN,24.757994,9.5334
77,6,1132.0,707.0,1255.0,914.0,1193.5,810.5,60,140,Team_A,GREEN,50.288548,34.513565
77,20,967.0,346.0,1069.0,548.0,1018.0,447.0,60,140,EXCLUDED,UNKNOWN,39.241215,10.917837
77,11,1414.0,240.0,1487.0,451.0,1450.5,345.5,60,140,Team_B,WHITE,58.86849,3.6144924
77,9,1040.0,763.0,1131.0,912.0,1085.5,837.5,60,140,EXCLUDED,UNKNOWN,45.485374,36.512886
77,22,962.0,407.0,1067.0,654.0,1014.5,530.5,60,140,EXCLUDED,UNKNOWN,39.746815,16.523943
77,14,1050.0,928.0,1122.0,994.0,1086.0,961.0,60,140,Team_A,GREEN,46.436802,44.41374
77,12,796.0,927.0,870.0,995.0,833.0,961.0,60,140,Team_B,WHITE,34.617355,45.136242
77,16,911.0,943.0,1003.0,977.0,957.0,960.0,60,140,Team_A,GREEN,40.436943,44.71609
77,21,902.0,975.0,951.0,1000.0,926.5,987.5,60,140,EXCLUDED,UNKNOWN,39.227104,46.561172
78,5,332.0,513.0,473.0,779.0,402.5,646.0,60,140,EXCLUDED,UNKNOWN,10.814206,25.40699
78,7,475.0,434.0,624.0,680.0,549.5,557.0,60,140,EXCLUDED,UNKNOWN,17.308596,19.082687
78,4,1228.0,556.0,1342.0,802.0,1285.0,679.0,60,140,Team_B,WHITE,53.561214,25.818792
78,10,1064.0,385.0,1174.0,600.0,1119.0,492.5,60,140,Team_A,GREEN,44.415546,13.82847
78,11,1405.0,236.0,1482.0,449.0,1443.5,342.5,60,140,Team_B,WHITE,58.5232,3.4208243
78,6,1126.0,710.0,1250.0,912.0,1188.0,811.0,60,140,Team_A,GREEN,50.038376,34.558784
78,9,1034.0,764.0,1125.0,911.0,1079.5,837.5,60,140,EXCLUDED,UNKNOWN,45.206158,36.52775
78,20,974.0,348.0,1071.0,554.0,1022.5,451.0,60,140,EXCLUDED,UNKNOWN,39.489285,11.181268
78,22,967.0,403.0,1088.0,653.0,1027.5,528.0,60,140,EXCLUDED,UNKNOWN,40.346874,16.336489
78,1,659.0,330.0,748.0,516.0,703.5,423.0,60,140,EXCLUDED,UNKNOWN,23.713022,9.698074
78,14,1050.0,927.0,1122.0,994.0,1086.0,960.5,60,140,Team_A,GREEN,46.433067,44.38195
78,12,796.0,927.0,870.0,995.0,833.0,961.0,60,140,Team_B,WHITE,34.617355,45.136242
78,16,911.0,944.0,1003.0,977.0,957.0,960.5,60,140,Team_A,GREEN,40.44086,44.74806
78,21,902.0,975.0,951.0,1000.0,926.5,987.5,60,140,EXCLUDED,UNKNOWN,39.227104,46.561172
79,5,322.0,521.0,482.0,782.0,402.0,651.5,60,140,EXCLUDED,UNKNOWN,10.8431015,25.78096
79,4,1216.0,557.0,1344.0,802.0,1280.0,679.5,60,140,Team_B,WHITE,53.334164,25.861168
79,7,473.0,433.0,619.0,681.0,546.0,557.0,60,140,EXCLUDED,UNKNOWN,17.134266,19.08878
79,22,961.0,400.0,1112.0,656.0,1036.5,528.0,60,140,EXCLUDED,UNKNOWN,40.775753,16.32232
79,1,629.0,319.0,728.0,515.0,678.5,417.0,60,140,EXCLUDED,UNKNOWN,22.419193,9.318398
79,10,1075.0,387.0,1170.0,601.0,1122.5,494.0,60,140,Team_A,GREEN,44.592922,13.923463
79,11,1401.0,239.0,1480.0,450.0,1440.5,344.5,60,140,Team_B,WHITE,58.397953,3.5573452
79,9,1029.0,764.0,1123.0,913.0,1076.0,838.5,60,140,EXCLUDED,UNKNOWN,45.0508,36.600853
79,14,1050.0,927.0,1123.0,994.0,1086.5,960.5,60,140,Team_A,GREEN,46.456158,44.380543
79,12,796.0,927.0,871.0,995.0,833.5,961.0,60,140,Team_B,WHITE,34.640987,45.134796
79,6,1119.0,713.0,1238.0,913.0,1178.5,813.0,60,140,Team_A,GREEN,49.61432,34.710022
79,20,967.0,334.0,1053.0,578.0,1010.0,456.0,60,140,EXCLUDED,UNKNOWN,38.930416,11.534778
79,21,902.0,975.0,951.0,1000.0,926.5,987.5,60,140,EXCLUDED,UNKNOWN,39.227104,46.561172
79,16,911.0,943.0,1003.0,977.0,957.0,960.0,60,140,Team_A,GREEN,40.436943,44.71609
80,4,1216.0,557.0,1345.0,802.0,1280.5,679.5,60,140,Team_B,WHITE,53.357227,25.860176
80,5,317.0,526.0,494.0,782.0,405.5,654.0,60,140,EXCLUDED,UNKNOWN,11.043297,25.943148
80,22,957.0,407.0,1130.0,655.0,1043.5,531.0,60,140,EXCLUDED,UNKNOWN,41.132904,16.511404
80,7,473.0,431.0,617.0,683.0,545.0,557.0,60,140,EXCLUDED,UNKNOWN,17.084446,19.09052
80,10,1071.0,389.0,1169.0,602.0,1120.0,495.5,60,140,Team_A,GREEN,44.48616,14.02718
80,1,591.0,319.0,706.0,505.0,648.5,412.0,60,140,EXCLUDED,UNKNOWN,20.88174,9.012657
80,9,1023.0,764.0,1115.0,913.0,1069.0,838.5,60,140,EXCLUDED,UNKNOWN,44.724766,36.618225
80,6,1106.0,714.0,1217.0,915.0,1161.5,814.5,60,140,Team_A,GREEN,48.839455,34.847145
80,14,1050.0,927.0,1123.0,994.0,1086.5,960.5,60,140,Team_A,GREEN,46.456158,44.380543
80,11,1395.0,241.0,1473.0,451.0,1434.0,346.0,60,140,Team_B,WHITE,58.10682,3.6638598
80,12,796.0,927.0,871.0,995.0,833.5,961.0,60,140,Team_B,WHITE,34.640987,45.134796
80,20,965.0,360.0,1026.0,583.0,995.5,471.5,60,140,EXCLUDED,UNKNOWN,38.36066,12.597976
80,25,1010.0,476.0,1045.0,513.0,1027.5,494.5,60,140,EXCLUDED,UNKNOWN,40.07863,14.096031
80,21,902.0,975.0,951.0,1000.0,926.5,987.5,60,140,EXCLUDED,UNKNOWN,39.227104,46.561172
80,16,911.0,943.0,1003.0,977.0,957.0,960.0,60,140,Team_A,GREEN,40.436943,44.71609
81,5,312.0,532.0,501.0,782.0,406.5,657.0,60,140,EXCLUDED,UNKNOWN,11.122866,26.144304
81,4,1210.0,559.0,1342.0,804.0,1276.0,681.5,60,140,Team_B,WHITE,53.163902,25.998983
81,22,954.0,410.0,1143.0,655.0,1048.5,532.5,60,140,EXCLUDED,UNKNOWN,41.3827,16.603498
81,7,480.0,430.0,620.0,678.0,550.0,554.0,60,140,EXCLUDED,UNKNOWN,17.305176,18.87769
81,9,1018.0,765.0,1112.0,913.0,1065.0,839.0,60,140,EXCLUDED,UNKNOWN,44.54218,36.66039
81,6,1096.0,716.0,1196.0,913.0,1146.0,814.5,60,140,Team_A,GREEN,48.121872,34.884277
81,10,1076.0,391.0,1172.0,603.0,1124.0,497.0,60,140,Team_A,GREEN,44.687153,14.12137
81,1,563.0,320.0,685.0,502.0,624.0,411.0,60,140,EXCLUDED,UNKNOWN,19.651052,8.974673
81,11,1392.0,242.0,1467.0,451.0,1429.5,346.5,60,140,Team_B,WHITE,57.901432,3.7016408
81,14,1050.0,927.0,1123.0,994.0,1086.5,960.5,60,140,Team_A,GREEN,46.456158,44.380543
81,12,796.0,927.0,871.0,995.0,833.5,961.0,60,140,Team_B,WHITE,34.640987,45.134796
81,20,955.0,364.0,1019.0,591.0,987.0,477.5,60,140,EXCLUDED,UNKNOWN,38.00158,13.013559
81,25,1021.0,477.0,1058.0,513.0,1039.5,495.0,60,140,EXCLUDED,UNKNOWN,40.65557,14.111858
81,16,911.0,944.0,1003.0,977.0,957.0,960.5,60,140,Team_A,GREEN,40.44086,44.74806
81,21,902.0,975.0,951.0,1000.0,926.5,987.5,60,140,EXCLUDED,UNKNOWN,39.227104,46.561172
82,5,305.0,535.0,503.0,783.0,404.0,659.0,60,140,EXCLUDED,UNKNOWN,11.017044,26.284977
82,4,1204.0,559.0,1340.0,804.0,1272.0,681.5,60,140,Team_B,WHITE,52.979282,26.006943
82,22,952.0,409.0,1158.0,655.0,1055.0,532.0,60,140,EXCLUDED,UNKNOWN,41.68783,16.559875
82,7,484.0,427.0,619.0,678.0,551.5,552.5,60,140,EXCLUDED,UNKNOWN,17.365726,18.77301
82,20,925.0,367.0,1012.0,597.0,968.5,482.0,60,140,EXCLUDED,UNKNOWN,37.149628,13.342755
82,11,1386.0,240.0,1460.0,453.0,1423.0,346.5,60,140,Team_B,WHITE,57.599575,3.707955
82,14,1050.0,927.0,1123.0,994.0,1086.5,960.5,60,140,Team_A,GREEN,46.456158,44.380543
82,12,796.0,927.0,870.0,995.0,833.0,961.0,60,140,Team_B,WHITE,34.617355,45.136242
82,10,1077.0,391.0,1176.0,605.0,1126.5,498.0,60,140,Team_A,GREEN,44.813198,14.1843815
82,9,1011.0,766.0,1103.0,913.0,1057.0,839.5,60,140,EXCLUDED,UNKNOWN,44.173004,36.712517
82,1,563.0,325.0,657.0,493.0,610.0,409.0,60,140,EXCLUDED,UNKNOWN,18.933006,8.854414
82,6,1088.0,710.0,1184.0,907.0,1136.0,808.5,60,140,Team_A,GREEN,47.6137,34.521618
82,25,1032.0,477.0,1069.0,514.0,1050.5,495.5,60,140,EXCLUDED,UNKNOWN,41.184166,14.129139
82,16,911.0,944.0,1003.0,977.0,957.0,960.5,60,140,Team_A,GREEN,40.44086,44.74806
82,21,902.0,975.0,950.0,1000.0,926.0,987.5,60,140,EXCLUDED,UNKNOWN,39.203712,46.56264
83,5,297.0,537.0,499.0,785.0,398.0,661.0,60,140,EXCLUDED,UNKNOWN,10.735575,26.432991
83,4,1198.0,558.0,1335.0,804.0,1266.5,681.0,60,140,Team_B,WHITE,52.721733,25.985413
83,22,952.0,409.0,1166.0,656.0,1059.0,532.5,60,140,EXCLUDED,UNKNOWN,41.881897,16.58686
83,7,494.0,427.0,611.0,680.0,552.5,553.5,60,140,EXCLUDED,UNKNOWN,17.424963,18.839338
83,20,910.0,381.0,1007.0,605.0,958.5,493.0,60,140,EXCLUDED,UNKNOWN,36.759205,14.097098
83,9,1003.0,765.0,1095.0,913.0,1049.0,839.0,60,140,EXCLUDED,UNKNOWN,43.79591,36.700184
83,11,1379.0,238.0,1450.0,448.0,1414.5,343.0,60,140,Team_B,WHITE,57.179993,3.4820857
83,14,1050.0,927.0,1123.0,994.0,1086.5,960.5,60,140,Team_A,GREEN,46.456158,44.380543
83,12,796.0,927.0,870.0,995.0,833.0,961.0,60,140,Team_B,WHITE,34.617355,45.136242
83,10,1084.0,389.0,1181.0,588.0,1132.5,488.5,60,140,Team_A,GREEN,45.023758,13.542031
83,25,1049.0,487.0,1081.0,522.0,1065.0,504.5,60,140,EXCLUDED,UNKNOWN,41.946007,14.709425
83,1,545.0,326.0,628.0,484.0,586.5,405.0,60,140,EXCLUDED,UNKNOWN,17.719072,8.60772
83,6,1077.0,708.0,1159.0,908.0,1118.0,808.0,60,140,Team_A,GREEN,46.774265,34.53228
83,16,911.0,944.0,1003.0,977.0,957.0,960.5,60,140,Team_A,GREEN,40.44086,44.74806
83,21,902.0,975.0,951.0,1000.0,926.5,987.5,60,140,EXCLUDED,UNKNOWN,39.227104,46.561172
84,5,290.0,538.0,490.0,786.0,390.0,662.0,60,140,EXCLUDED,UNKNOWN,10.343721,26.517525
84,4,1192.0,557.0,1329.0,803.0,1260.5,680.0,60,140,Team_B,WHITE,52.437332,25.932373
84,2,501.0,424.0,593.0,680.0,547.0,552.0,60,140,Team_B,WHITE,17.136827,18.74674
84,22,960.0,405.0,1165.0,654.0,1062.5,529.5,60,140,EXCLUDED,UNKNOWN,42.02453,16.38143
84,9,999.0,768.0,1084.0,913.0,1041.5,840.5,60,140,EXCLUDED,UNKNOWN,43.45725,36.81563
84,11,1371.0,241.0,1446.0,450.0,1408.5,345.5,60,140,Team_B,WHITE,56.91851,3.6551495
84,20,905.0,395.0,1000.0,623.0,952.5,509.0,60,140,EXCLUDED,UNKNOWN,36.602436,15.180926
84,14,1050.0,927.0,1123.0,994.0,1086.5,960.5,60,140,Team_A,GREEN,46.456158,44.380543
84,12,796.0,927.0,870.0,995.0,833.0,961.0,60,140,Team_B,WHITE,34.617355,45.136242
84,10,1086.0,388.0,1179.0,591.0,1132.5,489.5,60,140,Team_A,GREEN,45.031475,13.60875
84,1,523.0,320.0,608.0,465.0,565.5,392.5,60,140,EXCLUDED,UNKNOWN,16.546177,7.76903
84,6,1057.0,707.0,1143.0,898.0,1100.0,802.5,60,140,Team_A,GREEN,45.89563,34.22002
84,16,911.0,944.0,1004.0,977.0,957.5,960.5,60,140,Team_A,GREEN,40.464222,44.746628
84,21,902.0,974.0,951.0,1000.0,926.5,987.0,60,140,EXCLUDED,UNKNOWN,39.223156,46.529255
85,5,284.0,539.0,480.0,786.0,382.0,662.5,60,140,EXCLUDED,UNKNOWN,9.946674,26.568232
85,4,1186.0,553.0,1323.0,802.0,1254.5,677.5,60,140,Team_B,WHITE,52.14192,25.781769
85,22,973.0,405.0,1163.0,651.0,1068.0,528.0,60,140,EXCLUDED,UNKNOWN,42.273968,16.272831
85,2,510.0,422.0,593.0,683.0,551.5,552.5,60,140,Team_B,WHITE,17.365726,18.77301
85,20,893.0,408.0,997.0,637.0,945.0,522.5,60,140,EXCLUDED,UNKNOWN,36.353165,16.098242
85,9,990.0,769.0,1081.0,914.0,1035.5,841.5,60,140,EXCLUDED,UNKNOWN,43.18465,36.89513
85,1,500.0,307.0,588.0,501.0,544.0,404.0,60,140,EXCLUDED,UNKNOWN,15.575239,8.591529
85,11,1364.0,240.0,1441.0,452.0,1402.5,346.0,60,140,Team_B,WHITE,56.642845,3.694433
85,14,1050.0,927.0,1124.0,994.0,1087.0,960.5,60,140,Team_A,GREEN,46.479244,44.37913
85,12,796.0,927.0,870.0,995.0,833.0,961.0,60,140,Team_B,WHITE,34.617355,45.136242
85,10,1082.0,390.0,1178.0,629.0,1130.0,509.5,60,140,Team_A,GREEN,45.06748,14.945373
85,16,911.0,944.0,1003.0,977.0,957.0,960.5,60,140,Team_A,GREEN,40.44086,44.74806
85,21,902.0,974.0,951.0,1000.0,926.5,987.0,60,140,EXCLUDED,UNKNOWN,39.223156,46.529255
86,5,278.0,539.0,472.0,785.0,375.0,662.0,60,140,EXCLUDED,UNKNOWN,9.58975,26.549076
86,4,1183.0,549.0,1320.0,801.0,1251.5,675.0,60,140,Team_B,WHITE,51.985085,25.625114
86,22,986.0,406.0,1158.0,647.0,1072.0,526.5,60,140,EXCLUDED,UNKNOWN,42.452106,16.166616
86,20,881.0,422.0,988.0,653.0,934.5,537.5,60,140,EXCLUDED,UNKNOWN,35.972286,17.120169
86,9,984.0,770.0,1079.0,915.0,1031.5,842.5,60,140,EXCLUDED,UNKNOWN,43.00542,36.969658
86,2,514.0,421.0,595.0,682.0,554.5,551.5,60,140,Team_B,WHITE,17.505692,18.69978
86,1,467.0,316.0,567.0,503.0,517.0,409.5,60,140,EXCLUDED,UNKNOWN,14.268103,9.006316
86,11,1357.0,244.0,1433.0,453.0,1395.0,348.5,60,140,Team_B,WHITE,56.31133,3.8690672
86,14,1050.0,927.0,1124.0,994.0,1087.0,960.5,60,140,Team_A,GREEN,46.479244,44.37913
86,12,796.0,927.0,871.0,995.0,833.5,961.0,60,140,Team_B,WHITE,34.640987,45.134796
86,10,1079.0,394.0,1174.0,609.0,1126.5,501.5,60,140,Team_A,GREEN,44.840237,14.41769
86,16,911.0,944.0,1003.0,977.0,957.0,960.5,60,140,Team_A,GREEN,40.44086,44.74806
86,21,902.0,975.0,951.0,1000.0,926.5,987.5,60,140,EXCLUDED,UNKNOWN,39.227104,46.561172
87,5,272.0,539.0,467.0,786.0,369.5,662.5,60,140,EXCLUDED,UNKNOWN,9.317977,26.594563
87,20,873.0,436.0,985.0,655.0,929.0,545.5,60,140,EXCLUDED,UNKNOWN,35.77406,17.664762
87,4,1185.0,547.0,1320.0,800.0,1252.5,673.5,60,140,Team_B,WHITE,52.020515,25.525562
87,22,1003.0,403.0,1152.0,647.0,1077.5,525.0,60,140,EXCLUDED,UNKNOWN,42.7014,16.058086
87,9,979.0,771.0,1070.0,914.0,1024.5,842.5,60,140,EXCLUDED,UNKNOWN,42.678123,36.987186
87,2,512.0,420.0,596.0,682.0,554.0,551.0,60,140,Team_B,WHITE,17.476078,18.666609
87,1,433.0,309.0,545.0,503.0,489.0,406.0,60,140,EXCLUDED,UNKNOWN,12.819638,8.799077
87,14,1051.0,926.0,1124.0,994.0,1087.5,960.0,60,140,Team_A,GREEN,46.498596,44.345936
87,12,796.0,927.0,870.0,995.0,833.0,961.0,60,140,Team_B,WHITE,34.617355,45.136242
87,11,1350.0,241.0,1426.0,453.0,1388.0,347.0,60,140,Team_B,WHITE,55.974594,3.7755
87,10,1085.0,391.0,1173.0,603.0,1129.0,497.0,60,140,Team_A,GREEN,44.923763,14.11404
87,16,911.0,944.0,1003.0,977.0,957.0,960.5,60,140,Team_A,GREEN,40.44086,44.74806
87,21,902.0,975.0,951.0,1000.0,926.5,987.5,60,140,EXCLUDED,UNKNOWN,39.227104,46.561172
88,5,274.0,538.0,459.0,788.0,366.5,663.0,60,140,EXCLUDED,UNKNOWN,9.171937,26.634792
88,4,1190.0,545.0,1321.0,797.0,1255.5,671.0,60,140,Team_B,WHITE,52.141254,25.357008
88,20,866.0,448.0,974.0,658.0,920.0,553.0,60,140,EXCLUDED,UNKNOWN,35.403496,18.181557
88,2,507.0,420.0,595.0,684.0,551.0,552.0,60,140,Team_B,WHITE,17.336103,18.739841
88,22,1011.0,398.0,1148.0,648.0,1079.5,523.0,60,140,EXCLUDED,UNKNOWN,42.780624,15.921714
88,9,971.0,773.0,1063.0,914.0,1017.0,843.5,60,140,EXCLUDED,UNKNOWN,42.334965,37.07054
88,1,412.0,312.0,518.0,504.0,465.0,408.0,60,140,EXCLUDED,UNKNOWN,11.623897,8.96827
88,14,1051.0,926.0,1123.0,994.0,1087.0,960.0,60,140,Team_A,GREEN,46.47551,44.347347
88,12,796.0,927.0,870.0,995.0,833.0,961.0,60,140,Team_B,WHITE,34.617355,45.136242
88,10,1091.0,386.0,1173.0,602.0,1132.0,494.0,60,140,Team_A,GREEN,45.042538,13.909624
88,11,1347.0,241.0,1420.0,455.0,1383.5,348.0,60,140,Team_B,WHITE,55.77194,3.846865
88,16,911.0,943.0,1004.0,977.0,957.5,960.0,60,140,Team_A,GREEN,40.460308,44.714664
88,21,902.0,975.0,951.0,1000.0,926.5,987.5,60,140,EXCLUDED,UNKNOWN,39.227104,46.561172
89,5,283.0,536.0,455.0,789.0,369.0,662.5,60,140,EXCLUDED,UNKNOWN,9.292813,26.595615
89,2,500.0,420.0,596.0,685.0,548.0,552.5,60,140,Team_B,WHITE,17.191378,18.779053
89,20,855.0,458.0,969.0,658.0,912.0,558.0,60,140,EXCLUDED,UNKNOWN,35.060246,18.529465
89,4,1192.0,543.0,1318.0,796.0,1255.0,669.5,60,140,Team_B,WHITE,52.10729,25.260382
89,1,399.0,313.0,498.0,504.0,448.5,408.5,60,140,EXCLUDED,UNKNOWN,10.791669,9.023989
89,11,1337.0,240.0,1411.0,453.0,1374.0,346.5,60,140,Team_B,WHITE,55.318146,3.7556763
89,10,1049.0,384.0,1166.0,609.0,1107.5,496.5,60,140,Team_A,GREEN,43.90165,14.112213
89,14,1051.0,927.0,1124.0,994.0,1087.5,960.5,60,140,Team_A,GREEN,46.50233,44.37772
89,12,796.0,927.0,870.0,995.0,833.0,961.0,60,140,Team_B,WHITE,34.617355,45.136242
89,22,1028.0,389.0,1164.0,647.0,1096.0,518.0,60,140,EXCLUDED,UNKNOWN,43.524044,15.563113
89,6,963.0,707.0,1061.0,915.0,1012.0,811.0,60,140,Team_A,GREEN,41.847927,34.98077
89,16,911.0,944.0,1004.0,977.0,957.5,960.5,60,140,Team_A,GREEN,40.464222,44.746628
89,21,902.0,975.0,951.0,1000.0,926.5,987.5,60,140,EXCLUDED,UNKNOWN,39.227104,46.561172
89,9,962.0,778.0,1057.0,915.0,1009.5,846.5,60,140,EXCLUDED,UNKNOWN,42.007156,37.28308
90,20,850.0,468.0,964.0,660.0,907.0,564.0,60,140,EXCLUDED,UNKNOWN,34.8696,18.939213
90,5,293.0,533.0,453.0,789.0,373.0,661.0,60,140,EXCLUDED,UNKNOWN,9.4792385,26.485483
90,4,1193.0,542.0,1316.0,793.0,1254.5,667.5,60,140,Team_B,WHITE,52.069706,25.13119
90,2,490.0,419.0,597.0,686.0,543.5,552.5,60,140,Team_B,WHITE,16.96713,18.786823
90,11,1330.0,241.0,1403.0,452.0,1366.5,346.5,60,140,Team_B,WHITE,54.96802,3.7629998
90,1,384.0,311.0,479.0,503.0,431.5,407.0,60,140,EXCLUDED,UNKNOWN,9.912743,8.941313
90,14,1051.0,926.0,1124.0,994.0,1087.5,960.0,60,140,Team_A,GREEN,46.498596,44.345936
90,12,796.0,927.0,870.0,995.0,833.0,961.0,60,140,Team_B,WHITE,34.617355,45.136242
90,22,1061.0,379.0,1167.0,644.0,1114.0,511.5,60,140,EXCLUDED,UNKNOWN,44.326088,15.102687
90,9,954.0,772.0,1048.0,914.0,1001.0,843.0,60,140,EXCLUDED,UNKNOWN,41.581676,37.078415
90,6,953.0,709.0,1052.0,913.0,1002.5,811.0,60,140,Team_A,GREEN,41.402023,35.003742
90,21,902.0,975.0,951.0,1000.0,926.5,987.5,60,140,EXCLUDED,UNKNOWN,39.227104,46.561172
90,16,911.0,944.0,1004.0,977.0,957.5,960.5,60,140,Team_A,GREEN,40.464222,44.746628
90,10,1078.0,382.0,1167.0,622.0,1122.5,502.0,60,140,Team_A,GREEN,44.654835,14.456939
91,20,844.0,473.0,961.0,660.0,902.5,566.5,60,140,EXCLUDED,UNKNOWN,34.673893,19.114056
91,5,304.0,528.0,452.0,793.0,378.0,660.5,60,140,EXCLUDED,UNKNOWN,9.725806,26.441078
91,4,1192.0,541.0,1311.0,792.0,1251.5,666.5,60,140,Team_B,WHITE,51.923622,25.071945
91,2,483.0,419.0,594.0,688.0,538.5,553.5,60,140,Team_B,WHITE,16.727333,18.863558
91,11,1320.0,244.0,1397.0,454.0,1358.5,349.0,60,140,Team_B,WHITE,54.612232,3.938431
91,1,353.0,312.0,457.0,506.0,405.0,409.0,60,140,EXCLUDED,UNKNOWN,8.583167,9.114323
91,22,1049.0,364.0,1162.0,648.0,1105.5,506.0,60,140,EXCLUDED,UNKNOWN,43.88079,14.74892
91,14,1051.0,926.0,1124.0,994.0,1087.5,960.0,60,140,Team_A,GREEN,46.498596,44.345936
91,12,795.0,927.0,870.0,995.0,832.5,961.0,60,140,Team_B,WHITE,34.593723,45.137688
91,21,902.0,974.0,952.0,1000.0,927.0,987.0,60,140,EXCLUDED,UNKNOWN,39.246548,46.527786
91,16,911.0,944.0,1004.0,978.0,957.5,961.0,60,140,Team_A,GREEN,40.468136,44.77859
91,6,940.0,707.0,1045.0,910.0,992.5,808.5,60,140,Team_A,GREEN,40.912586,34.865788
92,4,1191.0,539.0,1309.0,792.0,1250.0,665.5,60,140,Team_B,WHITE,51.846943,25.009756
92,20,839.0,477.0,965.0,663.0,902.0,570.0,60,140,EXCLUDED,UNKNOWN,34.67899,19.348886
92,5,311.0,524.0,450.0,796.0,380.5,660.0,60,140,EXCLUDED,UNKNOWN,9.8465805,26.401936
92,2,476.0,420.0,590.0,690.0,533.0,555.0,60,140,Team_B,WHITE,16.467249,18.975243
92,1,307.0,316.0,437.0,507.0,372.0,411.5,60,140,EXCLUDED,UNKNOWN,6.9231677,9.330999
92,22,1038.0,353.0,1157.0,638.0,1097.5,495.5,60,140,EXCLUDED,UNKNOWN,43.419533,14.060115
92,11,1315.0,246.0,1388.0,456.0,1351.5,351.0,60,140,Team_B,WHITE,54.299427,4.0794315
92,14,1051.0,926.0,1124.0,994.0,1087.5,960.0,60,140,Team_A,GREEN,46.498596,44.345936
92,12,795.0,927.0,870.0,995.0,832.5,961.0,60,140,Team_B,WHITE,34.593723,45.137688
92,21,902.0,974.0,952.0,1000.0,927.0,987.0,60,140,EXCLUDED,UNKNOWN,39.246548,46.527786
92,6,925.0,710.0,1036.0,908.0,980.5,809.0,60,140,Team_A,GREEN,40.35211,34.92723
92,16,911.0,944.0,1004.0,978.0,957.5,961.0,60,140,Team_A,GREEN,40.468136,44.77859
92,26,971.0,978.0,1005.0,1001.0,988.0,989.5,60,140,EXCLUDED,UNKNOWN,42.111523,46.50827
92,9,925.0,710.0,1036.0,908.0,980.5,809.0,60,140,EXCLUDED,UNKNOWN,40.35211,34.92723
93,4,1189.0,538.0,1305.0,792.0,1247.0,665.0,60,140,Team_B,WHITE,51.704395,24.983036
93,20,833.0,476.0,965.0,665.0,899.0,570.5,60,140,EXCLUDED,UNKNOWN,34.538795,19.387478
93,2,471.0,420.0,585.0,691.0,528.0,555.5,60,140,Team_B,WHITE,16.222515,19.017986
93,1,286.0,312.0,417.0,508.0,351.5,410.0,60,140,EXCLUDED,UNKNOWN,5.8581862,9.252826
93,5,328.0,521.0,446.0,796.0,387.0,658.5,60,140,EXCLUDED,UNKNOWN,10.158519,26.28664
93,11,1308.0,242.0,1382.0,456.0,1345.0,349.0,60,140,Team_B,WHITE,53.981018,3.9517405
93,14,1051.0,926.0,1124.0,994.0,1087.5,960.0,60,140,Team_A,GREEN,46.498596,44.345936
93,12,795.0,927.0,871.0,995.0,833.0,961.0,60,140,Team_B,WHITE,34.617355,45.136242
93,22,1028.0,349.0,1152.0,633.0,1090.0,491.0,60,140,EXCLUDED,UNKNOWN,43.028214,13.770428
93,6,907.0,712.0,1024.0,910.0,965.5,811.0,60,140,Team_A,GREEN,39.661583,35.093414
93,16,911.0,944.0,1004.0,978.0,957.5,961.0,60,140,Team_A,GREEN,40.468136,44.77859
93,21,902.0,975.0,951.0,1000.0,926.5,987.5,60,140,EXCLUDED,UNKNOWN,39.227104,46.561172
93,26,972.0,978.0,1004.0,1002.0,988.0,990.0,60,140,EXCLUDED,UNKNOWN,42.11538,46.540092
94,4,1183.0,538.0,1300.0,794.0,1241.5,666.0,60,140,Team_B,WHITE,51.456856,25.058893
94,1,275.0,316.0,402.0,510.0,338.5,413.0,60,140,EXCLUDED,UNKNOWN,5.222322,9.479141
94,20,825.0,473.0,956.0,670.0,890.5,571.5,60,140,EXCLUDED,UNKNOWN,34.137917,19.46901
94,2,468.0,421.0,581.0,693.0,524.5,557.0,60,140,Team_B,WHITE,16.062088,19.126251
94,5,343.0,520.0,443.0,800.0,393.0,660.0,60,140,EXCLUDED,UNKNOWN,10.474713,26.37573
94,11,1299.0,244.0,1377.0,458.0,1338.0,351.0,60,140,Team_B,WHITE,53.667873,4.0928335
94,22,1038.0,352.0,1156.0,626.0,1097.0,489.0,60,140,EXCLUDED,UNKNOWN,43.344982,13.626622
94,12,796.0,927.0,871.0,995.0,833.5,961.0,60,140,Team_B,WHITE,34.640987,45.134796
94,14,1051.0,926.0,1124.0,994.0,1087.5,960.0,60,140,Team_A,GREEN,46.498596,44.345936
94,16,911.0,944.0,1004.0,978.0,957.5,961.0,60,140,Team_A,GREEN,40.468136,44.77859
94,21,902.0,975.0,951.0,1000.0,926.5,987.5,60,140,EXCLUDED,UNKNOWN,39.227104,46.561172
94,6,892.0,716.0,993.0,910.0,942.5,813.0,60,140,Team_A,GREEN,38.592663,35.279297
94,9,892.0,716.0,993.0,910.0,942.5,813.0,60,140,EXCLUDED,UNKNOWN,38.592663,35.279297
95,20,821.0,469.0,956.0,675.0,888.5,572.0,60,140,EXCLUDED,UNKNOWN,34.045765,19.505901
95,4,1180.0,540.0,1293.0,794.0,1236.5,667.0,60,140,Team_B,WHITE,51.232395,25.133802
95,5,349.0,521.0,443.0,802.0,396.0,661.5,60,140,EXCLUDED,UNKNOWN,10.640092,26.471052
95,1,264.0,312.0,385.0,512.0,324.5,412.0,60,140,EXCLUDED,UNKNOWN,4.493123,9.427505
95,2,464.0,420.0,576.0,691.0,520.0,555.5,60,140,Team_B,WHITE,15.823094,19.031906
95,11,1293.0,245.0,1367.0,459.0,1330.0,352.0,60,140,Team_B,WHITE,53.300503,4.1678896
95,22,1034.0,333.0,1159.0,619.0,1096.5,476.0,60,140,EXCLUDED,UNKNOWN,43.21948,12.757956
95,14,1051.0,926.0,1124.0,993.0,1087.5,959.5,60,140,Team_A,GREEN,46.494865,44.31415
95,12,795.0,927.0,870.0,994.0,832.5,960.5,60,140,Team_B,WHITE,34.58963,45.10555
95,27,1129.0,317.0,1159.0,354.0,1144.0,335.5,60,140,EXCLUDED,UNKNOWN,44.382217,3.2372289
95,9,923.0,786.0,1011.0,914.0,967.0,850.0,60,140,EXCLUDED,UNKNOWN,40.040764,37.61672
95,6,881.0,718.0,970.0,909.0,925.5,813.5,60,140,Team_A,GREEN,37.793396,35.353302
95,21,903.0,975.0,951.0,1000.0,927.0,987.5,60,140,EXCLUDED,UNKNOWN,39.250492,46.5597
95,16,911.0,944.0,1004.0,977.0,957.5,960.5,60,140,Team_A,GREEN,40.464222,44.746628
96,4,1174.0,541.0,1285.0,796.0,1229.5,668.5,60,140,Team_B,WHITE,50.918747,25.245237
96,20,814.0,464.0,953.0,680.0,883.5,572.0,60,140,EXCLUDED,UNKNOWN,33.80486,19.514559
96,2,465.0,418.0,570.0,685.0,517.5,551.5,60,140,Team_B,WHITE,15.660026,18.763613
96,5,345.0,522.0,443.0,808.0,394.0,665.0,60,140,EXCLUDED,UNKNOWN,10.574083,26.712288
96,1,254.0,316.0,370.0,512.0,312.0,414.0,60,140,EXCLUDED,UNKNOWN,3.8711848,9.5836115
96,11,1285.0,245.0,1361.0,460.0,1323.0,352.5,60,140,Team_B,WHITE,52.976128,4.208433
96,22,1043.0,348.0,1166.0,616.0,1104.5,482.0,60,140,EXCLUDED,UNKNOWN,43.646324,13.147976
96,14,1051.0,926.0,1124.0,993.0,1087.5,959.5,60,140,Team_A,GREEN,46.494865,44.31415
96,12,795.0,927.0,870.0,995.0,832.5,961.0,60,140,Team_B,WHITE,34.593723,45.137688
96,27,1137.0,307.0,1166.0,344.0,1151.5,325.5,60,140,EXCLUDED,UNKNOWN,44.662045,2.5518339
96,10,1057.0,332.0,1170.0,582.0,1113.5,457.0,60,140,Team_A,GREEN,43.878597,11.462219
96,9,920.0,786.0,1005.0,913.0,962.5,849.5,60,140,EXCLUDED,UNKNOWN,39.825264,37.595814
96,6,859.0,725.0,950.0,907.0,904.5,816.0,60,140,Team_A,GREEN,36.81963,35.567387
96,21,903.0,975.0,951.0,1000.0,927.0,987.5,60,140,EXCLUDED,UNKNOWN,39.250492,46.5597
96,16,911.0,944.0,1005.0,978.0,958.0,961.0,60,140,Team_A,GREEN,40.491497,44.777164
97,20,809.0,462.0,948.0,685.0,878.5,573.5,60,140,EXCLUDED,UNKNOWN,33.576435,19.623554
97,2,462.0,418.0,561.0,678.0,511.5,548.0,60,140,Team_B,WHITE,15.326613,18.535255
97,4,1170.0,540.0,1279.0,799.0,1224.5,669.5,60,140,Team_B,WHITE,50.694096,25.320213
97,5,341.0,528.0,447.0,816.0,394.0,672.0,60,140,EXCLUDED,UNKNOWN,10.642851,27.186083
97,11,1280.0,248.0,1355.0,464.0,1317.5,356.0,60,140,Team_B,WHITE,52.74378,4.4488688
97,1,245.0,309.0,356.0,517.0,300.5,413.0,60,140,EXCLUDED,UNKNOWN,3.268848,9.52872
97,12,796.0,928.0,870.0,995.0,833.0,961.5,60,140,Team_B,WHITE,34.62145,45.16838
97,14,1051.0,926.0,1124.0,993.0,1087.5,959.5,60,140,Team_A,GREEN,46.494865,44.31415
97,22,1047.0,336.0,1186.0,628.0,1116.5,482.0,60,140,EXCLUDED,UNKNOWN,44.215572,13.130909
97,6,842.0,727.0,934.0,908.0,888.0,817.5,60,140,Team_A,GREEN,36.04959,35.70562
97,27,1140.0,303.0,1173.0,340.0,1156.5,321.5,60,140,EXCLUDED,UNKNOWN,44.869423,2.2757678
97,21,903.0,975.0,951.0,1000.0,927.0,987.5,60,140,EXCLUDED,UNKNOWN,39.250492,46.5597
97,10,1059.0,330.0,1196.0,623.0,1127.5,476.5,60,140,Team_A,GREEN,44.694256,12.747856
97,26,970.0,978.0,1004.0,1002.0,987.0,990.0,60,140,EXCLUDED,UNKNOWN,42.068867,46.543022
97,9,904.0,789.0,1002.0,911.0,953.0,850.0,60,140,EXCLUDED,UNKNOWN,39.382328,37.652298
97,16,911.0,944.0,1004.0,977.0,957.5,960.5,60,140,Team_A,GREEN,40.464222,44.746628
98,5,336.0,529.0,459.0,821.0,397.5,675.0,60,140,EXCLUDED,UNKNOWN,10.847859,27.38153
98,20,806.0,458.0,940.0,685.0,873.0,571.5,60,140,EXCLUDED,UNKNOWN,33.294373,19.499298
98,2,463.0,416.0,549.0,679.0,506.0,547.5,60,140,Team_B,WHITE,15.0466795,18.510588
98,4,1163.0,543.0,1271.0,801.0,1217.0,672.0,60,140,Team_B,WHITE,50.364296,25.497898
98,1,234.0,306.0,342.0,512.0,288.0,409.0,60,140,EXCLUDED,UNKNOWN,2.582781,9.265006
98,11,1275.0,250.0,1350.0,466.0,1312.5,358.0,60,140,Team_B,WHITE,52.52389,4.588165
98,14,1051.0,926.0,1124.0,993.0,1087.5,959.5,60,140,Team_A,GREEN,46.494865,44.31415
98,12,795.0,928.0,870.0,994.0,832.5,961.0,60,140,Team_B,WHITE,34.593723,45.137688
98,10,1063.0,324.0,1187.0,597.0,1125.0,460.5,60,140,Team_A,GREEN,44.4517,11.681123
98,27,1146.0,293.0,1177.0,332.0,1161.5,312.5,60,140,EXCLUDED,UNKNOWN,45.037903,1.6602081
98,22,1048.0,366.0,1131.0,602.0,1089.5,484.0,60,140,EXCLUDED,UNKNOWN,42.949554,13.303124
98,6,826.0,731.0,917.0,910.0,871.5,820.5,60,140,Team_A,GREEN,35.290787,35.941757
98,16,911.0,944.0,1004.0,977.0,957.5,960.5,60,140,Team_A,GREEN,40.464222,44.746628
98,21,903.0,975.0,951.0,1000.0,927.0,987.5,60,140,EXCLUDED,UNKNOWN,39.250492,46.5597
98,9,906.0,793.0,995.0,912.0,950.5,852.5,60,140,EXCLUDED,UNKNOWN,39.28451,37.820396
99,5,330.0,540.0,475.0,825.0,402.5,682.5,60,140,EXCLUDED,UNKNOWN,11.171936,27.87769
99,4,1156.0,542.0,1264.0,804.0,1210.0,673.0,60,140,Team_B,WHITE,50.046562,25.576902
99,20,803.0,455.0,934.0,686.0,868.5,570.5,60,140,EXCLUDED,UNKNOWN,33.068806,19.440163
99,2,459.0,416.0,543.0,676.0,501.0,546.0,60,140,Team_B,WHITE,14.782007,18.41678
99,1,222.0,301.0,325.0,509.0,273.5,405.0,60,140,EXCLUDED,UNKNOWN,1.7922357,9.003416
99,11,1270.0,253.0,1341.0,467.0,1305.5,360.0,60,140,Team_B,WHITE,52.210106,4.729544
99,10,1078.0,332.0,1209.0,608.0,1143.5,470.0,60,140,Team_A,GREEN,45.401695,12.291229
99,14,1051.0,926.0,1124.0,994.0,1087.5,960.0,60,140,Team_A,GREEN,46.498596,44.345936
99,12,795.0,928.0,870.0,995.0,832.5,961.5,60,140,Team_B,WHITE,34.597816,45.169823
99,22,1049.0,367.0,1132.0,608.0,1090.5,487.5,60,140,EXCLUDED,UNKNOWN,43.024525,13.535742
99,27,1149.0,287.0,1183.0,324.0,1166.0,305.5,60,140,EXCLUDED,UNKNOWN,45.198162,1.1806941
99,21,903.0,975.0,952.0,999.0,927.5,987.0,60,140,EXCLUDED,UNKNOWN,39.26994,46.526318
99,16,911.0,944.0,1001.0,977.0,956.0,960.5,60,140,Team_A,GREEN,40.39413,44.75091
99,26,970.0,978.0,1003.0,1001.0,986.5,989.5,60,140,EXCLUDED,UNKNOWN,42.041748,46.51266
100,5,323.0,547.0,490.0,829.0,406.5,688.0,60,140,EXCLUDED,UNKNOWN,11.42601,28.240398
100,20,802.0,454.0,928.0,689.0,865.0,571.5,60,140,EXCLUDED,UNKNOWN,32.908287,19.51316
100,4,1154.0,544.0,1257.0,807.0,1205.5,675.5,60,140,Team_B,WHITE,49.855877,25.748772
100,2,453.0,415.0,535.0,679.0,494.0,547.0,60,140,Team_B,WHITE,14.441035,18.497068
100,1,211.0,291.0,307.0,505.0,259.0,398.0,60,140,EXCLUDED,UNKNOWN,0.9684508,8.53072
100,11,1263.0,250.0,1336.0,467.0,1299.5,358.5,60,140,Team_B,WHITE,51.91745,4.634975
100,10,1097.0,322.0,1211.0,616.0,1154.0,469.0,60,140,Team_A,GREEN,45.890697,12.209941
100,14,1051.0,926.0,1124.0,994.0,1087.5,960.0,60,140,Team_A,GREEN,46.498596,44.345936
100,22,1048.0,368.0,1130.0,619.0,1089.0,493.5,60,140,EXCLUDED,UNKNOWN,43.000317,13.9389515
100,12,794.0,928.0,870.0,994.0,832.0,961.0,60,140,Team_B,WHITE,34.570087,45.139133
100,6,788.0,727.0,918.0,999.0,853.0,863.0,60,140,Team_A,GREEN,34.761047,38.752003
100,9,880.0,799.0,981.0,913.0,930.5,856.0,60,140,EXCLUDED,UNKNOWN,38.370308,38.098026
100,27,1155.0,281.0,1185.0,316.0,1170.0,298.5,60,140,EXCLUDED,UNKNOWN,45.334618,0.7014398
100,21,903.0,976.0,951.0,999.0,927.0,987.5,60,140,EXCLUDED,UNKNOWN,39.250492,46.5597
100,16,911.0,944.0,1001.0,977.0,956.0,960.5,60,140,Team_A,GREEN,40.39413,44.75091
101,5,316.0,551.0,504.0,833.0,410.0,692.0,60,140,EXCLUDED,UNKNOWN,11.6402,28.502665
101,20,801.0,452.0,921.0,691.0,861.0,571.5,60,140,EXCLUDED,UNKNOWN,32.715134,19.520096
101,4,1149.0,545.0,1252.0,810.0,1200.5,677.5,60,140,Team_B,WHITE,49.63824,25.889076
101,1,198.0,293.0,288.0,507.0,243.0,400.0,60,140,EXCLUDED,UNKNOWN,0.16083531,8.691451
101,2,448.0,416.0,530.0,681.0,489.0,548.5,60,140,Team_B,WHITE,14.204944,18.608103
101,22,1047.0,375.0,1133.0,628.0,1090.0,501.5,60,140,EXCLUDED,UNKNOWN,43.11049,14.47179
101,11,1254.0,250.0,1331.0,470.0,1292.5,360.0,60,140,Team_B,WHITE,51.599667,4.7428675
101,14,1051.0,926.0,1124.0,994.0,1087.5,960.0,60,140,Team_A,GREEN,46.498596,44.345936
101,10,1104.0,327.0,1195.0,619.0,1149.5,473.0,60,140,Team_A,GREEN,45.708614,12.483325
101,12,795.0,929.0,870.0,994.0,832.5,961.5,60,140,Team_B,WHITE,34.597816,45.169823
101,27,1156.0,272.0,1189.0,312.0,1172.5,292.0,60,140,EXCLUDED,UNKNOWN,45.40343,0.25725168
101,21,903.0,976.0,951.0,999.0,927.0,987.5,60,140,EXCLUDED,UNKNOWN,39.250492,46.5597
101,6,774.0,730.0,903.0,911.0,838.5,820.5,60,140,Team_A,GREEN,33.720654,36.023617
101,9,873.0,803.0,975.0,911.0,924.0,857.0,60,140,EXCLUDED,UNKNOWN,38.0718,38.179443
101,26,970.0,979.0,1003.0,1001.0,986.5,990.0,60,140,EXCLUDED,UNKNOWN,42.04561,46.544487
101,16,912.0,944.0,1001.0,977.0,956.5,960.5,60,140,Team_A,GREEN,40.417496,44.749485
101,28,912.0,944.0,1001.0,977.0,956.5,960.5,60,140,EXCLUDED,UNKNOWN,40.417496,44.749485
102,5,310.0,558.0,509.0,837.0,409.5,697.5,60,140,EXCLUDED,UNKNOWN,11.66878,28.874681
102,20,793.0,452.0,914.0,695.0,853.5,573.5,60,140,EXCLUDED,UNKNOWN,32.369724,19.667042
102,4,1152.0,547.0,1242.0,814.0,1197.0,680.5,60,140,Team_B,WHITE,49.49767,26.091589
102,2,444.0,417.0,526.0,683.0,485.0,550.0,60,140,Team_B,WHITE,14.018914,18.717443
102,11,1249.0,255.0,1327.0,475.0,1288.0,365.0,60,140,Team_B,WHITE,51.42503,5.0832653
102,22,1048.0,380.0,1136.0,637.0,1092.0,508.5,60,140,EXCLUDED,UNKNOWN,43.260178,14.93591
102,14,1051.0,926.0,1124.0,994.0,1087.5,960.0,60,140,Team_A,GREEN,46.498596,44.345936
102,10,1108.0,299.0,1192.0,620.0,1150.0,459.5,60,140,Team_A,GREEN,45.628513,11.580429
102,12,790.0,928.0,870.0,994.0,830.0,961.0,60,140,Team_B,WHITE,34.47554,45.144913
102,6,754.0,732.0,898.0,914.0,826.0,823.0,60,140,Team_A,GREEN,33.145462,36.217846
102,21,903.0,975.0,951.0,999.0,927.0,987.0,60,140,EXCLUDED,UNKNOWN,39.246548,46.527786
102,9,870.0,806.0,968.0,911.0,919.0,858.5,60,140,EXCLUDED,UNKNOWN,37.847942,38.289406
102,29,870.0,806.0,970.0,1059.0,920.0,932.5,60,140,EXCLUDED,UNKNOWN,38.486446,43.05827
102,26,970.0,978.0,1003.0,1001.0,986.5,989.5,60,140,EXCLUDED,UNKNOWN,42.041748,46.51266
103,5,306.0,564.0,507.0,839.0,406.5,701.5,60,140,EXCLUDED,UNKNOWN,11.5577,29.150965
103,20,785.0,452.0,914.0,697.0,849.5,574.5,60,140,EXCLUDED,UNKNOWN,32.18487,19.740978
103,2,440.0,419.0,524.0,685.0,482.0,552.0,60,140,Team_B,WHITE,13.887821,18.859219
103,4,1140.0,548.0,1236.0,817.0,1188.0,682.5,60,140,Team_B,WHITE,49.093914,26.239988
103,11,1244.0,259.0,1321.0,476.0,1282.5,367.5,60,140,Team_B,WHITE,51.184967,5.2568603
103,22,1046.0,390.0,1133.0,640.0,1089.5,515.0,60,140,EXCLUDED,UNKNOWN,43.192413,15.373134
103,14,1051.0,926.0,1123.0,994.0,1087.0,960.0,60,140,Team_A,GREEN,46.47551,44.347347
103,12,795.0,928.0,869.0,994.0,832.0,961.0,60,140,Team_B,WHITE,34.570087,45.139133
103,10,1108.0,352.0,1186.0,607.0,1147.0,479.5,60,140,Team_A,GREEN,45.640327,12.920782
103,6,737.0,735.0,889.0,911.0,813.0,823.0,60,140,Team_A,GREEN,32.524963,36.250294
103,21,903.0,975.0,951.0,999.0,927.0,987.0,60,140,EXCLUDED,UNKNOWN,39.246548,46.527786
103,16,912.0,944.0,1001.0,977.0,956.5,960.5,60,140,Team_A,GREEN,40.417496,44.749485
103,29,862.0,810.0,967.0,1072.0,914.5,941.0,60,140,EXCLUDED,UNKNOWN,38.295815,43.619385
104,5,308.0,569.0,500.0,842.0,404.0,705.5,60,140,EXCLUDED,UNKNOWN,11.471647,29.426088
104,20,778.0,453.0,909.0,699.0,843.5,576.0,60,140,EXCLUDED,UNKNOWN,31.9075,19.851921
104,2,437.0,420.0,529.0,688.0,483.0,554.0,60,140,Team_B,WHITE,13.957278,18.994032
104,22,1039.0,399.0,1140.0,645.0,1089.5,522.0,60,140,EXCLUDED,UNKNOWN,43.24714,15.839594
104,4,1137.0,551.0,1231.0,820.0,1184.0,685.5,60,140,Team_B,WHITE,48.93003,26.443575
104,11,1239.0,257.0,1316.0,478.0,1277.5,367.5,60,140,Team_B,WHITE,50.94987,5.2621098
104,6,715.0,736.0,889.0,999.0,802.0,867.5,60,140,Team_A,GREEN,32.372253,39.177757
104,14,1051.0,926.0,1123.0,993.0,1087.0,959.5,60,140,Team_A,GREEN,46.47178,44.31556
104,12,796.0,928.0,870.0,994.0,833.0,961.0,60,140,Team_B,WHITE,34.617355,45.136242
104,29,858.0,812.0,962.0,1078.0,910.0,945.0,60,140,EXCLUDED,UNKNOWN,38.116333,43.888763
104,10,1111.0,306.0,1198.0,594.0,1154.5,450.0,60,140,Team_A,GREEN,45.76847,10.938823
104,21,903.0,975.0,951.0,999.0,927.0,987.0,60,140,EXCLUDED,UNKNOWN,39.246548,46.527786
104,16,912.0,945.0,1000.0,977.0,956.0,961.0,60,140,Team_A,GREEN,40.398045,44.78288
104,26,971.0,978.0,1003.0,1001.0,987.0,989.5,60,140,EXCLUDED,UNKNOWN,42.065006,46.511196
105,5,314.0,572.0,497.0,846.0,405.5,709.0,60,140,EXCLUDED,UNKNOWN,11.580777,29.658493
105,20,770.0,452.0,902.0,703.0,836.0,577.5,60,140,EXCLUDED,UNKNOWN,31.55743,19.965544
105,2,430.0,422.0,537.0,690.0,483.5,556.0,60,140,Team_B,WHITE,14.001654,19.129679
105,22,1034.0,405.0,1140.0,644.0,1087.0,524.5,60,140,EXCLUDED,UNKNOWN,43.148144,16.009989
105,11,1234.0,261.0,1313.0,480.0,1273.5,370.5,60,140,Team_B,WHITE,50.78393,5.4677734
105,4,1130.0,552.0,1225.0,822.0,1177.5,687.0,60,140,Team_B,WHITE,48.63864,26.55448
105,14,1051.0,926.0,1124.0,993.0,1087.5,959.5,60,140,Team_A,GREEN,46.494865,44.31415
105,12,795.0,928.0,870.0,994.0,832.5,961.0,60,140,Team_B,WHITE,34.593723,45.137688
105,6,698.0,740.0,887.0,910.0,792.5,825.0,60,140,Team_A,GREEN,31.561806,36.432236
105,10,1113.0,305.0,1208.0,583.0,1160.5,444.0,60,140,Team_A,GREEN,46.006382,10.529294
105,29,852.0,816.0,954.0,1078.0,903.0,947.0,60,140,EXCLUDED,UNKNOWN,37.803387,44.036896
105,21,903.0,975.0,951.0,999.0,927.0,987.0,60,140,EXCLUDED,UNKNOWN,39.246548,46.527786
105,16,912.0,944.0,1001.0,977.0,956.5,960.5,60,140,Team_A,GREEN,40.417496,44.749485
106,5,324.0,575.0,489.0,843.0,406.5,709.0,60,140,EXCLUDED,UNKNOWN,11.630775,29.656248
106,20,764.0,453.0,895.0,707.0,829.5,580.0,60,140,EXCLUDED,UNKNOWN,31.26413,20.144455
106,2,423.0,425.0,539.0,689.0,481.0,557.0,60,140,Team_B,WHITE,13.885997,19.202305
106,22,1031.0,409.0,1142.0,647.0,1086.5,528.0,60,140,EXCLUDED,UNKNOWN,43.151806,16.243834
106,11,1229.0,258.0,1307.0,484.0,1268.0,371.0,60,140,Team_B,WHITE,50.528862,5.5071836
106,4,1128.0,556.0,1224.0,824.0,1176.0,690.0,60,140,Team_B,WHITE,48.591095,26.75304
106,14,1051.0,926.0,1124.0,993.0,1087.5,959.5,60,140,Team_A,GREEN,46.494865,44.31415
106,12,795.0,929.0,870.0,994.0,832.5,961.5,60,140,Team_B,WHITE,34.597816,45.169823
106,10,1108.0,336.0,1210.0,596.0,1159.0,466.0,60,140,Team_A,GREEN,46.10408,12.00268
106,6,675.0,741.0,891.0,996.0,783.0,868.5,60,140,Team_A,GREEN,31.474003,39.29283
106,21,903.0,975.0,952.0,999.0,927.5,987.0,60,140,EXCLUDED,UNKNOWN,39.26994,46.526318
106,16,912.0,944.0,1001.0,977.0,956.5,960.5,60,140,Team_A,GREEN,40.417496,44.749485
106,29,845.0,819.0,949.0,1079.0,897.0,949.0,60,140,EXCLUDED,UNKNOWN,37.53733,44.182255
106,30,1091.0,576.0,1121.0,602.0,1106.0,589.0,60,140,EXCLUDED,UNKNOWN,44.54736,20.257627
106,26,970.0,978.0,1003.0,1001.0,986.5,989.5,60,140,EXCLUDED,UNKNOWN,42.041748,46.51266
107,5,335.0,576.0,483.0,845.0,409.0,710.5,60,140,EXCLUDED,UNKNOWN,11.770348,29.751629
107,20,760.0,453.0,888.0,709.0,824.0,581.0,60,140,EXCLUDED,UNKNOWN,31.006332,20.221169
107,22,1033.0,411.0,1145.0,650.0,1089.0,530.5,60,140,EXCLUDED,UNKNOWN,43.28984,16.406322
107,2,423.0,426.0,538.0,687.0,480.5,556.5,60,140,Team_B,WHITE,13.8561,19.169054
107,11,1224.0,257.0,1305.0,483.0,1264.5,370.0,60,140,Team_B,WHITE,50.35669,5.44373
107,4,1124.0,557.0,1221.0,826.0,1172.5,691.5,60,140,Team_B,WHITE,48.439297,26.857912
107,6,652.0,744.0,891.0,1009.0,771.5,876.5,60,140,Team_A,GREEN,30.992048,39.843697
107,14,1051.0,926.0,1124.0,994.0,1087.5,960.0,60,140,Team_A,GREEN,46.498596,44.345936
107,12,796.0,929.0,870.0,994.0,833.0,961.5,60,140,Team_B,WHITE,34.62145,45.16838
107,10,1121.0,336.0,1224.0,630.0,1172.5,483.0,60,140,Team_A,GREEN,46.871216,13.118161
107,16,912.0,944.0,1001.0,977.0,956.5,960.5,60,140,Team_A,GREEN,40.417496,44.749485
107,21,903.0,975.0,952.0,999.0,927.5,987.0,60,140,EXCLUDED,UNKNOWN,39.26994,46.526318
107,29,844.0,819.0,940.0,1078.0,892.0,948.5,60,140,EXCLUDED,UNKNOWN,37.29816,44.164352
108,20,755.0,453.0,881.0,711.0,818.0,582.0,60,140,EXCLUDED,UNKNOWN,30.724195,20.2988
108,5,347.0,575.0,476.0,848.0,411.5,711.5,60,140,EXCLUDED,UNKNOWN,11.905002,29.813318
108,2,424.0,427.0,533.0,689.0,478.5,558.0,60,140,Team_B,WHITE,13.770326,19.27494
108,22,1033.0,416.0,1134.0,651.0,1083.5,533.5,60,140,EXCLUDED,UNKNOWN,43.052597,16.614653
108,6,634.0,746.0,889.0,1046.0,761.5,896.0,60,140,Team_A,GREEN,30.678991,41.137802
108,4,1112.0,556.0,1218.0,827.0,1165.0,691.5,60,140,Team_B,WHITE,48.089966,26.873203
108,11,1223.0,261.0,1299.0,483.0,1261.0,372.0,60,140,Team_B,WHITE,50.20676,5.5817943
108,14,1051.0,926.0,1123.0,994.0,1087.0,960.0,60,140,Team_A,GREEN,46.47551,44.347347
108,12,796.0,929.0,870.0,994.0,833.0,961.5,60,140,Team_B,WHITE,34.62145,45.16838
108,10,1105.0,356.0,1223.0,655.0,1164.0,505.5,60,140,Team_A,GREEN,46.64167,14.628374
108,29,838.0,824.0,937.0,1078.0,887.5,951.0,60,140,EXCLUDED,UNKNOWN,37.106514,44.337624
108,16,912.0,944.0,1001.0,977.0,956.5,960.5,60,140,Team_A,GREEN,40.417496,44.749485
108,21,903.0,975.0,951.0,999.0,927.0,987.0,60,140,EXCLUDED,UNKNOWN,39.246548,46.527786
109,5,359.0,574.0,471.0,853.0,415.0,713.5,60,140,EXCLUDED,UNKNOWN,12.099263,29.94002
109,20,749.0,454.0,873.0,713.0,811.0,583.5,60,140,EXCLUDED,UNKNOWN,30.39774,20.411755
109,22,1030.0,420.0,1131.0,654.0,1080.5,537.0,60,140,EXCLUDED,UNKNOWN,42.937763,16.852306
109,6,612.0,750.0,883.0,1052.0,747.5,901.0,60,140,Team_A,GREEN,30.052197,41.5007
109,2,423.0,427.0,527.0,685.0,475.0,556.0,60,140,Team_B,WHITE,13.575448,19.144547
109,4,1110.0,556.0,1217.0,828.0,1163.5,692.0,60,140,Team_B,WHITE,48.0238,26.908857
109,17,878.0,174.0,988.0,399.0,933.0,286.5,60,140,Team_A,GREEN,33.796562,0.07799104
109,14,1051.0,926.0,1124.0,994.0,1087.5,960.0,60,140,Team_A,GREEN,46.498596,44.345936
109,12,796.0,929.0,869.0,994.0,832.5,961.5,60,140,Team_B,WHITE,34.597816,45.169823
109,11,1221.0,266.0,1295.0,483.0,1258.0,374.5,60,140,Team_B,WHITE,50.084087,5.75292
109,10,1133.0,406.0,1222.0,660.0,1177.5,533.0,60,140,Team_A,GREEN,47.48548,16.433352
109,13,1165.0,251.0,1227.0,328.0,1196.0,289.5,60,140,Team_B,WHITE,46.504368,0.0680131
109,29,831.0,826.0,935.0,1078.0,883.0,952.0,60,140,EXCLUDED,UNKNOWN,36.902767,44.41463
109,16,912.0,944.0,1001.0,977.0,956.5,960.5,60,140,Team_A,GREEN,40.417496,44.749485
109,21,903.0,975.0,951.0,999.0,927.0,987.0,60,140,EXCLUDED,UNKNOWN,39.246548,46.527786
110,6,597.0,752.0,874.0,1057.0,735.5,904.5,60,140,Team_A,GREEN,29.507862,41.760952
110,20,745.0,455.0,869.0,715.0,807.0,585.0,60,140,EXCLUDED,UNKNOWN,30.21665,20.519411
110,5,368.0,574.0,466.0,857.0,417.0,715.5,60,140,EXCLUDED,UNKNOWN,12.218534,30.070044
110,4,1104.0,557.0,1217.0,828.0,1160.5,692.5,60,140,Team_B,WHITE,47.88772,26.947578
110,22,1032.0,422.0,1129.0,656.0,1080.5,539.0,60,140,EXCLUDED,UNKNOWN,42.95342,16.985355
110,2,424.0,427.0,521.0,685.0,472.5,556.0,60,140,Team_B,WHITE,13.450027,19.14892
110,17,875.0,173.0,983.0,400.0,929.0,286.5,60,140,Team_A,GREEN,33.60117,0.081286706
110,11,1221.0,269.0,1291.0,486.0,1256.0,377.5,60,140,Team_B,WHITE,50.012238,5.95654
110,10,1137.0,412.0,1227.0,665.0,1182.0,538.5,60,140,Team_A,GREEN,47.738346,16.79058
110,14,1051.0,926.0,1124.0,994.0,1087.5,960.0,60,140,Team_A,GREEN,46.498596,44.345936
110,12,795.0,929.0,870.0,994.0,832.5,961.5,60,140,Team_B,WHITE,34.597816,45.169823
110,13,1163.0,256.0,1222.0,328.0,1192.5,292.0,60,140,Team_B,WHITE,46.356934,0.24081409
110,16,912.0,944.0,1001.0,977.0,956.5,960.5,60,140,Team_A,GREEN,40.417496,44.749485
110,29,824.0,828.0,928.0,1078.0,876.0,953.0,60,140,EXCLUDED,UNKNOWN,36.581215,44.498806
110,21,903.0,975.0,951.0,999.0,927.0,987.0,60,140,EXCLUDED,UNKNOWN,39.246548,46.527786
111,20,743.0,455.0,865.0,716.0,804.0,585.5,60,140,EXCLUDED,UNKNOWN,30.075426,20.558279
111,6,580.0,755.0,862.0,1061.0,721.0,908.0,60,140,Team_A,GREEN,28.84334,42.028316
111,4,1101.0,558.0,1217.0,830.0,1159.0,694.0,60,140,Team_B,WHITE,47.82901,27.048431
111,5,366.0,574.0,461.0,862.0,413.5,718.0,60,140,EXCLUDED,UNKNOWN,12.068039,30.246126
111,2,422.0,427.0,518.0,684.0,470.0,555.5,60,140,Team_B,WHITE,13.319726,19.11915
111,17,870.0,180.0,983.0,402.0,926.5,291.0,60,140,Team_A,GREEN,33.51733,0.39318046
111,22,1039.0,424.0,1129.0,659.0,1084.0,541.5,60,140,EXCLUDED,UNKNOWN,43.138844,17.145998
111,10,1148.0,409.0,1233.0,657.0,1190.5,533.0,60,140,Team_A,GREEN,48.096012,16.412981
111,11,1216.0,265.0,1291.0,487.0,1253.5,376.0,60,140,Team_B,WHITE,49.8833,5.858509
111,14,1051.0,926.0,1124.0,994.0,1087.5,960.0,60,140,Team_A,GREEN,46.498596,44.345936
111,12,795.0,929.0,869.0,994.0,832.0,961.5,60,140,Team_B,WHITE,34.574184,45.17127
111,13,1159.0,256.0,1219.0,327.0,1189.0,291.5,60,140,Team_B,WHITE,46.18634,0.2096955
111,16,913.0,944.0,1001.0,977.0,957.0,960.5,60,140,Team_A,GREEN,40.44086,44.74806
111,29,821.0,831.0,926.0,1079.0,873.5,955.0,60,140,EXCLUDED,UNKNOWN,36.4796,44.63436
111,21,903.0,975.0,951.0,999.0,927.0,987.0,60,140,EXCLUDED,UNKNOWN,39.246548,46.527786
112,20,739.0,455.0,861.0,719.0,800.0,587.0,60,140,EXCLUDED,UNKNOWN,29.894262,20.665976
112,4,1100.0,556.0,1217.0,830.0,1158.5,693.0,60,140,Team_B,WHITE,47.79823,26.984264
112,6,567.0,757.0,856.0,1062.0,711.5,909.5,60,140,Team_A,GREEN,28.400797,42.152096
112,5,365.0,575.0,463.0,864.0,414.0,719.5,60,140,EXCLUDED,UNKNOWN,12.107562,30.345861
112,22,1039.0,427.0,1129.0,662.0,1084.0,544.5,60,140,EXCLUDED,UNKNOWN,43.162285,17.34543
112,2,421.0,426.0,513.0,686.0,467.0,556.0,60,140,Team_B,WHITE,13.173994,19.15855
112,17,867.0,181.0,977.0,403.0,922.0,292.0,60,140,Team_A,GREEN,33.30596,0.46580198
112,11,1209.0,258.0,1288.0,488.0,1248.5,373.0,60,140,Team_B,WHITE,49.625267,5.6623297
112,10,1153.0,409.0,1238.0,649.0,1195.5,529.0,60,140,Team_A,GREEN,48.300636,16.140247
112,14,1051.0,926.0,1124.0,993.0,1087.5,959.5,60,140,Team_A,GREEN,46.494865,44.31415
112,12,796.0,928.0,869.0,994.0,832.5,961.0,60,140,Team_B,WHITE,34.593723,45.137688
112,16,912.0,944.0,1001.0,977.0,956.5,960.5,60,140,Team_A,GREEN,40.417496,44.749485
112,29,820.0,832.0,923.0,1079.0,871.5,955.5,60,140,EXCLUDED,UNKNOWN,36.38942,44.672188
112,21,903.0,975.0,951.0,999.0,927.0,987.0,60,140,EXCLUDED,UNKNOWN,39.246548,46.527786
113,20,736.0,456.0,858.0,719.0,797.0,587.5,60,140,EXCLUDED,UNKNOWN,29.752968,20.70487
113,6,552.0,762.0,837.0,1059.0,694.5,910.5,60,140,Team_A,GREEN,27.593521,42.264317
113,5,363.0,575.0,480.0,867.0,421.5,721.0,60,140,EXCLUDED,UNKNOWN,12.496393,30.429613
113,22,1037.0,432.0,1130.0,676.0,1083.5,554.0,60,140,EXCLUDED,UNKNOWN,43.21279,17.977364
113,2,418.0,425.0,508.0,688.0,463.0,556.5,60,140,Team_B,WHITE,12.978011,19.199713
113,17,864.0,178.0,971.0,405.0,917.5,291.5,60,140,Team_A,GREEN,33.081715,0.43516502
113,11,1203.0,259.0,1286.0,491.0,1244.5,375.0,60,140,Team_B,WHITE,49.451633,5.8010263
113,4,1108.0,556.0,1214.0,826.0,1161.0,691.0,60,140,Team_B,WHITE,47.89982,26.848763
113,14,1051.0,926.0,1124.0,994.0,1087.5,960.0,60,140,Team_A,GREEN,46.498596,44.345936
113,10,1161.0,409.0,1268.0,656.0,1214.5,532.5,60,140,Team_A,GREEN,49.217484,16.342363
113,12,796.0,928.0,869.0,994.0,832.5,961.0,60,140,Team_B,WHITE,34.593723,45.137688
113,16,912.0,944.0,1001.0,977.0,956.5,960.5,60,140,Team_A,GREEN,40.417496,44.749485
113,29,816.0,834.0,919.0,1080.0,867.5,957.0,60,140,EXCLUDED,UNKNOWN,36.213066,44.779957
113,21,903.0,975.0,951.0,998.0,927.0,986.5,60,140,EXCLUDED,UNKNOWN,39.2426,46.49587
114,5,363.0,578.0,491.0,870.0,427.0,724.0,60,140,EXCLUDED,UNKNOWN,12.799668,30.618616
114,20,734.0,456.0,854.0,722.0,794.0,589.0,60,140,EXCLUDED,UNKNOWN,29.620283,20.810806
114,6,543.0,761.0,835.0,1062.0,689.0,911.5,60,140,Team_A,GREEN,27.337944,42.344654
114,4,1109.0,554.0,1211.0,818.0,1160.0,686.0,60,140,Team_B,WHITE,47.81583,26.524694
114,2,417.0,424.0,507.0,688.0,462.0,556.0,60,140,Team_B,WHITE,12.922928,19.167309
114,17,863.0,183.0,969.0,406.0,916.0,294.5,60,140,Team_A,GREEN,33.033997,0.6429881
114,22,1038.0,436.0,1129.0,673.0,1083.5,554.5,60,140,EXCLUDED,UNKNOWN,43.216694,18.010563
114,11,1203.0,263.0,1288.0,481.0,1245.5,372.0,60,140,Team_B,WHITE,49.476337,5.5983253
114,14,1051.0,926.0,1124.0,994.0,1087.5,960.0,60,140,Team_A,GREEN,46.498596,44.345936
114,12,796.0,929.0,870.0,994.0,833.0,961.5,60,140,Team_B,WHITE,34.62145,45.16838
114,10,1170.0,411.0,1260.0,665.0,1215.0,538.0,60,140,Team_A,GREEN,49.281822,16.705341
114,16,912.0,944.0,1001.0,977.0,956.5,960.5,60,140,Team_A,GREEN,40.417496,44.749485
114,29,813.0,837.0,915.0,1080.0,864.0,958.5,60,140,EXCLUDED,UNKNOWN,36.060246,44.886314
114,21,903.0,975.0,951.0,999.0,927.0,987.0,60,140,EXCLUDED,UNKNOWN,39.246548,46.527786
114,31,813.0,837.0,915.0,1080.0,864.0,958.5,60,140,EXCLUDED,UNKNOWN,36.060246,44.886314
115,5,362.0,580.0,494.0,872.0,428.0,726.0,60,140,EXCLUDED,UNKNOWN,12.868822,30.750645
115,20,734.0,456.0,852.0,724.0,793.0,590.0,60,140,EXCLUDED,UNKNOWN,29.580374,20.879635
115,2,416.0,423.0,508.0,689.0,462.0,556.0,60,140,Team_B,WHITE,12.922928,19.167309
115,6,534.0,761.0,826.0,1063.0,680.0,912.0,60,140,Team_A,GREEN,26.909634,42.402264
115,4,1107.0,553.0,1214.0,816.0,1160.5,684.5,60,140,Team_B,WHITE,47.82793,26.425817
115,22,1038.0,441.0,1137.0,672.0,1087.5,556.5,60,140,EXCLUDED,UNKNOWN,43.421623,18.13673
115,17,863.0,184.0,964.0,406.0,913.5,295.0,60,140,Team_A,GREEN,32.916023,0.6795405
115,10,1178.0,413.0,1290.0,664.0,1234.0,538.5,60,140,Team_A,GREEN,50.17419,16.708427
115,11,1202.0,261.0,1283.0,480.0,1242.5,370.5,60,140,Team_B,WHITE,49.3236,5.5006766
115,14,1051.0,926.0,1124.0,994.0,1087.5,960.0,60,140,Team_A,GREEN,46.498596,44.345936
115,12,796.0,928.0,870.0,994.0,833.0,961.0,60,140,Team_B,WHITE,34.617355,45.136242
115,16,912.0,944.0,1001.0,977.0,956.5,960.5,60,140,Team_A,GREEN,40.417496,44.749485
115,31,809.0,840.0,914.0,1080.0,861.5,960.0,60,140,EXCLUDED,UNKNOWN,35.954548,44.989807
115,21,903.0,975.0,951.0,999.0,927.0,987.0,60,140,EXCLUDED,UNKNOWN,39.246548,46.527786
116,5,361.0,581.0,489.0,875.0,425.0,728.0,60,140,EXCLUDED,UNKNOWN,12.7386055,30.89183
116,10,1184.0,413.0,1314.0,668.0,1249.0,540.5,60,140,Team_A,GREEN,50.889328,16.816814
116,2,413.0,422.0,511.0,690.0,462.0,556.0,60,140,Team_B,WHITE,12.922928,19.167309
116,20,734.0,456.0,849.0,726.0,791.5,591.0,60,140,EXCLUDED,UNKNOWN,29.516186,20.949366
116,22,1039.0,441.0,1145.0,675.0,1092.0,558.0,60,140,EXCLUDED,UNKNOWN,43.646194,18.228823
116,4,1113.0,553.0,1217.0,813.0,1165.0,683.0,60,140,Team_B,WHITE,48.026543,26.318869
116,17,864.0,189.0,960.0,408.0,912.0,298.5,60,140,Team_A,GREEN,32.872597,0.92175376
116,6,519.0,763.0,816.0,1066.0,667.5,914.5,60,140,Team_A,GREEN,26.32994,42.599854
116,11,1198.0,258.0,1280.0,475.0,1239.0,366.5,60,140,Team_B,WHITE,49.128433,5.235338
116,14,1051.0,926.0,1124.0,994.0,1087.5,960.0,60,140,Team_A,GREEN,46.498596,44.345936
116,12,796.0,928.0,870.0,994.0,833.0,961.0,60,140,Team_B,WHITE,34.617355,45.136242
116,29,802.0,843.0,907.0,1080.0,854.5,961.5,60,140,EXCLUDED,UNKNOWN,35.63662,45.10629
116,16,912.0,944.0,1001.0,977.0,956.5,960.5,60,140,Team_A,GREEN,40.417496,44.749485
116,21,903.0,975.0,952.0,999.0,927.5,987.0,60,140,EXCLUDED,UNKNOWN,39.26994,46.526318
117,5,360.0,583.0,485.0,881.0,422.5,732.0,60,140,EXCLUDED,UNKNOWN,12.652637,31.166132
117,2,411.0,420.0,512.0,692.0,461.5,556.0,60,140,Team_B,WHITE,12.897815,19.168184
117,20,735.0,457.0,845.0,728.0,790.0,592.5,60,140,EXCLUDED,UNKNOWN,29.456322,21.052608
117,10,1190.0,423.0,1335.0,674.0,1262.5,548.5,60,140,Team_A,GREEN,51.57721,17.32294
117,4,1117.0,549.0,1219.0,815.0,1168.0,682.0,60,140,Team_B,WHITE,48.15892,26.247585
117,6,507.0,764.0,799.0,1065.0,653.0,914.5,60,140,Team_A,GREEN,25.631437,42.640484
117,22,1040.0,440.0,1134.0,678.0,1087.0,559.0,60,140,EXCLUDED,UNKNOWN,43.417442,18.303463
117,17,865.0,185.0,956.0,409.0,910.5,297.0,60,140,Team_A,GREEN,32.786407,0.8197974
117,11,1197.0,257.0,1279.0,483.0,1238.0,370.0,60,140,Team_B,WHITE,49.10751,5.471833
117,14,1050.0,926.0,1124.0,994.0,1087.0,960.0,60,140,Team_A,GREEN,46.47551,44.347347
117,12,796.0,928.0,870.0,994.0,833.0,961.0,60,140,Team_B,WHITE,34.617355,45.136242
117,13,1140.0,246.0,1206.0,338.0,1173.0,292.0,60,140,Team_B,WHITE,45.427288,0.25684038
117,16,912.0,944.0,1001.0,977.0,956.5,960.5,60,140,Team_A,GREEN,40.417496,44.749485
117,29,801.0,846.0,899.0,1080.0,850.0,963.0,60,140,EXCLUDED,UNKNOWN,35.436512,45.215603
117,21,903.0,975.0,951.0,999.0,927.0,987.0,60,140,EXCLUDED,UNKNOWN,39.246548,46.527786
118,5,359.0,585.0,482.0,885.0,420.5,735.0,60,140,EXCLUDED,UNKNOWN,12.58194,31.372112
118,20,736.0,458.0,843.0,730.0,789.5,594.0,60,140,EXCLUDED,UNKNOWN,29.445017,21.154034
118,2,410.0,419.0,514.0,693.0,462.0,556.0,60,140,Team_B,WHITE,12.922928,19.167309
118,4,1117.0,547.0,1220.0,815.0,1168.5,681.0,60,140,Team_B,WHITE,48.174767,26.181334
118,6,492.0,763.0,784.0,1069.0,638.0,916.0,60,140,Team_A,GREEN,24.921055,42.7803
118,22,1040.0,437.0,1126.0,679.0,1083.0,558.0,60,140,EXCLUDED,UNKNOWN,43.220337,18.243734
118,11,1195.0,259.0,1276.0,487.0,1235.5,373.0,60,140,Team_B,WHITE,49.012043,5.6762495
118,17,868.0,187.0,954.0,410.0,911.0,298.5,60,140,Team_A,GREEN,32.823696,0.92261827
118,10,1195.0,438.0,1347.0,681.0,1271.0,559.5,60,140,Team_A,GREEN,52.05289,18.033546
118,14,1051.0,926.0,1124.0,993.0,1087.5,959.5,60,140,Team_A,GREEN,46.494865,44.31415
118,12,796.0,928.0,871.0,994.0,833.5,961.0,60,140,Team_B,WHITE,34.640987,45.134796
118,13,1140.0,250.0,1204.0,333.0,1172.0,291.5,60,140,Team_B,WHITE,45.375687,0.22364312
118,16,912.0,944.0,1001.0,977.0,956.5,960.5,60,140,Team_A,GREEN,40.417496,44.749485
118,21,902.0,975.0,951.0,999.0,926.5,987.0,60,140,EXCLUDED,UNKNOWN,39.223156,46.529255
118,29,798.0,848.0,895.0,1080.0,846.5,964.0,60,140,EXCLUDED,UNKNOWN,35.27948,45.28994
119,5,357.0,585.0,479.0,887.0,418.0,736.0,60,140,EXCLUDED,UNKNOWN,12.466986,31.44503
119,4,1115.0,547.0,1221.0,817.0,1168.0,682.0,60,140,Team_B,WHITE,48.15892,26.247585
119,2,408.0,417.0,515.0,694.0,461.5,555.5,60,140,Team_B,WHITE,12.892951,19.134022
119,20,739.0,458.0,840.0,731.0,789.5,594.5,60,140,EXCLUDED,UNKNOWN,29.44934,21.187536
119,22,1041.0,429.0,1126.0,680.0,1083.5,554.5,60,140,EXCLUDED,UNKNOWN,43.216694,18.010563
119,6,485.0,765.0,777.0,1072.0,631.0,918.5,60,140,Team_A,GREEN,24.605125,42.962887
119,17,869.0,191.0,951.0,410.0,910.0,300.5,60,140,Team_A,GREEN,32.7919,1.0611305
119,11,1192.0,255.0,1277.0,513.0,1234.5,384.0,60,140,Team_B,WHITE,49.04746,6.4165854
119,10,1198.0,421.0,1361.0,690.0,1279.5,555.5,60,140,Team_A,GREEN,52.419106,17.75652
119,14,1050.0,926.0,1124.0,993.0,1087.0,959.5,60,140,Team_A,GREEN,46.47178,44.31556
119,12,796.0,928.0,871.0,995.0,833.5,961.5,60,140,Team_B,WHITE,34.64508,45.166935
119,13,1141.0,245.0,1204.0,334.0,1172.5,289.5,60,140,Team_B,WHITE,45.384014,0.08713755
119,16,912.0,944.0,1001.0,977.0,956.5,960.5,60,140,Team_A,GREEN,40.417496,44.749485
119,29,798.0,850.0,890.0,1080.0,844.0,965.0,60,140,EXCLUDED,UNKNOWN,35.169624,45.361397
119,21,902.0,975.0,951.0,999.0,926.5,987.0,60,140,EXCLUDED,UNKNOWN,39.223156,46.529255
120,2,406.0,416.0,519.0,696.0,462.5,556.0,60,140,Team_B,WHITE,12.94804,19.166431
120,4,1114.0,546.0,1221.0,818.0,1167.5,682.0,60,140,Team_B,WHITE,48.135612,26.24859
120,6,471.0,765.0,772.0,1078.0,621.5,921.5,60,140,Team_A,GREEN,24.172691,43.1852
120,20,742.0,458.0,841.0,732.0,791.5,595.0,60,140,EXCLUDED,UNKNOWN,29.550764,21.2174
120,5,354.0,587.0,475.0,888.0,414.5,737.5,60,140,EXCLUDED,UNKNOWN,12.306993,31.553843
120,22,1041.0,421.0,1127.0,681.0,1084.0,551.0,60,140,EXCLUDED,UNKNOWN,43.213047,17.777313
120,17,857.0,194.0,949.0,411.0,903.0,302.5,60,140,Team_A,GREEN,32.466618,1.2048934
120,11,1193.0,254.0,1271.0,494.0,1232.0,374.0,60,140,Team_B,WHITE,48.854336,5.74725
120,14,1050.0,926.0,1124.0,994.0,1087.0,960.0,60,140,Team_A,GREEN,46.47551,44.347347
120,12,796.0,928.0,871.0,995.0,833.5,961.5,60,140,Team_B,WHITE,34.64508,45.166935
120,10,1201.0,456.0,1363.0,689.0,1282.0,572.5,60,140,Team_A,GREEN,52.658173,18.869959
120,29,795.0,851.0,889.0,1080.0,842.0,965.5,60,140,EXCLUDED,UNKNOWN,35.07928,45.399303
120,21,903.0,975.0,951.0,999.0,927.0,987.0,60,140,EXCLUDED,UNKNOWN,39.246548,46.527786
120,16,911.0,944.0,1001.0,977.0,956.0,960.5,60,140,Team_A,GREEN,40.39413,44.75091
120,26,970.0,979.0,1003.0,1001.0,986.5,990.0,60,140,EXCLUDED,UNKNOWN,42.04561,46.544487
121,2,405.0,415.0,521.0,696.0,463.0,555.5,60,140,Team_B,WHITE,12.96829,19.131397
121,5,352.0,587.0,473.0,890.0,412.5,738.5,60,140,EXCLUDED,UNKNOWN,12.21694,31.625616
121,4,1114.0,546.0,1224.0,819.0,1169.0,682.5,60,140,Team_B,WHITE,48.20925,26.278193
121,6,446.0,765.0,765.0,1078.0,605.5,921.5,60,140,Team_A,GREEN,23.398876,43.230556
121,20,744.0,459.0,842.0,730.0,793.0,594.5,60,140,EXCLUDED,UNKNOWN,29.619257,21.181177
121,10,1188.0,458.0,1359.0,691.0,1273.5,574.5,60,140,Team_A,GREEN,52.27789,19.015547
121,22,1043.0,413.0,1129.0,681.0,1086.0,547.0,60,140,EXCLUDED,UNKNOWN,43.276535,17.508327
121,17,855.0,197.0,947.0,411.0,901.0,304.0,60,140,Team_A,GREEN,32.381622,1.3098868
121,11,1191.0,255.0,1271.0,488.0,1231.0,371.5,60,140,Team_B,WHITE,48.788307,5.5801783
121,14,1050.0,926.0,1125.0,994.0,1087.5,960.0,60,140,Team_A,GREEN,46.498596,44.345936
121,12,796.0,928.0,871.0,995.0,833.5,961.5,60,140,Team_B,WHITE,34.64508,45.166935
121,29,790.0,853.0,887.0,1078.0,838.5,965.5,60,140,EXCLUDED,UNKNOWN,34.91401,45.40945
121,16,911.0,944.0,1001.0,977.0,956.0,960.5,60,140,Team_A,GREEN,40.39413,44.75091
121,21,902.0,975.0,951.0,999.0,926.5,987.0,60,140,EXCLUDED,UNKNOWN,39.223156,46.529255
122,4,1114.0,546.0,1223.0,820.0,1168.5,683.0,60,140,Team_B,WHITE,48.18968,26.31182
122,5,349.0,588.0,467.0,893.0,408.0,740.5,60,140,EXCLUDED,UNKNOWN,12.01187,31.770353
122,2,405.0,415.0,524.0,697.0,464.5,556.0,60,140,Team_B,WHITE,13.048476,19.162928
122,20,747.0,459.0,842.0,730.0,794.5,594.5,60,140,EXCLUDED,UNKNOWN,29.69206,21.178453
122,6,446.0,765.0,756.0,1079.0,601.0,922.0,60,140,Team_A,GREEN,23.185488,43.275932
122,17,850.0,197.0,947.0,411.0,898.5,304.0,60,140,Team_A,GREEN,32.25927,1.3120953
122,10,1183.0,459.0,1355.0,689.0,1269.0,574.0,60,140,Team_A,GREEN,52.065163,18.990246
122,22,1045.0,409.0,1130.0,682.0,1087.5,545.5,60,140,EXCLUDED,UNKNOWN,43.33586,17.406225
122,11,1190.0,255.0,1272.0,492.0,1231.0,373.5,60,140,Team_B,WHITE,48.80336,5.7146993
122,14,1050.0,926.0,1124.0,994.0,1087.0,960.0,60,140,Team_A,GREEN,46.47551,44.347347
122,12,795.0,928.0,870.0,995.0,832.5,961.5,60,140,Team_B,WHITE,34.597816,45.169823
122,29,789.0,854.0,884.0,1078.0,836.5,966.0,60,140,EXCLUDED,UNKNOWN,34.823627,45.44737
122,16,911.0,944.0,1001.0,977.0,956.0,960.5,60,140,Team_A,GREEN,40.39413,44.75091
122,21,903.0,975.0,951.0,999.0,927.0,987.0,60,140,EXCLUDED,UNKNOWN,39.246548,46.527786
123,5,345.0,588.0,465.0,895.0,405.0,741.5,60,140,EXCLUDED,UNKNOWN,11.871896,31.844492
123,4,1114.0,545.0,1224.0,820.0,1169.0,682.5,60,140,Team_B,WHITE,48.20925,26.278193
123,2,405.0,415.0,526.0,696.0,465.5,555.5,60,140,Team_B,WHITE,13.09383,19.127022
123,6,444.0,765.0,746.0,1079.0,595.0,922.0,60,140,Team_A,GREEN,22.894894,43.292973
123,20,753.0,459.0,842.0,732.0,797.5,595.5,60,140,EXCLUDED,UNKNOWN,29.846262,21.23998
123,17,843.0,198.0,945.0,411.0,894.0,304.5,60,140,Team_A,GREEN,32.043266,1.3504918
123,10,1188.0,454.0,1354.0,689.0,1271.0,571.5,60,140,Team_A,GREEN,52.13998,18.822628
123,22,1045.0,406.0,1132.0,680.0,1088.5,543.0,60,140,EXCLUDED,UNKNOWN,43.363716,17.23847
123,11,1190.0,253.0,1272.0,491.0,1231.0,372.0,60,140,Team_B,WHITE,48.792072,5.613811
123,14,1050.0,926.0,1124.0,993.0,1087.0,959.5,60,140,Team_A,GREEN,46.47178,44.31556
123,12,795.0,928.0,871.0,995.0,833.0,961.5,60,140,Team_B,WHITE,34.62145,45.16838
123,16,912.0,944.0,1001.0,977.0,956.5,960.5,60,140,Team_A,GREEN,40.417496,44.749485
123,29,788.0,856.0,882.0,1078.0,835.0,967.0,60,140,EXCLUDED,UNKNOWN,34.760944,45.515957
123,21,903.0,975.0,951.0,999.0,927.0,987.0,60,140,EXCLUDED,UNKNOWN,39.246548,46.527786
124,5,337.0,589.0,466.0,897.0,401.5,743.0,60,140,EXCLUDED,UNKNOWN,11.711802,31.953373
124,4,1114.0,545.0,1223.0,822.0,1168.5,683.5,60,140,Team_B,WHITE,48.193405,26.344435
124,2,404.0,415.0,525.0,690.0,464.5,552.5,60,140,Team_B,WHITE,13.014463,18.923792
124,6,432.0,768.0,737.0,1077.0,584.5,922.5,60,140,Team_A,GREEN,22.390438,43.35545
124,20,754.0,459.0,840.0,734.0,797.0,596.5,60,140,EXCLUDED,UNKNOWN,29.830627,21.307861
124,17,837.0,201.0,943.0,411.0,890.0,306.0,60,140,Team_A,GREEN,31.860287,1.4573022
124,10,1175.0,440.0,1357.0,692.0,1266.0,566.0,60,140,Team_A,GREEN,51.86757,18.469357
124,11,1192.0,255.0,1277.0,499.0,1234.5,377.0,60,140,Team_B,WHITE,48.994896,5.946246
124,22,1045.0,392.0,1135.0,682.0,1090.0,537.0,60,140,EXCLUDED,UNKNOWN,43.387955,16.837168
124,14,1050.0,926.0,1124.0,994.0,1087.0,960.0,60,140,Team_A,GREEN,46.47551,44.347347
124,12,796.0,927.0,871.0,995.0,833.5,961.0,60,140,Team_B,WHITE,34.640987,45.134796
124,29,786.0,858.0,880.0,1078.0,833.0,968.0,60,140,EXCLUDED,UNKNOWN,34.674637,45.586
124,16,912.0,944.0,1001.0,977.0,956.5,960.5,60,140,Team_A,GREEN,40.417496,44.749485
124,21,903.0,975.0,951.0,999.0,927.0,987.0,60,140,EXCLUDED,UNKNOWN,39.246548,46.527786
125,5,332.0,589.0,465.0,899.0,398.5,744.0,60,140,EXCLUDED,UNKNOWN,11.571777,32.027542
125,2,404.0,415.0,527.0,689.0,465.5,552.0,60,140,Team_B,WHITE,13.059827,18.887882
125,4,1116.0,544.0,1223.0,821.0,1169.5,682.5,60,140,Team_B,WHITE,48.23255,26.277187
125,6,431.0,770.0,727.0,1078.0,579.0,924.0,60,140,Team_A,GREEN,22.137127,43.469
125,20,753.0,459.0,840.0,735.0,796.5,597.0,60,140,EXCLUDED,UNKNOWN,29.810682,21.342255
125,22,1045.0,394.0,1137.0,685.0,1091.0,539.5,60,140,EXCLUDED,UNKNOWN,43.454815,17.0018
125,17,837.0,201.0,942.0,412.0,889.5,306.5,60,140,Team_A,GREEN,31.840103,1.4921671
125,11,1195.0,256.0,1278.0,492.0,1236.5,374.0,60,140,Team_B,WHITE,49.06675,5.742414
125,10,1178.0,443.0,1358.0,692.0,1268.0,567.5,60,140,Team_A,GREEN,51.97148,18.564686
125,14,1050.0,926.0,1124.0,994.0,1087.0,960.0,60,140,Team_A,GREEN,46.47551,44.347347
125,12,796.0,927.0,871.0,995.0,833.5,961.0,60,140,Team_B,WHITE,34.640987,45.134796
125,29,782.0,859.0,879.0,1079.0,830.5,969.0,60,140,EXCLUDED,UNKNOWN,34.564697,45.6575
125,16,911.0,944.0,1001.0,977.0,956.0,960.5,60,140,Team_A,GREEN,40.39413,44.75091
125,21,903.0,975.0,952.0,999.0,927.5,987.0,60,140,EXCLUDED,UNKNOWN,39.26994,46.526318
126,5,327.0,590.0,468.0,901.0,397.5,745.5,60,140,EXCLUDED,UNKNOWN,11.5364485,32.130554
126,2,405.0,414.0,530.0,687.0,467.5,550.5,60,140,Team_B,WHITE,13.145693,18.781898
126,17,826.0,204.0,932.0,412.0,879.0,308.0,60,140,Team_A,GREEN,31.338516,1.6048406
126,4,1117.0,543.0,1223.0,821.0,1170.0,682.0,60,140,Team_B,WHITE,48.252125,26.243563
126,20,751.0,460.0,840.0,737.0,795.5,598.5,60,140,EXCLUDED,UNKNOWN,29.775108,21.44452
126,6,433.0,768.0,720.0,1078.0,576.5,923.0,60,140,Team_A,GREEN,22.006845,43.41086
126,22,1043.0,392.0,1139.0,687.0,1091.0,539.5,60,140,EXCLUDED,UNKNOWN,43.454815,17.0018
126,11,1197.0,259.0,1276.0,481.0,1236.5,370.0,60,140,Team_B,WHITE,49.03671,5.473426
126,14,1051.0,926.0,1124.0,993.0,1087.5,959.5,60,140,Team_A,GREEN,46.494865,44.31415
126,12,797.0,928.0,870.0,995.0,833.5,961.5,60,140,Team_B,WHITE,34.64508,45.166935
126,10,1174.0,384.0,1360.0,692.0,1267.0,538.0,60,140,Team_A,GREEN,51.71026,16.623516
126,16,911.0,944.0,1000.0,977.0,955.5,960.5,60,140,Team_A,GREEN,40.37076,44.75234
126,29,780.0,861.0,878.0,1074.0,829.0,967.5,60,140,EXCLUDED,UNKNOWN,34.481525,45.565517
126,21,902.0,975.0,952.0,999.0,927.0,987.0,60,140,EXCLUDED,UNKNOWN,39.246548,46.527786
127,5,323.0,591.0,469.0,902.0,396.0,746.5,60,140,EXCLUDED,UNKNOWN,11.471294,32.2012
127,2,406.0,414.0,533.0,682.0,469.5,548.0,60,140,Team_B,WHITE,13.2218485,18.607565
127,17,819.0,205.0,923.0,413.0,871.0,309.0,60,140,Team_A,GREEN,30.954834,1.6809111
127,4,1119.0,543.0,1230.0,819.0,1174.5,681.0,60,140,Team_B,WHITE,48.454338,26.169287
127,20,750.0,460.0,839.0,738.0,794.5,599.0,60,140,EXCLUDED,UNKNOWN,29.730906,21.479828
127,6,428.0,772.0,709.0,1078.0,568.5,925.0,60,140,Team_A,GREEN,21.636497,43.564243
127,22,1040.0,399.0,1141.0,689.0,1090.5,544.0,60,140,EXCLUDED,UNKNOWN,43.466213,17.301702
127,11,1197.0,260.0,1277.0,482.0,1237.0,371.0,60,140,Team_B,WHITE,49.06782,5.5401516
127,10,1168.0,386.0,1360.0,690.0,1264.0,538.0,60,140,Team_A,GREEN,51.570477,16.628225
127,12,797.0,928.0,870.0,995.0,833.5,961.5,60,140,Team_B,WHITE,34.64508,45.166935
127,14,1051.0,926.0,1124.0,993.0,1087.5,959.5,60,140,Team_A,GREEN,46.494865,44.31415
127,13,1139.0,247.0,1204.0,334.0,1171.5,290.5,60,140,Team_B,WHITE,45.344055,0.15600671
127,16,912.0,944.0,1001.0,977.0,956.5,960.5,60,140,Team_A,GREEN,40.417496,44.749485
127,29,775.0,865.0,882.0,1079.0,828.5,972.0,60,140,EXCLUDED,UNKNOWN,34.494755,45.85599
127,21,903.0,975.0,952.0,999.0,927.5,987.0,60,140,EXCLUDED,UNKNOWN,39.26994,46.526318
128,5,319.0,593.0,469.0,905.0,394.0,749.0,60,140,EXCLUDED,UNKNOWN,11.395779,32.37366
128,17,814.0,206.0,915.0,412.0,864.5,309.0,60,140,Team_A,GREEN,30.635847,1.6867768
128,2,408.0,414.0,528.0,686.0,468.0,550.0,60,140,Team_B,WHITE,13.165945,18.74686
128,6,427.0,773.0,700.0,1078.0,563.5,925.5,60,140,Team_A,GREEN,21.398163,43.611183
128,20,748.0,462.0,839.0,739.0,793.5,600.5,60,140,EXCLUDED,UNKNOWN,29.695333,21.582087
128,4,1121.0,542.0,1236.0,817.0,1178.5,679.5,60,140,Team_B,WHITE,48.62949,26.063423
128,22,1038.0,401.0,1144.0,689.0,1091.0,545.0,60,140,EXCLUDED,UNKNOWN,43.497677,17.36734
128,10,1154.0,389.0,1358.0,689.0,1256.0,539.0,60,140,Team_A,GREEN,51.204853,16.706783
128,11,1198.0,262.0,1278.0,479.0,1238.0,370.5,60,140,Team_B,WHITE,49.111263,5.5054607
128,14,1050.0,926.0,1124.0,994.0,1087.0,960.0,60,140,Team_A,GREEN,46.47551,44.347347
128,12,796.0,927.0,870.0,995.0,833.0,961.0,60,140,Team_B,WHITE,34.617355,45.136242
128,13,1140.0,253.0,1204.0,334.0,1172.0,293.5,60,140,Team_B,WHITE,45.391216,0.35971162
128,16,911.0,944.0,1001.0,977.0,956.0,960.5,60,140,Team_A,GREEN,40.39413,44.75091
128,29,766.0,867.0,874.0,1079.0,820.0,973.0,60,140,EXCLUDED,UNKNOWN,34.101154,45.94507
128,21,903.0,975.0,952.0,999.0,927.5,987.0,60,140,EXCLUDED,UNKNOWN,39.26994,46.526318
129,5,316.0,596.0,469.0,909.0,392.5,752.5,60,140,EXCLUDED,UNKNOWN,11.354972,32.611984
129,17,806.0,207.0,908.0,416.0,857.0,311.5,60,140,Team_A,GREEN,30.289316,1.8658357
129,2,412.0,414.0,527.0,687.0,469.5,550.5,60,140,Team_B,WHITE,13.246117,18.778433
129,4,1124.0,539.0,1244.0,815.0,1184.0,677.0,60,140,Team_B,WHITE,48.867023,25.889357
129,20,747.0,463.0,839.0,740.0,793.0,601.5,60,140,EXCLUDED,UNKNOWN,29.679705,21.64995
129,22,1038.0,398.0,1149.0,690.0,1093.5,544.0,60,140,EXCLUDED,UNKNOWN,43.60823,17.29686
129,14,1051.0,926.0,1124.0,993.0,1087.5,959.5,60,140,Team_A,GREEN,46.494865,44.31415
129,6,435.0,777.0,690.0,1078.0,562.5,927.5,60,140,Team_A,GREEN,21.367632,43.74463
129,11,1197.0,259.0,1278.0,469.0,1237.5,364.0,60,140,Team_B,WHITE,49.03884,5.068682
129,10,1146.0,376.0,1356.0,690.0,1251.0,533.0,60,140,Team_A,GREEN,50.927612,16.31851
129,12,796.0,927.0,870.0,995.0,833.0,961.0,60,140,Team_B,WHITE,34.617355,45.136242
129,29,763.0,868.0,872.0,1079.0,817.5,973.5,60,140,EXCLUDED,UNKNOWN,33.98703,45.984505
129,16,911.0,944.0,1001.0,977.0,956.0,960.5,60,140,Team_A,GREEN,40.39413,44.75091
129,21,903.0,975.0,952.0,999.0,927.5,987.0,60,140,EXCLUDED,UNKNOWN,39.26994,46.526318
130,5,314.0,598.0,470.0,912.0,392.0,755.0,60,140,EXCLUDED,UNKNOWN,11.354355,32.780815
130,17,800.0,208.0,903.0,425.0,851.5,316.5,60,140,Team_A,GREEN,30.062721,2.2153692
130,6,483.0,778.0,677.0,1079.0,580.0,928.5,60,140,Team_A,GREEN,22.226011,43.759747
130,2,415.0,413.0,524.0,682.0,469.5,547.5,60,140,Team_B,WHITE,13.216994,18.573387
130,20,747.0,464.0,839.0,740.0,793.0,602.0,60,140,EXCLUDED,UNKNOWN,29.684021,21.68342
130,22,1038.0,393.0,1152.0,691.0,1095.0,542.0,60,140,EXCLUDED,UNKNOWN,43.66366,17.161552
130,4,1130.0,537.0,1249.0,809.0,1189.5,673.0,60,140,Team_B,WHITE,49.093388,25.617476
130,14,1051.0,926.0,1124.0,994.0,1087.5,960.0,60,140,Team_A,GREEN,46.498596,44.345936
130,11,1195.0,257.0,1280.0,475.0,1237.5,366.0,60,140,Team_B,WHITE,49.053867,5.203272
130,12,795.0,927.0,870.0,995.0,832.5,961.0,60,140,Team_B,WHITE,34.593723,45.137688
130,29,758.0,870.0,871.0,1080.0,814.5,975.0,60,140,EXCLUDED,UNKNOWN,33.857464,46.089645
130,10,1156.0,345.0,1354.0,686.0,1255.0,515.5,60,140,Team_A,GREEN,50.985897,15.155603
130,16,911.0,944.0,1001.0,977.0,956.0,960.5,60,140,Team_A,GREEN,40.39413,44.75091
130,21,902.0,975.0,952.0,999.0,927.0,987.0,60,140,EXCLUDED,UNKNOWN,39.246548,46.527786
131,5,313.0,601.0,470.0,916.0,391.5,758.5,60,140,EXCLUDED,UNKNOWN,11.363473,33.016636
131,17,794.0,208.0,900.0,431.0,847.0,319.5,60,140,Team_A,GREEN,29.867804,2.4262114
131,2,417.0,411.0,520.0,685.0,468.5,548.0,60,140,Team_B,WHITE,13.171631,18.609291
131,20,746.0,465.0,840.0,740.0,793.0,602.5,60,140,EXCLUDED,UNKNOWN,29.688337,21.716888
131,4,1134.0,533.0,1247.0,806.0,1190.5,669.5,60,140,Team_B,WHITE,49.11402,25.387108
131,6,476.0,779.0,678.0,1079.0,577.0,929.0,60,140,Team_A,GREEN,22.084997,43.800957
131,22,1039.0,386.0,1155.0,690.0,1097.0,538.0,60,140,EXCLUDED,UNKNOWN,43.7272,16.892498
131,11,1195.0,258.0,1279.0,485.0,1237.0,371.5,60,140,Team_B,WHITE,49.071575,5.5737767
131,14,1051.0,926.0,1124.0,993.0,1087.5,959.5,60,140,Team_A,GREEN,46.494865,44.31415
131,12,796.0,927.0,871.0,995.0,833.5,961.0,60,140,Team_B,WHITE,34.640987,45.134796
131,10,1156.0,331.0,1345.0,687.0,1250.5,509.0,60,140,Team_A,GREEN,50.727863,14.732107
131,13,1140.0,240.0,1204.0,338.0,1172.0,289.0,60,140,Team_B,WHITE,45.356266,0.053515725
131,16,911.0,944.0,1001.0,977.0,956.0,960.5,60,140,Team_A,GREEN,40.39413,44.75091
131,21,902.0,975.0,952.0,999.0,927.0,987.0,60,140,EXCLUDED,UNKNOWN,39.246548,46.527786
131,29,754.0,873.0,872.0,1080.0,813.0,976.5,60,140,EXCLUDED,UNKNOWN,33.798843,46.19039
132,17,790.0,208.0,897.0,432.0,843.5,320.0,60,140,Team_A,GREEN,29.700157,2.4639394
132,5,311.0,604.0,465.0,919.0,388.0,761.5,60,140,EXCLUDED,UNKNOWN,11.217998,33.22611
132,20,746.0,467.0,840.0,740.0,793.0,603.5,60,140,EXCLUDED,UNKNOWN,29.696968,21.78382
132,2,420.0,411.0,521.0,690.0,470.5,550.5,60,140,Team_B,WHITE,13.296321,18.7767
132,4,1138.0,531.0,1247.0,806.0,1192.5,668.5,60,140,Team_B,WHITE,49.199707,25.317905
132,22,1041.0,405.0,1161.0,692.0,1101.0,548.5,60,140,EXCLUDED,UNKNOWN,43.998016,17.583574
132,11,1197.0,262.0,1277.0,485.0,1237.0,373.5,60,140,Team_B,WHITE,49.08659,5.7082605
132,14,1050.0,926.0,1124.0,994.0,1087.0,960.0,60,140,Team_A,GREEN,46.47551,44.347347
132,6,421.0,774.0,671.0,1079.0,546.0,926.5,60,140,Team_A,GREEN,20.5564,43.726612
132,13,1140.0,248.0,1202.0,336.0,1171.0,292.0,60,140,Team_B,WHITE,45.331844,0.25848576
132,12,794.0,927.0,871.0,995.0,832.5,961.0,60,140,Team_B,WHITE,34.593723,45.137688
132,10,1196.0,323.0,1327.0,683.0,1261.5,503.0,60,140,Team_A,GREEN,51.197777,14.3185425
132,16,911.0,944.0,1001.0,977.0,956.0,960.5,60,140,Team_A,GREEN,40.39413,44.75091
132,21,902.0,975.0,952.0,999.0,927.0,987.0,60,140,EXCLUDED,UNKNOWN,39.246548,46.527786
132,29,752.0,874.0,867.0,1079.0,809.5,976.5,60,140,EXCLUDED,UNKNOWN,33.63324,46.200676
133,5,310.0,607.0,461.0,923.0,385.5,765.0,60,140,EXCLUDED,UNKNOWN,11.127315,33.466656
133,2,423.0,411.0,520.0,687.0,471.5,549.0,60,140,Team_B,WHITE,13.33197,18.672462
133,20,745.0,469.0,841.0,741.0,793.0,605.0,60,140,EXCLUDED,UNKNOWN,29.709913,21.884201
133,17,788.0,212.0,893.0,434.0,840.5,323.0,60,140,Team_A,GREEN,29.57893,2.6734085
133,4,1139.0,528.0,1251.0,805.0,1195.0,666.5,60,140,Team_B,WHITE,49.301258,25.182455
133,6,384.0,770.0,663.0,1079.0,523.5,924.5,60,140,Team_A,GREEN,19.442179,43.660366
133,11,1196.0,260.0,1276.0,491.0,1236.0,375.5,60,140,Team_B,WHITE,49.054417,5.8437943
133,13,1139.0,254.0,1202.0,337.0,1170.5,295.5,60,140,Team_B,WHITE,45.33517,0.49700123
133,14,1050.0,926.0,1124.0,993.0,1087.0,959.5,60,140,Team_A,GREEN,46.47178,44.31556
133,22,1043.0,386.0,1162.0,688.0,1102.5,537.0,60,140,EXCLUDED,UNKNOWN,43.979702,16.817268
133,12,796.0,927.0,870.0,995.0,833.0,961.0,60,140,Team_B,WHITE,34.617355,45.136242
133,10,1192.0,323.0,1309.0,681.0,1250.5,502.0,60,140,Team_A,GREEN,50.676327,14.268408
133,16,911.0,944.0,1001.0,977.0,956.0,960.5,60,140,Team_A,GREEN,40.39413,44.75091
133,21,902.0,975.0,952.0,999.0,927.0,987.0,60,140,EXCLUDED,UNKNOWN,39.246548,46.527786
134,5,308.0,612.0,456.0,925.0,382.0,768.5,60,140,EXCLUDED,UNKNOWN,10.986726,33.709606
134,2,426.0,411.0,518.0,686.0,472.0,548.5,60,140,Team_B,WHITE,13.3522215,18.637426
134,20,745.0,469.0,843.0,742.0,794.0,605.5,60,140,EXCLUDED,UNKNOWN,29.76273,21.915808
134,17,778.0,215.0,880.0,434.0,829.0,324.5,60,140,Team_A,GREEN,29.02646,2.7876985
134,4,1142.0,526.0,1250.0,799.0,1196.0,662.5,60,140,Team_B,WHITE,49.318222,24.91936
134,13,1138.0,258.0,1201.0,340.0,1169.5,299.0,60,140,Team_B,WHITE,45.314644,0.73585945
134,11,1195.0,262.0,1279.0,500.0,1237.0,381.0,60,140,Team_B,WHITE,49.142876,6.2123146
134,22,1047.0,420.0,1161.0,688.0,1104.0,554.0,60,140,EXCLUDED,UNKNOWN,44.18247,17.943666
134,6,385.0,767.0,655.0,1079.0,520.0,923.0,60,140,Team_A,GREEN,19.25773,43.57225
134,12,797.0,928.0,870.0,995.0,833.5,961.5,60,140,Team_B,WHITE,34.64508,45.166935
134,14,1050.0,926.0,1124.0,994.0,1087.0,960.0,60,140,Team_A,GREEN,46.47551,44.347347
134,10,1179.0,323.0,1296.0,678.0,1237.5,500.5,60,140,Team_A,GREEN,50.056946,14.187984
134,21,902.0,975.0,952.0,999.0,927.0,987.0,60,140,EXCLUDED,UNKNOWN,39.246548,46.527786
134,16,911.0,944.0,1001.0,977.0,956.0,960.5,60,140,Team_A,GREEN,40.39413,44.75091
135,5,303.0,616.0,453.0,928.0,378.0,772.0,60,140,EXCLUDED,UNKNOWN,10.82118,33.953766
135,20,746.0,470.0,846.0,742.0,796.0,606.0,60,140,EXCLUDED,UNKNOWN,29.864033,21.945559
135,2,430.0,411.0,516.0,686.0,473.0,548.5,60,140,Team_B,WHITE,13.40242,18.6357
135,17,770.0,220.0,866.0,435.0,818.0,327.5,60,140,Team_A,GREEN,28.511328,3.0049887
135,4,1147.0,529.0,1254.0,796.0,1200.5,662.5,60,140,Team_B,WHITE,49.52762,24.91059
135,11,1197.0,259.0,1280.0,504.0,1238.5,381.5,60,140,Team_B,WHITE,49.217373,6.2442575
135,13,1139.0,260.0,1200.0,334.0,1169.5,297.0,60,140,Team_B,WHITE,45.299107,0.59985673
135,12,797.0,928.0,870.0,994.0,833.5,961.0,60,140,Team_B,WHITE,34.640987,45.134796
135,22,1047.0,416.0,1162.0,686.0,1104.5,551.0,60,140,EXCLUDED,UNKNOWN,44.182858,17.743803
135,14,1051.0,926.0,1124.0,994.0,1087.5,960.0,60,140,Team_A,GREEN,46.498596,44.345936
135,6,414.0,766.0,643.0,1079.0,528.5,922.5,60,140,Team_A,GREEN,19.667685,43.515205
135,10,1164.0,303.0,1284.0,681.0,1224.0,492.0,60,140,Team_A,GREEN,49.361145,13.643421
135,21,902.0,975.0,952.0,999.0,927.0,987.0,60,140,EXCLUDED,UNKNOWN,39.246548,46.527786
135,16,911.0,945.0,1001.0,977.0,956.0,961.0,60,140,Team_A,GREEN,40.398045,44.78288
136,5,296.0,620.0,449.0,938.0,372.5,779.0,60,140,EXCLUDED,UNKNOWN,10.614939,34.43591
136,20,746.0,472.0,842.0,743.0,794.0,607.5,60,140,EXCLUDED,UNKNOWN,29.779978,22.049612
136,17,766.0,224.0,852.0,436.0,809.0,330.0,60,140,Team_A,GREEN,28.089981,3.1860213
136,2,432.0,410.0,509.0,686.0,470.5,548.0,60,140,Team_B,WHITE,13.272061,18.60584
136,4,1154.0,532.0,1263.0,794.0,1208.5,663.0,60,140,Team_B,WHITE,49.903343,24.927637
136,6,421.0,764.0,641.0,1079.0,531.0,921.5,60,140,Team_A,GREEN,19.780416,43.44264
136,11,1198.0,262.0,1280.0,505.0,1239.0,383.5,60,140,Team_B,WHITE,49.255943,6.3780346
136,22,1050.0,418.0,1161.0,683.0,1105.5,550.5,60,140,EXCLUDED,UNKNOWN,44.226246,17.70899
136,12,797.0,928.0,870.0,994.0,833.5,961.0,60,140,Team_B,WHITE,34.640987,45.134796
136,13,1136.0,260.0,1196.0,329.0,1166.0,294.5,60,140,Team_B,WHITE,45.11261,0.43271998
136,14,1051.0,926.0,1124.0,994.0,1087.5,960.0,60,140,Team_A,GREEN,46.498596,44.345936
136,10,1158.0,328.0,1281.0,679.0,1219.5,503.5,60,140,Team_A,GREEN,49.235786,14.413395
136,21,902.0,975.0,952.0,999.0,927.0,987.0,60,140,EXCLUDED,UNKNOWN,39.246548,46.527786
136,16,911.0,945.0,1001.0,977.0,956.0,961.0,60,140,Team_A,GREEN,40.398045,44.78288
136,29,729.0,883.0,816.0,1078.0,772.5,980.5,60,140,EXCLUDED,UNKNOWN,31.912632,46.56693
137,5,286.0,624.0,447.0,941.0,366.5,782.5,60,140,EXCLUDED,UNKNOWN,10.349523,34.685
137,20,745.0,472.0,835.0,743.0,790.0,607.5,60,140,EXCLUDED,UNKNOWN,29.585962,22.05704
137,17,762.0,230.0,844.0,437.0,803.0,333.5,60,140,Team_A,GREEN,27.825188,3.4331224
137,2,434.0,411.0,504.0,687.0,469.0,549.0,60,140,Team_B,WHITE,13.2064495,18.676783
137,6,422.0,769.0,628.0,1080.0,525.0,924.5,60,140,Team_A,GREEN,19.515322,43.656067
137,22,1052.0,416.0,1158.0,679.0,1105.0,547.5,60,140,EXCLUDED,UNKNOWN,44.179375,17.510695
137,4,1150.0,524.0,1268.0,792.0,1209.0,658.0,60,140,Team_B,WHITE,49.889793,24.600294
137,11,1202.0,264.0,1280.0,505.0,1241.0,384.5,60,140,Team_B,WHITE,49.357727,6.4429736
137,12,797.0,928.0,870.0,994.0,833.5,961.0,60,140,Team_B,WHITE,34.640987,45.134796
137,13,1135.0,259.0,1195.0,326.0,1165.0,292.5,60,140,Team_B,WHITE,45.049294,0.297453
137,14,1051.0,926.0,1124.0,994.0,1087.5,960.0,60,140,Team_A,GREEN,46.498596,44.345936
137,10,1160.0,326.0,1281.0,684.0,1220.5,505.0,60,140,Team_A,GREEN,49.29385,14.511435
137,16,911.0,945.0,1001.0,976.0,956.0,960.5,60,140,Team_A,GREEN,40.39413,44.75091
137,21,902.0,975.0,952.0,999.0,927.0,987.0,60,140,EXCLUDED,UNKNOWN,39.246548,46.527786
138,5,273.0,627.0,441.0,943.0,357.0,785.0,60,140,EXCLUDED,UNKNOWN,9.8993225,34.87594
138,6,419.0,771.0,611.0,1080.0,515.0,925.5,60,140,Team_A,GREEN,19.036674,43.750195
138,2,435.0,412.0,504.0,687.0,469.5,549.5,60,140,Team_B,WHITE,13.23641,18.71009
138,4,1149.0,526.0,1276.0,791.0,1212.5,658.5,60,140,Team_B,WHITE,50.056187,24.626167
138,17,759.0,234.0,843.0,438.0,801.0,336.0,60,140,Team_A,GREEN,27.74873,3.607374
138,20,745.0,473.0,832.0,744.0,788.5,608.5,60,140,EXCLUDED,UNKNOWN,29.521828,22.126732
138,22,1056.0,410.0,1164.0,674.0,1110.0,542.0,60,140,EXCLUDED,UNKNOWN,44.373123,17.137459
138,11,1204.0,262.0,1281.0,504.0,1242.5,383.0,60,140,Team_B,WHITE,49.417213,6.3405995
138,13,1137.0,259.0,1198.0,330.0,1167.5,294.5,60,140,Team_B,WHITE,45.18422,0.4314734
138,12,796.0,927.0,870.0,994.0,833.0,960.5,60,140,Team_B,WHITE,34.613262,45.104103
138,14,1051.0,926.0,1124.0,994.0,1087.5,960.0,60,140,Team_A,GREEN,46.498596,44.345936
138,10,1152.0,319.0,1285.0,673.0,1218.5,496.0,60,140,Team_A,GREEN,49.132946,13.917015
138,16,911.0,945.0,1001.0,977.0,956.0,961.0,60,140,Team_A,GREEN,40.398045,44.78288
138,21,902.0,975.0,952.0,999.0,927.0,987.0,60,140,EXCLUDED,UNKNOWN,39.246548,46.527786
139,5,267.0,629.0,432.0,944.0,349.5,786.5,60,140,EXCLUDED,UNKNOWN,9.53904,34.995056
139,17,753.0,233.0,843.0,438.0,798.0,335.5,60,140,Team_A,GREEN,27.596355,3.575908
139,6,393.0,775.0,601.0,1079.0,497.0,927.0,60,140,Team_A,GREEN,18.171333,43.90018
139,4,1160.0,531.0,1279.0,790.0,1219.5,660.5,60,140,Team_B,WHITE,50.39612,24.74313
139,2,437.0,412.0,506.0,686.0,471.5,549.0,60,140,Team_B,WHITE,13.33197,18.672462
139,20,745.0,473.0,827.0,743.0,786.0,608.0,60,140,EXCLUDED,UNKNOWN,29.396196,22.097927
139,22,1063.0,412.0,1160.0,673.0,1111.5,542.5,60,140,EXCLUDED,UNKNOWN,44.44788,17.168251
139,11,1203.0,262.0,1283.0,502.0,1243.0,382.0,60,140,Team_B,WHITE,49.4333,6.272898
139,13,1138.0,257.0,1200.0,327.0,1169.0,292.0,60,140,Team_B,WHITE,45.23638,0.26013148
139,14,1051.0,926.0,1124.0,994.0,1087.5,960.0,60,140,Team_A,GREEN,46.498596,44.345936
139,12,796.0,927.0,870.0,994.0,833.0,960.5,60,140,Team_B,WHITE,34.613262,45.104103
139,10,1154.0,319.0,1287.0,682.0,1220.5,500.5,60,140,Team_A,GREEN,49.260323,14.212848
139,21,902.0,975.0,952.0,999.0,927.0,987.0,60,140,EXCLUDED,UNKNOWN,39.246548,46.527786
139,16,911.0,944.0,1001.0,977.0,956.0,960.5,60,140,Team_A,GREEN,40.39413,44.75091
140,5,260.0,629.0,429.0,945.0,344.5,787.0,60,140,EXCLUDED,UNKNOWN,9.293812,35.041027
140,4,1164.0,533.0,1286.0,790.0,1225.0,661.5,60,140,Team_B,WHITE,50.65882,24.797691
140,17,743.0,232.0,844.0,440.0,793.5,336.0,60,140,Team_A,GREEN,27.378803,3.6148503
140,6,384.0,780.0,591.0,1080.0,487.5,930.0,60,140,Team_A,GREEN,17.734524,44.124065
140,20,744.0,473.0,825.0,743.0,784.5,608.0,60,140,EXCLUDED,UNKNOWN,29.323397,22.100716
140,22,1066.0,410.0,1164.0,672.0,1115.0,541.0,60,140,EXCLUDED,UNKNOWN,44.601665,17.063042
140,2,441.0,410.0,508.0,685.0,474.5,547.5,60,140,Team_B,WHITE,13.468017,18.564772
140,13,1139.0,257.0,1203.0,327.0,1171.0,292.0,60,140,Team_B,WHITE,45.331844,0.25848576
140,11,1202.0,260.0,1284.0,502.0,1243.0,381.0,60,140,Team_B,WHITE,49.425816,6.2057405
140,14,1050.0,926.0,1124.0,994.0,1087.0,960.0,60,140,Team_A,GREEN,46.47551,44.347347
140,12,796.0,927.0,870.0,994.0,833.0,960.5,60,140,Team_B,WHITE,34.613262,45.104103
140,21,903.0,975.0,951.0,999.0,927.0,987.0,60,140,EXCLUDED,UNKNOWN,39.246548,46.527786
140,16,911.0,945.0,1001.0,976.0,956.0,960.5,60,140,Team_A,GREEN,40.39413,44.75091
140,10,1150.0,357.0,1285.0,682.0,1217.5,519.5,60,140,Team_A,GREEN,49.26123,15.477132
140,34,1093.0,390.0,1173.0,655.0,1133.0,522.5,60,140,EXCLUDED,UNKNOWN,45.309277,15.80566
141,4,1171.0,532.0,1296.0,789.0,1233.5,660.5,60,140,Team_B,WHITE,51.045948,24.716002
141,5,255.0,628.0,424.0,944.0,339.5,786.0,60,140,EXCLUDED,UNKNOWN,9.033672,34.98656
141,17,736.0,230.0,845.0,446.0,790.5,338.0,60,140,Team_A,GREEN,27.248549,3.7556965
141,6,369.0,781.0,573.0,1080.0,471.0,930.5,60,140,Team_A,GREEN,16.93145,44.204613
141,20,744.0,472.0,825.0,743.0,784.5,607.5,60,140,EXCLUDED,UNKNOWN,29.31907,22.067253
141,22,1068.0,409.0,1164.0,672.0,1116.0,540.5,60,140,EXCLUDED,UNKNOWN,44.645046,17.028242
141,2,443.0,409.0,514.0,684.0,478.5,546.5,60,140,Team_B,WHITE,13.659068,18.489546
141,11,1206.0,262.0,1287.0,500.0,1246.5,381.0,60,140,Team_B,WHITE,49.59079,6.201907
141,14,1050.0,926.0,1124.0,994.0,1087.0,960.0,60,140,Team_A,GREEN,46.47551,44.347347
141,12,796.0,927.0,870.0,994.0,833.0,960.5,60,140,Team_B,WHITE,34.613262,45.104103
141,13,1142.0,259.0,1205.0,329.0,1173.5,294.0,60,140,Team_B,WHITE,45.46667,0.3924806
141,10,1155.0,349.0,1292.0,668.0,1223.5,508.5,60,140,Team_A,GREEN,49.46052,14.739107
141,21,903.0,975.0,951.0,999.0,927.0,987.0,60,140,EXCLUDED,UNKNOWN,39.246548,46.527786
141,16,911.0,945.0,1001.0,976.0,956.0,960.5,60,140,Team_A,GREEN,40.39413,44.75091
141,34,1090.0,391.0,1174.0,648.0,1132.0,519.5,60,140,EXCLUDED,UNKNOWN,45.23898,15.607733
141,29,710.0,884.0,792.0,1079.0,751.0,981.5,60,140,EXCLUDED,UNKNOWN,30.899303,46.69502
142,5,252.0,625.0,422.0,943.0,337.0,784.0,60,140,EXCLUDED,UNKNOWN,8.888721,34.85882
142,17,727.0,230.0,846.0,451.0,786.5,340.5,60,140,Team_A,GREEN,27.073378,3.9320207
142,4,1174.0,531.0,1307.0,788.0,1240.5,659.5,60,140,Team_B,WHITE,51.363277,24.637264
142,6,354.0,780.0,568.0,1080.0,461.0,930.0,60,140,Team_A,GREEN,16.436653,44.20084
142,22,1070.0,409.0,1168.0,672.0,1119.0,540.5,60,140,EXCLUDED,UNKNOWN,44.78675,17.023443
142,2,448.0,408.0,521.0,683.0,484.5,545.5,60,140,Team_B,WHITE,13.950377,18.410913
142,20,745.0,471.0,825.0,742.0,785.0,606.5,60,140,EXCLUDED,UNKNOWN,29.334688,21.9994
142,11,1209.0,263.0,1293.0,500.0,1251.0,381.5,60,140,Team_B,WHITE,49.80655,6.230548
142,14,1051.0,926.0,1124.0,994.0,1087.5,960.0,60,140,Team_A,GREEN,46.498596,44.345936
142,12,796.0,927.0,870.0,994.0,833.0,960.5,60,140,Team_B,WHITE,34.613262,45.104103
142,13,1145.0,258.0,1210.0,331.0,1177.5,294.5,60,140,Team_B,WHITE,45.661346,0.4231674
142,10,1155.0,378.0,1292.0,665.0,1223.5,521.5,60,140,Team_A,GREEN,49.557144,15.60044
142,21,903.0,975.0,951.0,999.0,927.0,987.0,60,140,EXCLUDED,UNKNOWN,39.246548,46.527786
142,16,911.0,945.0,1001.0,976.0,956.0,960.5,60,140,Team_A,GREEN,40.39413,44.75091
142,34,1093.0,393.0,1175.0,645.0,1134.0,519.0,60,140,EXCLUDED,UNKNOWN,45.329594,15.571418
142,29,707.0,888.0,786.0,1079.0,746.5,983.5,60,140,EXCLUDED,UNKNOWN,30.702045,46.83713
143,17,722.0,232.0,846.0,455.0,784.0,343.5,60,140,Team_A,GREEN,26.976694,4.1412826
143,5,252.0,621.0,419.0,941.0,335.5,781.0,60,140,EXCLUDED,UNKNOWN,8.783916,34.66151
143,4,1176.0,524.0,1316.0,789.0,1246.0,656.5,60,140,Team_B,WHITE,51.596416,24.431087
143,6,348.0,782.0,552.0,1080.0,450.0,931.0,60,140,Team_A,GREEN,15.906326,44.29836
143,20,744.0,469.0,829.0,742.0,786.5,605.5,60,140,EXCLUDED,UNKNOWN,29.398844,21.929688
143,2,449.0,407.0,529.0,682.0,489.0,544.5,60,140,Team_B,WHITE,14.166358,18.334883
143,22,1072.0,410.0,1172.0,674.0,1122.0,542.0,60,140,EXCLUDED,UNKNOWN,44.939976,17.11821
143,11,1216.0,266.0,1294.0,495.0,1255.0,380.5,60,140,Team_B,WHITE,49.98749,6.1590395
143,13,1149.0,255.0,1217.0,332.0,1183.0,293.5,60,140,Team_B,WHITE,45.915844,0.35061425
143,14,1051.0,926.0,1124.0,994.0,1087.5,960.0,60,140,Team_A,GREEN,46.498596,44.345936
143,12,796.0,927.0,870.0,994.0,833.0,960.5,60,140,Team_B,WHITE,34.613262,45.104103
143,10,1156.0,389.0,1308.0,651.0,1232.0,520.0,60,140,Team_A,GREEN,49.943886,15.488185
143,16,911.0,944.0,1001.0,976.0,956.0,960.0,60,140,Team_A,GREEN,40.390213,44.718945
143,29,702.0,888.0,789.0,1079.0,745.5,983.5,60,140,EXCLUDED,UNKNOWN,30.654463,46.840107
143,21,903.0,975.0,951.0,999.0,927.0,987.0,60,140,EXCLUDED,UNKNOWN,39.246548,46.527786
144,17,716.0,235.0,845.0,460.0,780.5,347.5,60,140,Team_A,GREEN,26.83957,4.420441
144,5,254.0,617.0,416.0,939.0,335.0,778.0,60,140,EXCLUDED,UNKNOWN,8.72918,34.46163
144,4,1181.0,519.0,1321.0,790.0,1251.0,654.5,60,140,Team_B,WHITE,51.813595,24.291105
144,6,349.0,781.0,544.0,1079.0,446.5,930.0,60,140,Team_A,GREEN,15.725118,44.24293
144,20,747.0,468.0,833.0,743.0,790.0,605.5,60,140,EXCLUDED,UNKNOWN,29.56869,21.92321
144,2,454.0,407.0,537.0,683.0,495.5,545.0,60,140,Team_B,WHITE,14.496927,18.357916
144,11,1222.0,274.0,1296.0,494.0,1259.0,384.0,60,140,Team_B,WHITE,50.20185,6.3895297
144,22,1076.0,406.0,1177.0,673.0,1126.5,539.5,60,140,EXCLUDED,UNKNOWN,45.133152,16.945084
144,12,796.0,927.0,870.0,994.0,833.0,960.5,60,140,Team_B,WHITE,34.613262,45.104103
144,14,1051.0,926.0,1124.0,993.0,1087.5,959.5,60,140,Team_A,GREEN,46.494865,44.31415
144,13,1157.0,256.0,1223.0,334.0,1190.0,295.0,60,140,Team_B,WHITE,46.26098,0.44677618
144,34,1096.0,399.0,1188.0,638.0,1142.0,518.5,60,140,EXCLUDED,UNKNOWN,45.70342,15.525929
144,29,700.0,890.0,788.0,1079.0,744.0,984.5,60,140,EXCLUDED,UNKNOWN,30.591505,46.90894
144,21,903.0,975.0,951.0,999.0,927.0,987.0,60,140,EXCLUDED,UNKNOWN,39.246548,46.527786
144,16,911.0,945.0,1001.0,976.0,956.0,960.5,60,140,Team_A,GREEN,40.39413,44.75091
144,10,1175.0,395.0,1300.0,633.0,1237.5,514.0,60,140,Team_A,GREEN,50.156826,15.082623
145,4,1184.0,524.0,1328.0,789.0,1256.0,656.5,60,140,Team_B,WHITE,52.059643,24.411871
145,5,257.0,613.0,417.0,938.0,337.0,775.5,60,140,EXCLUDED,UNKNOWN,8.804676,34.289043
145,20,746.0,466.0,837.0,743.0,791.5,604.5,60,140,EXCLUDED,UNKNOWN,29.63283,21.853514
145,2,458.0,407.0,550.0,684.0,504.0,545.5,60,140,Team_B,WHITE,14.927394,18.377508
145,6,355.0,781.0,537.0,1079.0,446.0,930.0,60,140,Team_A,GREEN,15.700565,44.24438
145,22,1082.0,405.0,1185.0,674.0,1133.5,539.5,60,140,EXCLUDED,UNKNOWN,45.463432,16.933924
145,17,708.0,237.0,835.0,465.0,771.5,351.0,60,140,Team_A,GREEN,26.426378,4.6709027
145,11,1230.0,267.0,1303.0,499.0,1266.5,383.0,60,140,Team_B,WHITE,50.547295,6.3141894
145,12,796.0,927.0,870.0,994.0,833.0,960.5,60,140,Team_B,WHITE,34.613262,45.104103
145,14,1051.0,926.0,1124.0,994.0,1087.5,960.0,60,140,Team_A,GREEN,46.498596,44.345936
145,13,1163.0,255.0,1230.0,337.0,1196.5,296.0,60,140,Team_B,WHITE,46.578186,0.50931185
145,10,1160.0,397.0,1262.0,661.0,1211.0,529.0,60,140,Team_A,GREEN,49.02745,16.11619
145,29,697.0,893.0,791.0,1079.0,744.0,986.0,60,140,EXCLUDED,UNKNOWN,30.604141,47.00548
145,21,903.0,975.0,951.0,999.0,927.0,987.0,60,140,EXCLUDED,UNKNOWN,39.246548,46.527786
145,16,911.0,945.0,1001.0,976.0,956.0,960.5,60,140,Team_A,GREEN,40.39413,44.75091
146,5,262.0,612.0,417.0,936.0,339.5,774.0,60,140,EXCLUDED,UNKNOWN,8.91512,34.182285
146,4,1193.0,524.0,1337.0,788.0,1265.0,656.0,60,140,Team_B,WHITE,52.472576,24.362019
146,2,463.0,406.0,561.0,683.0,512.0,544.5,60,140,Team_B,WHITE,15.318116,18.29558
146,6,361.0,775.0,530.0,1079.0,445.5,927.0,60,140,Team_A,GREEN,15.647856,44.04897
146,20,748.0,465.0,841.0,743.0,794.5,604.0,60,140,EXCLUDED,UNKNOWN,29.774042,21.814512
146,11,1236.0,264.0,1316.0,497.0,1276.0,380.5,60,140,Team_B,WHITE,50.975445,6.136117
146,22,1085.0,406.0,1193.0,673.0,1139.0,539.5,60,140,EXCLUDED,UNKNOWN,45.722786,16.925158
146,13,1171.0,254.0,1239.0,332.0,1205.0,293.0,60,140,Team_B,WHITE,46.959625,0.29848593
146,17,707.0,243.0,830.0,466.0,768.5,354.5,60,140,Team_A,GREEN,26.309483,4.9151225
146,12,796.0,927.0,870.0,994.0,833.0,960.5,60,140,Team_B,WHITE,34.613262,45.104103
146,14,1051.0,926.0,1124.0,994.0,1087.5,960.0,60,140,Team_A,GREEN,46.498596,44.345936
146,34,1092.0,405.0,1195.0,648.0,1143.5,526.5,60,140,EXCLUDED,UNKNOWN,45.835457,16.055191
146,10,1187.0,396.0,1263.0,671.0,1225.0,533.5,60,140,Team_A,GREEN,49.716393,16.392105
146,21,903.0,975.0,951.0,1000.0,927.0,987.5,60,140,EXCLUDED,UNKNOWN,39.250492,46.5597
146,16,911.0,945.0,1001.0,976.0,956.0,960.5,60,140,Team_A,GREEN,40.39413,44.75091
146,29,696.0,899.0,793.0,1079.0,744.5,989.0,60,140,EXCLUDED,UNKNOWN,30.653198,47.197018
147,5,266.0,612.0,417.0,939.0,341.5,775.5,60,140,EXCLUDED,UNKNOWN,9.030144,34.277946
147,2,467.0,405.0,567.0,682.0,517.0,543.5,60,140,Team_B,WHITE,15.558602,18.218813
147,20,752.0,466.0,846.0,742.0,799.0,604.0,60,140,EXCLUDED,UNKNOWN,29.99226,21.806211
147,17,705.0,246.0,826.0,467.0,765.5,356.5,60,140,Team_A,GREEN,26.179169,5.056037
147,4,1199.0,526.0,1346.0,788.0,1272.5,657.0,60,140,Team_B,WHITE,52.82662,24.412756
147,6,361.0,771.0,518.0,1079.0,439.5,925.0,60,140,Team_A,GREEN,15.334246,43.935036
147,22,1092.0,404.0,1201.0,671.0,1146.5,537.5,60,140,EXCLUDED,UNKNOWN,46.060966,16.780573
147,11,1242.0,257.0,1318.0,505.0,1280.0,381.0,60,140,Team_B,WHITE,51.167095,6.16528
147,13,1175.0,254.0,1245.0,334.0,1210.0,294.0,60,140,Team_B,WHITE,47.205074,0.36227673
147,12,796.0,927.0,871.0,994.0,833.5,960.5,60,140,Team_B,WHITE,34.636898,45.10266
147,14,1051.0,926.0,1124.0,994.0,1087.5,960.0,60,140,Team_A,GREEN,46.498596,44.345936
147,10,1190.0,391.0,1275.0,679.0,1232.5,535.0,60,140,Team_A,GREEN,50.078228,16.47953
147,21,902.0,975.0,951.0,999.0,926.5,987.0,60,140,EXCLUDED,UNKNOWN,39.223156,46.529255
147,16,911.0,945.0,1001.0,976.0,956.0,960.5,60,140,Team_A,GREEN,40.39413,44.75091
147,29,697.0,900.0,796.0,1079.0,746.5,989.5,60,140,EXCLUDED,UNKNOWN,30.752544,47.223194
148,20,757.0,464.0,857.0,740.0,807.0,602.0,60,140,EXCLUDED,UNKNOWN,30.362799,21.657684
148,5,271.0,613.0,417.0,941.0,344.0,777.0,60,140,EXCLUDED,UNKNOWN,9.170165,34.372337
148,17,702.0,247.0,817.0,465.0,759.5,356.0,60,140,Team_A,GREEN,25.87814,5.027999
148,2,475.0,404.0,574.0,680.0,524.5,542.0,60,140,Team_B,WHITE,15.919164,18.103716
148,4,1224.0,522.0,1354.0,787.0,1289.0,654.5,60,140,Team_B,WHITE,53.570972,24.218426
148,6,356.0,767.0,504.0,1080.0,430.0,923.5,60,140,Team_A,GREEN,14.852923,43.863976
148,11,1244.0,259.0,1327.0,495.0,1285.5,377.0,60,140,Team_B,WHITE,51.395966,5.8910995
148,22,1098.0,402.0,1202.0,671.0,1150.0,536.5,60,140,EXCLUDED,UNKNOWN,46.21822,16.708702
148,13,1181.0,252.0,1253.0,335.0,1217.0,293.5,60,140,Team_B,WHITE,47.533966,0.32255498
148,12,796.0,927.0,871.0,994.0,833.5,960.5,60,140,Team_B,WHITE,34.636898,45.10266
148,14,1051.0,926.0,1124.0,994.0,1087.5,960.0,60,140,Team_A,GREEN,46.498596,44.345936
148,10,1187.0,393.0,1288.0,676.0,1237.5,534.5,60,140,Team_A,GREEN,50.308216,16.438665
148,21,903.0,975.0,951.0,1000.0,927.0,987.5,60,140,EXCLUDED,UNKNOWN,39.250492,46.5597
148,16,911.0,945.0,1001.0,976.0,956.0,960.5,60,140,Team_A,GREEN,40.39413,44.75091
149,5,272.0,615.0,419.0,947.0,345.5,781.0,60,140,EXCLUDED,UNKNOWN,9.284718,34.63668
149,20,758.0,464.0,862.0,739.0,810.0,601.5,60,140,EXCLUDED,UNKNOWN,30.503843,21.61873
149,4,1244.0,524.0,1361.0,789.0,1302.5,656.5,60,140,Team_B,WHITE,54.20802,24.322739
149,17,697.0,248.0,812.0,465.0,754.5,356.5,60,140,Team_A,GREEN,25.635378,5.0677776
149,2,483.0,403.0,584.0,678.0,533.5,540.5,60,140,Team_B,WHITE,16.354425,17.986147
149,22,1103.0,401.0,1211.0,670.0,1157.0,535.5,60,140,EXCLUDED,UNKNOWN,46.54023,16.63132
149,6,358.0,760.0,494.0,1080.0,426.0,920.0,60,140,Team_A,GREEN,14.622992,43.64549
149,11,1254.0,264.0,1334.0,494.0,1294.0,379.0,60,140,Team_B,WHITE,51.809708,6.015985
149,13,1190.0,254.0,1261.0,333.0,1225.5,293.5,60,140,Team_B,WHITE,47.937683,0.31555423
149,12,796.0,927.0,871.0,994.0,833.5,960.5,60,140,Team_B,WHITE,34.636898,45.10266
149,14,1051.0,926.0,1124.0,994.0,1087.5,960.0,60,140,Team_A,GREEN,46.498596,44.345936
149,10,1193.0,390.0,1300.0,673.0,1246.5,531.5,60,140,Team_A,GREEN,50.706516,16.226421
149,35,1223.0,357.0,1255.0,394.0,1239.0,375.5,60,140,EXCLUDED,UNKNOWN,49.19597,5.840557
149,16,911.0,945.0,1001.0,976.0,956.0,960.5,60,140,Team_A,GREEN,40.39413,44.75091
149,21,903.0,975.0,951.0,999.0,927.0,987.0,60,140,EXCLUDED,UNKNOWN,39.246548,46.527786
149,29,696.0,897.0,794.0,1079.0,745.0,988.0,60,140,EXCLUDED,UNKNOWN,30.668566,47.131187
150,20,758.0,463.0,870.0,738.0,814.0,600.5,60,140,EXCLUDED,UNKNOWN,30.688995,21.544512
150,2,489.0,403.0,590.0,677.0,539.5,540.0,60,140,Team_B,WHITE,16.649176,17.94191
150,17,698.0,247.0,801.0,463.0,749.5,355.0,60,140,Team_A,GREEN,25.3745,4.9697423
150,5,276.0,621.0,417.0,954.0,346.5,787.5,60,140,EXCLUDED,UNKNOWN,9.398809,35.0695
150,4,1271.0,520.0,1370.0,788.0,1320.5,654.0,60,140,Team_B,WHITE,55.019547,24.125875
150,6,358.0,755.0,486.0,1079.0,422.0,917.0,60,140,Team_A,GREEN,14.397621,43.459724
150,22,1107.0,397.0,1212.0,670.0,1159.5,533.5,60,140,EXCLUDED,UNKNOWN,46.642704,16.494755
150,11,1266.0,268.0,1341.0,496.0,1303.5,382.0,60,140,Team_B,WHITE,52.277218,6.206626
150,13,1198.0,250.0,1265.0,330.0,1231.5,290.0,60,140,Team_B,WHITE,48.1959,0.073136516
150,12,796.0,927.0,871.0,994.0,833.5,960.5,60,140,Team_B,WHITE,34.636898,45.10266
150,14,1051.0,926.0,1124.0,994.0,1087.5,960.0,60,140,Team_A,GREEN,46.498596,44.345936
150,10,1189.0,382.0,1304.0,675.0,1246.5,528.5,60,140,Team_A,GREEN,50.684452,16.02818
150,16,911.0,945.0,1001.0,976.0,956.0,960.5,60,140,Team_A,GREEN,40.39413,44.75091
150,21,903.0,975.0,951.0,1000.0,927.0,987.5,60,140,EXCLUDED,UNKNOWN,39.250492,46.5597
151,20,761.0,463.0,878.0,738.0,819.5,600.5,60,140,EXCLUDED,UNKNOWN,30.955261,21.534443
151,2,495.0,402.0,600.0,676.0,547.5,539.0,60,140,Team_B,WHITE,17.038782,17.860239
151,17,695.0,243.0,801.0,466.0,748.0,354.5,60,140,Team_A,GREEN,25.295753,4.9368725
151,5,278.0,625.0,421.0,956.0,349.5,790.5,60,140,EXCLUDED,UNKNOWN,9.57839,35.262775
151,22,1108.0,394.0,1218.0,670.0,1163.0,532.0,60,140,EXCLUDED,UNKNOWN,46.796036,16.389786
151,6,354.0,753.0,478.0,1076.0,416.0,914.5,60,140,Team_A,GREEN,14.078251,43.312466
151,4,1292.0,518.0,1381.0,789.0,1336.5,653.5,60,140,Team_B,WHITE,55.752026,24.062986
151,12,796.0,927.0,871.0,994.0,833.5,960.5,60,140,Team_B,WHITE,34.636898,45.10266
151,10,1208.0,387.0,1305.0,678.0,1256.5,532.5,60,140,Team_A,GREEN,51.180576,16.276932
151,11,1271.0,266.0,1348.0,497.0,1309.5,381.5,60,140,Team_B,WHITE,52.554733,6.166599
151,13,1204.0,250.0,1274.0,329.0,1239.0,289.5,60,140,Team_B,WHITE,48.547943,0.033129323
151,14,1051.0,926.0,1124.0,994.0,1087.5,960.0,60,140,Team_A,GREEN,46.498596,44.345936
151,36,1234.0,389.0,1273.0,429.0,1253.5,409.0,60,140,EXCLUDED,UNKNOWN,50.12896,8.07101
151,16,911.0,944.0,1001.0,976.0,956.0,960.0,60,140,Team_A,GREEN,40.390213,44.718945
151,21,902.0,975.0,951.0,1000.0,926.5,987.5,60,140,EXCLUDED,UNKNOWN,39.227104,46.561172
152,2,505.0,400.0,606.0,675.0,555.5,537.5,60,140,Team_B,WHITE,17.42341,17.744543
152,20,764.0,463.0,885.0,735.0,824.5,599.0,60,140,EXCLUDED,UNKNOWN,31.184393,21.425007
152,17,692.0,240.0,805.0,470.0,748.5,355.0,60,140,Team_A,GREEN,25.325006,4.9708056
152,5,280.0,630.0,426.0,954.0,353.0,792.0,60,140,EXCLUDED,UNKNOWN,9.768117,35.354336
152,6,342.0,753.0,472.0,1075.0,407.0,914.0,60,140,Team_A,GREEN,13.629639,43.305363
152,11,1275.0,257.0,1355.0,497.0,1315.0,377.0,60,140,Team_B,WHITE,52.779587,5.859321
152,22,1112.0,392.0,1225.0,670.0,1168.5,531.0,60,140,EXCLUDED,UNKNOWN,47.047215,16.314865
152,4,1307.0,518.0,1393.0,791.0,1350.0,654.5,60,140,Team_B,WHITE,56.379158,24.10229
152,10,1209.0,395.0,1316.0,681.0,1262.5,538.0,60,140,Team_A,GREEN,51.50057,16.63058
152,12,796.0,927.0,871.0,994.0,833.5,960.5,60,140,Team_B,WHITE,34.636898,45.10266
152,13,1214.0,249.0,1282.0,332.0,1248.0,290.5,60,140,Team_B,WHITE,48.982162,0.093658045
152,14,1050.0,926.0,1124.0,994.0,1087.0,960.0,60,140,Team_A,GREEN,46.47551,44.347347
152,16,911.0,944.0,1001.0,976.0,956.0,960.0,60,140,Team_A,GREEN,40.390213,44.718945
152,21,903.0,975.0,950.0,1000.0,926.5,987.5,60,140,EXCLUDED,UNKNOWN,39.227104,46.561172
152,29,699.0,886.0,787.0,1080.0,743.0,983.0,60,140,EXCLUDED,UNKNOWN,30.53127,46.81536
153,20,768.0,461.0,892.0,733.0,830.0,597.0,60,140,EXCLUDED,UNKNOWN,31.433372,21.281265
153,17,689.0,241.0,807.0,477.0,748.0,359.0,60,140,Team_A,GREEN,25.3363,5.246989
153,2,513.0,398.0,614.0,674.0,563.5,536.0,60,140,Team_B,WHITE,17.807808,17.628916
153,6,334.0,754.0,468.0,1075.0,401.0,914.5,60,140,Team_A,GREEN,13.338286,43.355507
153,5,286.0,632.0,459.0,949.0,372.5,790.5,60,140,EXCLUDED,UNKNOWN,10.727265,35.2051
153,4,1318.0,516.0,1401.0,791.0,1359.5,653.5,60,140,Team_B,WHITE,56.808132,24.019379
153,11,1285.0,253.0,1365.0,496.0,1325.0,374.5,60,140,Team_B,WHITE,53.229614,5.681203
153,22,1115.0,389.0,1223.0,668.0,1169.0,528.5,60,140,EXCLUDED,UNKNOWN,47.051792,16.148296
153,10,1211.0,394.0,1337.0,678.0,1274.0,536.0,60,140,Team_A,GREEN,52.021725,16.480635
153,12,796.0,927.0,871.0,994.0,833.5,960.5,60,140,Team_B,WHITE,34.636898,45.10266
153,14,1051.0,926.0,1124.0,994.0,1087.5,960.0,60,140,Team_A,GREEN,46.498596,44.345936
153,13,1219.0,248.0,1290.0,334.0,1254.5,291.0,60,140,Team_B,WHITE,49.29383,0.1222742
153,16,911.0,944.0,1001.0,976.0,956.0,960.0,60,140,Team_A,GREEN,40.390213,44.718945
153,21,903.0,975.0,950.0,999.0,926.5,987.0,60,140,EXCLUDED,UNKNOWN,39.223156,46.529255
154,17,680.0,241.0,805.0,480.0,742.5,360.5,60,140,Team_A,GREEN,25.077597,5.3562765
154,20,772.0,458.0,892.0,732.0,832.0,595.0,60,140,EXCLUDED,UNKNOWN,31.51305,21.143906
154,6,316.0,754.0,467.0,1074.0,391.5,914.0,60,140,Team_A,GREEN,12.864312,43.349854
154,2,520.0,398.0,616.0,672.0,568.0,535.0,60,140,Team_B,WHITE,18.02246,17.55326
154,5,279.0,633.0,463.0,952.0,371.0,792.5,60,140,EXCLUDED,UNKNOWN,10.671946,35.34254
154,4,1332.0,515.0,1412.0,790.0,1372.0,652.5,60,140,Team_B,WHITE,57.374256,23.930864
154,11,1291.0,260.0,1371.0,493.0,1331.0,376.5,60,140,Team_B,WHITE,53.52481,5.808662
154,10,1218.0,394.0,1340.0,678.0,1279.0,536.0,60,140,Team_A,GREEN,52.254486,16.472822
154,22,1121.0,384.0,1222.0,664.0,1171.5,524.0,60,140,EXCLUDED,UNKNOWN,47.135307,15.845909
154,13,1226.0,247.0,1296.0,332.0,1261.0,289.5,60,140,Team_B,WHITE,49.590286,0.015336532
154,12,796.0,927.0,871.0,994.0,833.5,960.5,60,140,Team_B,WHITE,34.636898,45.10266
154,14,1051.0,925.0,1124.0,994.0,1087.5,959.5,60,140,Team_A,GREEN,46.494865,44.31415
154,16,911.0,944.0,1001.0,976.0,956.0,960.0,60,140,Team_A,GREEN,40.390213,44.718945
154,21,903.0,975.0,951.0,999.0,927.0,987.0,60,140,EXCLUDED,UNKNOWN,39.246548,46.527786
155,17,669.0,241.0,803.0,482.0,736.0,361.5,60,140,Team_A,GREEN,24.76475,5.4322343
155,5,267.0,632.0,465.0,950.0,366.0,791.0,60,140,EXCLUDED,UNKNOWN,10.40773,35.254818
155,6,297.0,749.0,452.0,1075.0,374.5,912.0,60,140,Team_A,GREEN,12.004376,43.266838
155,20,775.0,455.0,893.0,731.0,834.0,593.0,60,140,EXCLUDED,UNKNOWN,31.59273,21.006542
155,2,524.0,397.0,619.0,669.0,571.5,533.0,60,140,Team_B,WHITE,18.177883,17.411152
155,11,1293.0,254.0,1375.0,491.0,1334.0,372.5,60,140,Team_B,WHITE,53.63619,5.5377336
155,4,1341.0,512.0,1422.0,789.0,1381.5,650.5,60,140,Team_B,WHITE,57.795578,23.783257
155,10,1211.0,389.0,1356.0,674.0,1283.5,531.5,60,140,Team_A,GREEN,52.431267,16.169048
155,22,1125.0,378.0,1211.0,660.0,1168.0,519.0,60,140,EXCLUDED,UNKNOWN,46.932686,15.519419
155,12,796.0,927.0,871.0,994.0,833.5,960.5,60,140,Team_B,WHITE,34.636898,45.10266
155,14,1050.0,926.0,1124.0,994.0,1087.0,960.0,60,140,Team_A,GREEN,46.47551,44.347347
155,21,903.0,975.0,951.0,999.0,927.0,987.0,60,140,EXCLUDED,UNKNOWN,39.246548,46.527786
155,29,693.0,881.0,769.0,1079.0,731.0,980.0,60,140,EXCLUDED,UNKNOWN,29.93437,46.65783
155,16,911.0,944.0,1001.0,976.0,956.0,960.0,60,140,Team_A,GREEN,40.390213,44.718945
156,17,671.0,243.0,796.0,485.0,733.5,364.0,60,140,Team_A,GREEN,24.663527,5.6072397
156,6,284.0,748.0,445.0,1075.0,364.5,911.5,60,140,Team_A,GREEN,11.504327,43.262573
156,20,777.0,453.0,896.0,729.0,836.5,591.0,60,140,EXCLUDED,UNKNOWN,31.696587,20.868277
156,5,270.0,632.0,467.0,947.0,368.5,789.5,60,140,EXCLUDED,UNKNOWN,10.517868,35.148262
156,2,527.0,395.0,622.0,667.0,574.5,531.0,60,140,Team_B,WHITE,18.308407,17.269888
156,10,1208.0,384.0,1349.0,670.0,1278.5,527.0,60,140,Team_A,GREEN,52.16585,15.879834
156,11,1297.0,252.0,1380.0,489.0,1338.5,370.5,60,140,Team_B,WHITE,53.832165,5.3990936
156,4,1348.0,511.0,1433.0,789.0,1390.5,650.0,60,140,Team_B,WHITE,58.204037,23.733921
156,22,1126.0,373.0,1217.0,654.0,1171.5,513.5,60,140,EXCLUDED,UNKNOWN,47.055725,15.14885
156,14,1051.0,926.0,1124.0,994.0,1087.5,960.0,60,140,Team_A,GREEN,46.498596,44.345936
156,12,796.0,927.0,870.0,994.0,833.0,960.5,60,140,Team_B,WHITE,34.613262,45.104103
156,29,682.0,878.0,765.0,1079.0,723.5,978.5,60,140,EXCLUDED,UNKNOWN,29.564056,46.583427
156,21,902.0,975.0,950.0,1000.0,926.0,987.5,60,140,EXCLUDED,UNKNOWN,39.203712,46.56264
156,16,911.0,944.0,1001.0,976.0,956.0,960.0,60,140,Team_A,GREEN,40.390213,44.718945
157,17,663.0,245.0,787.0,486.0,725.0,365.5,60,140,Team_A,GREEN,24.255894,5.7199397
157,20,779.0,451.0,898.0,728.0,838.5,589.5,60,140,EXCLUDED,UNKNOWN,31.780521,20.764355
157,6,271.0,752.0,444.0,1076.0,357.5,914.0,60,140,Team_A,GREEN,11.181578,43.447678
157,5,282.0,631.0,466.0,944.0,374.0,787.5,60,140,EXCLUDED,UNKNOWN,10.772829,35.000793
157,2,531.0,393.0,625.0,665.0,578.0,529.0,60,140,Team_B,WHITE,18.463799,17.12781
157,22,1133.0,366.0,1221.0,645.0,1177.0,505.5,60,140,EXCLUDED,UNKNOWN,47.25401,14.60906
157,10,1209.0,378.0,1338.0,661.0,1273.5,519.5,60,140,Team_A,GREEN,51.878326,15.392156
157,11,1301.0,249.0,1385.0,489.0,1343.0,369.0,60,140,Team_B,WHITE,54.031704,5.293953
157,4,1353.0,512.0,1442.0,787.0,1397.5,649.5,60,140,Team_B,WHITE,58.52075,23.688375
157,14,1050.0,926.0,1124.0,994.0,1087.0,960.0,60,140,Team_A,GREEN,46.47551,44.347347
157,12,796.0,927.0,871.0,994.0,833.5,960.5,60,140,Team_B,WHITE,34.636898,45.10266
157,29,671.0,875.0,762.0,1080.0,716.5,977.5,60,140,EXCLUDED,UNKNOWN,29.221546,46.53973
157,21,902.0,975.0,950.0,1000.0,926.0,987.5,60,140,EXCLUDED,UNKNOWN,39.203712,46.56264
157,16,911.0,944.0,1001.0,977.0,956.0,960.5,60,140,Team_A,GREEN,40.39413,44.75091
158,17,658.0,250.0,785.0,484.0,721.5,367.0,60,140,Team_A,GREEN,24.095984,5.8271837
158,6,261.0,747.0,446.0,1075.0,353.5,911.0,60,140,Team_A,GREEN,10.954176,43.261177
158,20,781.0,449.0,902.0,726.0,841.5,587.5,60,140,EXCLUDED,UNKNOWN,31.908545,20.6252
158,2,535.0,391.0,626.0,664.0,580.5,527.5,60,140,Team_B,WHITE,18.574112,17.021465
158,5,279.0,632.0,465.0,943.0,372.0,787.5,60,140,EXCLUDED,UNKNOWN,10.673023,35.005787
158,11,1308.0,252.0,1387.0,488.0,1347.5,370.0,60,140,Team_B,WHITE,54.249172,5.3561587
158,4,1356.0,511.0,1446.0,785.0,1401.0,648.0,60,140,Team_B,WHITE,58.670494,23.584614
158,10,1209.0,370.0,1321.0,651.0,1265.0,510.5,60,140,Team_A,GREEN,51.41614,14.80984
158,22,1127.0,361.0,1211.0,635.0,1169.0,498.0,60,140,EXCLUDED,UNKNOWN,46.82027,14.122073
158,14,1051.0,925.0,1124.0,994.0,1087.5,959.5,60,140,Team_A,GREEN,46.494865,44.31415
158,12,796.0,927.0,871.0,994.0,833.5,960.5,60,140,Team_B,WHITE,34.636898,45.10266
158,37,1302.0,463.0,1332.0,497.0,1317.0,480.0,60,140,EXCLUDED,UNKNOWN,53.618305,12.716138
158,21,902.0,975.0,950.0,1000.0,926.0,987.5,60,140,EXCLUDED,UNKNOWN,39.203712,46.56264
158,29,665.0,872.0,762.0,1080.0,713.5,976.0,60,140,EXCLUDED,UNKNOWN,29.065546,46.451874
158,16,911.0,944.0,1001.0,977.0,956.0,960.5,60,140,Team_A,GREEN,40.39413,44.75091
159,6,259.0,741.0,449.0,1074.0,354.0,907.5,60,140,Team_A,GREEN,10.945048,43.028625
159,5,276.0,631.0,461.0,944.0,368.5,787.5,60,140,EXCLUDED,UNKNOWN,10.498315,35.014523
159,20,782.0,448.0,903.0,725.0,842.5,586.5,60,140,EXCLUDED,UNKNOWN,31.948385,20.556517
159,2,542.0,389.0,628.0,662.0,585.0,525.5,60,140,Team_B,WHITE,18.77921,16.877779
159,4,1359.0,509.0,1452.0,783.0,1405.5,646.0,60,140,Team_B,WHITE,58.862495,23.446602
159,17,653.0,253.0,752.0,483.0,702.5,368.0,60,140,Team_A,GREEN,23.162134,5.9171896
159,22,1122.0,356.0,1209.0,627.0,1165.5,491.5,60,140,EXCLUDED,UNKNOWN,46.60578,13.694446
159,11,1312.0,252.0,1390.0,483.0,1351.0,367.5,60,140,Team_B,WHITE,54.39469,5.1851883
159,10,1210.0,364.0,1309.0,637.0,1259.5,500.5,60,140,Team_A,GREEN,51.085995,14.155868
159,12,796.0,927.0,870.0,994.0,833.0,960.5,60,140,Team_B,WHITE,34.613262,45.104103
159,14,1051.0,926.0,1124.0,994.0,1087.5,960.0,60,140,Team_A,GREEN,46.498596,44.345936
159,37,1311.0,473.0,1342.0,508.0,1326.5,490.5,60,140,EXCLUDED,UNKNOWN,54.135403,13.397608
159,21,903.0,975.0,949.0,999.0,926.0,987.0,60,140,EXCLUDED,UNKNOWN,39.199764,46.530724
159,29,638.0,874.0,758.0,1078.0,698.0,976.0,60,140,EXCLUDED,UNKNOWN,28.324884,46.497856
160,6,260.0,744.0,436.0,1071.0,348.0,907.5,60,140,Team_A,GREEN,10.647306,43.04581
160,20,783.0,445.0,902.0,723.0,842.5,584.0,60,140,EXCLUDED,UNKNOWN,31.927145,20.389246
160,4,1359.0,507.0,1458.0,782.0,1408.5,644.5,60,140,Team_B,WHITE,58.98934,23.34381
160,17,644.0,253.0,743.0,481.0,693.5,367.0,60,140,Team_A,GREEN,22.705706,5.8581815
160,5,274.0,630.0,455.0,926.0,364.5,778.0,60,140,EXCLUDED,UNKNOWN,10.205521,34.388714
160,2,542.0,386.0,630.0,660.0,586.0,523.0,60,140,Team_B,WHITE,18.805546,16.705736
160,22,1114.0,349.0,1208.0,619.0,1161.0,484.0,60,140,EXCLUDED,UNKNOWN,46.336227,13.201138
160,11,1315.0,251.0,1393.0,482.0,1354.0,366.5,60,140,Team_B,WHITE,54.527615,5.11514
160,10,1207.0,358.0,1309.0,640.0,1258.0,499.0,60,140,Team_A,GREEN,51.004883,14.058664
160,12,796.0,927.0,870.0,994.0,833.0,960.5,60,140,Team_B,WHITE,34.613262,45.104103
160,14,1051.0,926.0,1124.0,994.0,1087.5,960.0,60,140,Team_A,GREEN,46.498596,44.345936
160,37,1315.0,481.0,1350.0,517.0,1332.5,499.0,60,140,EXCLUDED,UNKNOWN,54.47479,13.950713
160,29,638.0,874.0,756.0,1079.0,697.0,976.5,60,140,EXCLUDED,UNKNOWN,28.28135,46.533104
160,21,903.0,975.0,949.0,1000.0,926.0,987.5,60,140,EXCLUDED,UNKNOWN,39.203712,46.56264
161,20,784.0,444.0,899.0,722.0,841.5,583.0,60,140,EXCLUDED,UNKNOWN,31.870296,20.324099
161,5,271.0,628.0,443.0,909.0,357.0,768.5,60,140,EXCLUDED,UNKNOWN,9.73719,33.770554
161,4,1361.0,508.0,1468.0,781.0,1414.5,644.5,60,140,Team_B,WHITE,59.26339,23.332653
161,6,261.0,745.0,421.0,1068.0,341.0,906.5,60,140,Team_A,GREEN,10.2899885,42.999786
161,17,632.0,241.0,731.0,480.0,681.5,360.5,60,140,Team_A,GREEN,22.048819,5.422483
161,2,546.0,384.0,632.0,658.0,589.0,521.0,60,140,Team_B,WHITE,18.93603,16.564514
161,22,1108.0,348.0,1211.0,615.0,1159.5,481.5,60,140,EXCLUDED,UNKNOWN,46.246304,13.036566
161,10,1203.0,354.0,1306.0,632.0,1254.5,493.0,60,140,Team_A,GREEN,50.79712,13.665964
161,11,1318.0,248.0,1395.0,479.0,1356.5,363.5,60,140,Team_B,WHITE,54.622833,4.91176
161,12,796.0,927.0,870.0,994.0,833.0,960.5,60,140,Team_B,WHITE,34.613262,45.104103
161,14,1050.0,926.0,1123.0,994.0,1086.5,960.0,60,140,Team_A,GREEN,46.452423,44.348755
161,37,1320.0,490.0,1355.0,528.0,1337.5,509.0,60,140,EXCLUDED,UNKNOWN,54.77798,14.603419
161,29,635.0,875.0,753.0,1078.0,694.0,976.5,60,140,EXCLUDED,UNKNOWN,28.137863,46.542015
161,21,903.0,975.0,949.0,1000.0,926.0,987.5,60,140,EXCLUDED,UNKNOWN,39.203712,46.56264
162,5,269.0,623.0,430.0,915.0,349.5,769.0,60,140,EXCLUDED,UNKNOWN,9.366675,33.822403
162,20,783.0,441.0,894.0,721.0,838.5,581.0,60,140,EXCLUDED,UNKNOWN,31.708199,20.195528
162,17,624.0,241.0,729.0,480.0,676.5,360.5,60,140,Team_A,GREEN,21.799767,5.427927
162,4,1362.0,507.0,1479.0,780.0,1420.5,643.5,60,140,Team_B,WHITE,59.530502,23.256731
162,2,550.0,382.0,634.0,656.0,592.0,519.0,60,140,Team_B,WHITE,19.066504,16.423302
162,11,1316.0,246.0,1400.0,479.0,1358.0,362.5,60,140,Team_B,WHITE,54.685703,4.843278
162,22,1103.0,348.0,1214.0,614.0,1158.5,481.0,60,140,EXCLUDED,UNKNOWN,46.195255,13.004633
162,10,1201.0,352.0,1303.0,629.0,1252.0,490.5,60,140,Team_A,GREEN,50.66176,13.503715
162,6,265.0,739.0,407.0,1065.0,336.0,902.0,60,140,Team_A,GREEN,9.997656,42.716557
162,12,796.0,927.0,870.0,995.0,833.0,961.0,60,140,Team_B,WHITE,34.617355,45.136242
162,14,1050.0,925.0,1124.0,994.0,1087.0,959.5,60,140,Team_A,GREEN,46.47178,44.31556
162,37,1330.0,506.0,1362.0,540.0,1346.0,523.0,60,140,EXCLUDED,UNKNOWN,55.271107,15.513256
162,29,634.0,876.0,745.0,1079.0,689.5,977.5,60,140,EXCLUDED,UNKNOWN,27.931152,46.61996
162,21,903.0,975.0,948.0,1000.0,925.5,987.5,60,140,EXCLUDED,UNKNOWN,39.180317,46.56411
162,16,916.0,945.0,996.0,977.0,956.0,961.0,60,140,Team_A,GREEN,40.398045,44.78288
163,20,781.0,441.0,891.0,720.0,836.0,580.5,60,140,EXCLUDED,UNKNOWN,31.582996,20.166466
163,17,614.0,240.0,724.0,478.0,669.0,359.0,60,140,Team_A,GREEN,21.412071,5.332373
163,5,264.0,622.0,413.0,922.0,338.5,772.0,60,140,EXCLUDED,UNKNOWN,8.84523,34.05059
163,4,1362.0,506.0,1484.0,779.0,1423.0,642.5,60,140,Team_B,WHITE,59.637814,23.18732
163,10,1198.0,352.0,1305.0,625.0,1251.5,488.5,60,140,Team_A,GREEN,50.623615,13.371721
163,2,552.0,378.0,638.0,654.0,595.0,516.0,60,140,Team_B,WHITE,19.187634,16.213907
163,11,1317.0,240.0,1401.0,478.0,1359.0,359.0,60,140,Team_B,WHITE,54.70731,4.607926
163,22,1099.0,348.0,1220.0,614.0,1159.5,481.0,60,140,EXCLUDED,UNKNOWN,46.24248,13.00322
163,6,264.0,730.0,374.0,1063.0,319.0,896.5,60,140,Team_A,GREEN,9.097877,42.400925
163,14,1050.0,925.0,1124.0,994.0,1087.0,959.5,60,140,Team_A,GREEN,46.47178,44.31556
163,12,796.0,927.0,870.0,995.0,833.0,961.0,60,140,Team_B,WHITE,34.617355,45.136242
163,37,1337.0,520.0,1369.0,554.0,1353.0,537.0,60,140,EXCLUDED,UNKNOWN,55.693783,16.423347
163,21,903.0,975.0,949.0,1000.0,926.0,987.5,60,140,EXCLUDED,UNKNOWN,39.203712,46.56264
163,29,631.0,876.0,744.0,1078.0,687.5,977.0,60,140,EXCLUDED,UNKNOWN,27.831139,46.593624
163,16,916.0,945.0,997.0,977.0,956.5,961.0,60,140,Team_A,GREEN,40.42141,44.78145
164,20,781.0,439.0,882.0,719.0,831.5,579.0,60,140,EXCLUDED,UNKNOWN,31.352417,20.07394
164,10,1188.0,349.0,1306.0,623.0,1247.0,486.0,60,140,Team_A,GREEN,50.394524,13.212169
164,5,261.0,618.0,395.0,926.0,328.0,772.0,60,140,EXCLUDED,UNKNOWN,8.318716,34.076393
164,4,1362.0,507.0,1489.0,777.0,1425.5,642.0,60,140,Team_B,WHITE,59.748493,23.150307
164,2,554.0,377.0,642.0,652.0,598.0,514.5,60,140,Team_B,WHITE,19.322763,16.10681
164,17,604.0,240.0,720.0,475.0,662.0,357.5,60,140,Team_A,GREEN,21.048983,5.236193
164,22,1097.0,350.0,1231.0,614.0,1164.0,482.0,60,140,EXCLUDED,UNKNOWN,46.46257,13.063541
164,6,256.0,732.0,350.0,1062.0,303.0,897.0,60,140,Team_A,GREEN,8.305235,42.479538
164,11,1319.0,238.0,1402.0,476.0,1360.5,357.0,60,140,Team_B,WHITE,54.763023,4.4724717
164,12,796.0,927.0,871.0,995.0,833.5,961.0,60,140,Team_B,WHITE,34.640987,45.134796
164,14,1050.0,925.0,1124.0,994.0,1087.0,959.5,60,140,Team_A,GREEN,46.47178,44.31556
164,37,1344.0,535.0,1374.0,568.0,1359.0,551.5,60,140,EXCLUDED,UNKNOWN,56.072914,17.365881
164,21,903.0,975.0,948.0,1000.0,925.5,987.5,60,140,EXCLUDED,UNKNOWN,39.180317,46.56411
164,29,625.0,874.0,743.0,1080.0,684.0,977.0,60,140,EXCLUDED,UNKNOWN,27.66359,46.60404
165,10,1178.0,347.0,1308.0,622.0,1243.0,484.5,60,140,Team_A,GREEN,50.196095,13.11822
165,20,781.0,438.0,878.0,718.0,829.5,578.0,60,140,EXCLUDED,UNKNOWN,31.247047,20.010468
165,2,557.0,375.0,647.0,650.0,602.0,512.5,60,140,Team_B,WHITE,19.50291,15.964032
165,4,1361.0,505.0,1498.0,776.0,1429.5,640.5,60,140,Team_B,WHITE,59.92081,23.04576
165,5,252.0,619.0,377.0,931.0,314.5,775.0,60,140,EXCLUDED,UNKNOWN,7.670892,34.311047
165,17,594.0,240.0,719.0,470.0,656.5,355.0,60,140,Team_A,GREEN,20.751188,5.0690937
165,6,237.0,726.0,342.0,1060.0,289.5,893.0,60,140,Team_A,GREEN,7.591691,42.252663
165,22,1097.0,352.0,1222.0,611.0,1159.5,481.5,60,140,EXCLUDED,UNKNOWN,46.246304,13.036566
165,11,1322.0,239.0,1405.0,474.0,1363.5,356.5,60,140,Team_B,WHITE,54.89951,4.4359603
165,12,795.0,926.0,871.0,995.0,833.0,960.5,60,140,Team_B,WHITE,34.613262,45.104103
165,14,1050.0,925.0,1125.0,994.0,1087.5,959.5,60,140,Team_A,GREEN,46.494865,44.31415
165,37,1350.0,553.0,1382.0,585.0,1366.0,569.0,60,140,EXCLUDED,UNKNOWN,56.5183,18.501184
165,29,620.0,874.0,732.0,1079.0,676.0,976.5,60,140,EXCLUDED,UNKNOWN,27.2761,46.595543
165,21,903.0,975.0,949.0,999.0,926.0,987.0,60,140,EXCLUDED,UNKNOWN,39.199764,46.530724
166,4,1358.0,502.0,1506.0,774.0,1432.0,638.0,60,140,Team_B,WHITE,60.017933,22.879213
166,2,560.0,374.0,649.0,649.0,604.5,511.5,60,140,Team_B,WHITE,19.617815,15.891859
166,20,781.0,439.0,877.0,719.0,829.0,579.0,60,140,EXCLUDED,UNKNOWN,31.231379,20.078346
166,10,1170.0,345.0,1312.0,620.0,1241.0,482.5,60,140,Team_A,GREEN,50.08758,12.988188
166,6,214.0,732.0,332.0,1059.0,273.0,895.5,60,140,Team_A,GREEN,6.7915864,42.465477
166,17,578.0,240.0,715.0,466.0,646.5,353.0,60,140,Team_A,GREEN,20.232903,4.9412932
166,5,248.0,619.0,362.0,931.0,305.0,775.0,60,140,EXCLUDED,UNKNOWN,7.1935377,34.33453
166,22,1097.0,350.0,1214.0,611.0,1155.5,480.5,60,140,EXCLUDED,UNKNOWN,46.04973,12.975517
166,11,1327.0,237.0,1408.0,473.0,1367.5,355.0,60,140,Team_B,WHITE,55.075493,4.3314896
166,37,1354.0,569.0,1386.0,603.0,1370.0,586.0,60,140,EXCLUDED,UNKNOWN,56.821075,19.606073
166,12,796.0,927.0,871.0,995.0,833.5,961.0,60,140,Team_B,WHITE,34.640987,45.134796
166,14,1050.0,925.0,1124.0,994.0,1087.0,959.5,60,140,Team_A,GREEN,46.47178,44.31556
166,21,903.0,976.0,949.0,999.0,926.0,987.5,60,140,EXCLUDED,UNKNOWN,39.203712,46.56264
166,29,615.0,873.0,714.0,1078.0,664.5,975.5,60,140,EXCLUDED,UNKNOWN,26.7161,46.56514
166,16,915.0,945.0,996.0,977.0,955.5,961.0,60,140,Team_A,GREEN,40.37468,44.784306
167,2,561.0,371.0,651.0,647.0,606.0,509.0,60,140,Team_B,WHITE,19.669065,15.718965
167,4,1360.0,499.0,1513.0,773.0,1436.5,636.0,60,140,Team_B,WHITE,60.20963,22.741396
167,20,780.0,441.0,876.0,719.0,828.0,580.0,60,140,EXCLUDED,UNKNOWN,31.191502,20.147104
167,17,567.0,242.0,711.0,470.0,639.0,356.0,60,140,Team_A,GREEN,19.885918,5.1571703
167,6,187.0,729.0,326.0,1061.0,256.5,895.0,60,140,Team_A,GREEN,5.9603777,42.479313
167,10,1165.0,346.0,1314.0,620.0,1239.5,483.0,60,140,Team_A,GREEN,50.020992,13.023518
167,22,1099.0,346.0,1217.0,609.0,1158.0,477.5,60,140,EXCLUDED,UNKNOWN,46.144863,12.77185
167,11,1329.0,237.0,1411.0,472.0,1370.0,354.5,60,140,Team_B,WHITE,55.188587,4.2955027
167,5,245.0,623.0,363.0,929.0,304.0,776.0,60,140,EXCLUDED,UNKNOWN,7.1532645,34.40417
167,12,796.0,927.0,871.0,995.0,833.5,961.0,60,140,Team_B,WHITE,34.640987,45.134796
167,14,1050.0,925.0,1124.0,994.0,1087.0,959.5,60,140,Team_A,GREEN,46.47178,44.31556
167,29,612.0,871.0,702.0,1079.0,657.0,975.0,60,140,EXCLUDED,UNKNOWN,26.351849,46.555134
167,21,903.0,976.0,948.0,999.0,925.5,987.5,60,140,EXCLUDED,UNKNOWN,39.180317,46.56411
167,16,916.0,945.0,996.0,977.0,956.0,961.0,60,140,Team_A,GREEN,40.398045,44.78288
168,6,165.0,738.0,325.0,1060.0,245.0,899.0,60,140,Team_A,GREEN,5.4239807,42.77793
168,4,1355.0,495.0,1517.0,772.0,1436.0,633.5,60,140,Team_B,WHITE,60.16996,22.580328
168,17,554.0,244.0,702.0,493.0,628.0,368.5,60,140,Team_A,GREEN,19.452803,6.034857
168,10,1139.0,346.0,1318.0,616.0,1228.5,481.0,60,140,Team_A,GREEN,49.49033,12.906061
168,20,780.0,443.0,875.0,713.0,827.5,578.0,60,140,EXCLUDED,UNKNOWN,31.150194,20.013987
168,5,239.0,627.0,362.0,926.0,300.5,776.5,60,140,EXCLUDED,UNKNOWN,6.9822874,34.446423
168,11,1331.0,235.0,1413.0,472.0,1372.0,353.5,60,140,Team_B,WHITE,55.274765,4.226542
168,2,561.0,367.0,657.0,646.0,609.0,506.5,60,140,Team_B,WHITE,19.794846,15.543692
168,22,1100.0,346.0,1218.0,609.0,1159.0,477.5,60,140,EXCLUDED,UNKNOWN,46.1921,12.770448
168,12,795.0,927.0,871.0,995.0,833.0,961.0,60,140,Team_B,WHITE,34.617355,45.136242
168,14,1050.0,925.0,1125.0,994.0,1087.5,959.5,60,140,Team_A,GREEN,46.494865,44.31415
168,37,1362.0,605.0,1399.0,643.0,1380.5,624.0,60,140,EXCLUDED,UNKNOWN,57.56699,22.064323
168,21,903.0,976.0,949.0,999.0,926.0,987.5,60,140,EXCLUDED,UNKNOWN,39.203712,46.56264
168,29,608.0,870.0,689.0,1078.0,648.5,974.0,60,140,EXCLUDED,UNKNOWN,25.93492,46.515743
168,16,916.0,945.0,997.0,977.0,956.5,961.0,60,140,Team_A,GREEN,40.42141,44.78145
169,6,145.0,740.0,326.0,1061.0,235.5,900.5,60,140,Team_A,GREEN,4.9624095,42.90487
169,5,231.0,634.0,364.0,929.0,297.5,781.5,60,140,EXCLUDED,UNKNOWN,6.8814883,34.78966
169,4,1358.0,493.0,1520.0,773.0,1439.0,633.0,60,140,Team_B,WHITE,60.30338,22.542461
169,10,1137.0,344.0,1318.0,612.0,1227.5,478.0,60,140,Team_A,GREEN,49.421062,12.707971
169,20,779.0,444.0,874.0,717.0,826.5,580.5,60,140,EXCLUDED,UNKNOWN,31.123137,20.18325
169,2,564.0,365.0,690.0,645.0,627.0,505.0,60,140,Team_B,WHITE,20.674402,15.413193
169,11,1333.0,235.0,1416.0,471.0,1374.5,353.0,60,140,Team_B,WHITE,55.387825,4.1905694
169,17,541.0,250.0,625.0,497.0,583.0,373.5,60,140,Team_A,GREEN,17.244137,6.4321213
169,22,1105.0,343.0,1221.0,606.0,1163.0,474.5,60,140,EXCLUDED,UNKNOWN,46.35809,12.564682
169,12,795.0,927.0,871.0,995.0,833.0,961.0,60,140,Team_B,WHITE,34.617355,45.136242
169,14,1050.0,925.0,1125.0,994.0,1087.5,959.5,60,140,Team_A,GREEN,46.494865,44.31415
169,29,605.0,868.0,684.0,1079.0,644.5,973.5,60,140,EXCLUDED,UNKNOWN,25.73833,46.49529
169,21,903.0,976.0,949.0,1000.0,926.0,988.0,60,140,EXCLUDED,UNKNOWN,39.20766,46.594555
169,16,916.0,945.0,996.0,977.0,956.0,961.0,60,140,Team_A,GREEN,40.398045,44.78288
170,6,134.0,742.0,328.0,1059.0,231.0,900.5,60,140,Team_A,GREEN,4.7364755,42.91781
170,5,221.0,637.0,367.0,929.0,294.0,783.0,60,140,EXCLUDED,UNKNOWN,6.720496,34.899117
170,10,1138.0,341.0,1315.0,611.0,1226.5,476.0,60,140,Team_A,GREEN,49.35922,12.576327
170,4,1360.0,491.0,1532.0,771.0,1446.0,631.0,60,140,Team_B,WHITE,60.608967,22.400148
170,2,565.0,364.0,672.0,644.0,618.5,504.0,60,140,Team_B,WHITE,20.243387,15.358272
170,20,777.0,446.0,875.0,716.0,826.0,581.0,60,140,EXCLUDED,UNKNOWN,31.103199,20.21763
170,11,1334.0,233.0,1419.0,471.0,1376.5,352.0,60,140,Team_B,WHITE,55.473988,4.1216216
170,17,532.0,257.0,617.0,497.0,574.5,377.0,60,140,Team_A,GREEN,16.850407,6.6845264
170,12,795.0,926.0,871.0,995.0,833.0,960.5,60,140,Team_B,WHITE,34.613262,45.104103
170,22,1108.0,343.0,1218.0,591.0,1163.0,467.0,60,140,EXCLUDED,UNKNOWN,46.300766,12.064001
170,14,1050.0,925.0,1125.0,994.0,1087.5,959.5,60,140,Team_A,GREEN,46.494865,44.31415
170,29,596.0,867.0,682.0,1079.0,639.0,973.0,60,140,EXCLUDED,UNKNOWN,25.469524,46.479294
170,21,903.0,975.0,949.0,999.0,926.0,987.0,60,140,EXCLUDED,UNKNOWN,39.199764,46.530724
170,16,916.0,945.0,997.0,977.0,956.5,961.0,60,140,Team_A,GREEN,40.42141,44.78145
171,6,133.0,750.0,330.0,1058.0,231.5,904.0,60,140,Team_A,GREEN,4.7969174,43.148952
171,5,209.0,642.0,369.0,928.0,289.0,785.0,60,140,EXCLUDED,UNKNOWN,6.4890256,35.045918
171,20,778.0,448.0,875.0,724.0,826.5,586.0,60,140,EXCLUDED,UNKNOWN,31.170145,20.551598
171,10,1142.0,339.0,1307.0,607.0,1224.5,473.0,60,140,Team_A,GREEN,49.242943,12.379477
171,4,1410.0,492.0,1533.0,768.0,1471.5,630.0,60,140,Team_B,WHITE,61.76291,22.289217
171,2,566.0,363.0,666.0,644.0,616.0,503.5,60,140,Team_B,WHITE,20.11463,15.328063
171,17,525.0,258.0,608.0,495.0,566.5,376.5,60,140,Team_A,GREEN,16.443356,6.659087
171,11,1336.0,233.0,1419.0,470.0,1377.5,351.5,60,140,Team_B,WHITE,55.517063,4.0871496
171,22,1111.0,335.0,1220.0,578.0,1165.5,456.5,60,140,EXCLUDED,UNKNOWN,46.338615,11.359024
171,12,795.0,927.0,871.0,995.0,833.0,961.0,60,140,Team_B,WHITE,34.617355,45.136242
171,14,1050.0,925.0,1125.0,994.0,1087.5,959.5,60,140,Team_A,GREEN,46.494865,44.31415
171,38,1388.0,565.0,1419.0,598.0,1403.5,581.5,60,140,EXCLUDED,UNKNOWN,58.329132,19.255766
171,29,592.0,868.0,675.0,1079.0,633.5,973.5,60,140,EXCLUDED,UNKNOWN,25.20933,46.52805
171,21,903.0,976.0,949.0,999.0,926.0,987.5,60,140,EXCLUDED,UNKNOWN,39.203712,46.56264
171,16,916.0,945.0,997.0,977.0,956.5,961.0,60,140,Team_A,GREEN,40.42141,44.78145
172,6,134.0,736.0,324.0,1056.0,229.0,896.0,60,140,Team_A,GREEN,4.5905433,42.624367
172,5,186.0,647.0,371.0,928.0,278.5,787.5,60,140,EXCLUDED,UNKNOWN,5.9856253,35.240177
172,20,779.0,450.0,875.0,725.0,827.0,587.5,60,140,EXCLUDED,UNKNOWN,31.207165,20.651123
172,2,567.0,362.0,667.0,642.0,617.0,502.0,60,140,Team_B,WHITE,20.150362,15.224162
172,10,1140.0,332.0,1305.0,602.0,1222.5,467.0,60,140,Team_A,GREEN,49.104187,11.982748
172,11,1336.0,233.0,1420.0,468.0,1378.0,350.5,60,140,Team_B,WHITE,55.53326,4.019692
172,4,1382.0,490.0,1533.0,767.0,1457.5,628.5,60,140,Team_B,WHITE,61.115974,22.21738
172,17,514.0,259.0,601.0,487.0,557.5,373.0,60,140,Team_A,GREEN,15.956799,6.4265704
172,29,580.0,868.0,667.0,1080.0,623.5,974.0,60,140,EXCLUDED,UNKNOWN,24.732342,46.59025
172,12,796.0,927.0,871.0,995.0,833.5,961.0,60,140,Team_B,WHITE,34.640987,45.134796
172,14,1050.0,925.0,1124.0,994.0,1087.0,959.5,60,140,Team_A,GREEN,46.47178,44.31556
172,22,1118.0,334.0,1228.0,580.0,1173.0,457.0,60,140,EXCLUDED,UNKNOWN,46.69681,11.382414
172,38,1391.0,556.0,1425.0,585.0,1408.0,570.5,60,140,EXCLUDED,UNKNOWN,58.460014,18.53014
172,21,903.0,976.0,949.0,999.0,926.0,987.5,60,140,EXCLUDED,UNKNOWN,39.203712,46.56264
172,16,916.0,945.0,997.0,977.0,956.5,961.0,60,140,Team_A,GREEN,40.42141,44.78145
173,5,174.0,648.0,371.0,927.0,272.5,787.5,60,140,EXCLUDED,UNKNOWN,5.6833897,35.25529
173,6,135.0,736.0,308.0,1052.0,221.5,894.0,60,140,Team_A,GREEN,4.1933155,42.512775
173,10,1142.0,329.0,1288.0,603.0,1215.0,466.0,60,140,Team_A,GREEN,48.74418,11.926336
173,2,569.0,360.0,670.0,642.0,619.5,501.0,60,140,Team_B,WHITE,20.265207,15.152047
173,20,778.0,452.0,877.0,726.0,827.5,589.0,60,140,EXCLUDED,UNKNOWN,31.244175,20.750628
173,4,1419.0,486.0,1536.0,766.0,1477.5,626.0,60,140,Team_B,WHITE,62.009052,22.019495
173,11,1338.0,230.0,1422.0,467.0,1380.0,348.5,60,140,Team_B,WHITE,55.612297,3.883783
173,29,566.0,869.0,667.0,1080.0,616.5,974.5,60,140,EXCLUDED,UNKNOWN,24.399523,46.643543
173,17,505.0,260.0,590.0,478.0,547.5,369.0,60,140,Team_A,GREEN,15.414384,6.1601524
173,12,796.0,927.0,871.0,995.0,833.5,961.0,60,140,Team_B,WHITE,34.640987,45.134796
173,14,1050.0,925.0,1124.0,994.0,1087.0,959.5,60,140,Team_A,GREEN,46.47178,44.31556
173,22,1123.0,328.0,1218.0,571.0,1170.5,449.5,60,140,EXCLUDED,UNKNOWN,46.521446,10.884302
173,21,903.0,975.0,949.0,999.0,926.0,987.0,60,140,EXCLUDED,UNKNOWN,39.199764,46.530724
173,16,916.0,945.0,997.0,978.0,956.5,961.5,60,140,Team_A,GREEN,40.425327,44.81341
174,5,164.0,649.0,370.0,925.0,267.0,787.0,60,140,EXCLUDED,UNKNOWN,5.401133,35.235554
174,6,138.0,720.0,285.0,1051.0,211.5,885.5,60,140,Team_A,GREEN,3.6037369,41.975246
174,4,1392.0,484.0,1540.0,764.0,1466.0,624.0,60,140,Team_B,WHITE,61.472767,21.910597
174,2,581.0,360.0,670.0,641.0,625.5,500.5,60,140,Team_B,WHITE,20.558365,15.108636
174,20,777.0,454.0,879.0,725.0,828.0,589.5,60,140,EXCLUDED,UNKNOWN,31.272642,20.783192
174,17,494.0,258.0,592.0,494.0,543.0,376.0,60,140,Team_A,GREEN,15.255039,6.6515107
174,11,1344.0,230.0,1424.0,468.0,1384.0,349.0,60,140,Team_B,WHITE,55.802353,3.9133365
174,10,1135.0,326.0,1271.0,601.0,1203.0,463.5,60,140,Team_A,GREEN,48.160778,11.775966
174,29,557.0,869.0,664.0,1080.0,610.5,974.5,60,140,EXCLUDED,UNKNOWN,24.110304,46.66147
174,22,1127.0,329.0,1252.0,574.0,1189.5,451.5,60,140,EXCLUDED,UNKNOWN,47.433857,10.992988
174,12,795.0,927.0,871.0,995.0,833.0,961.0,60,140,Team_B,WHITE,34.617355,45.136242
174,14,1050.0,925.0,1124.0,994.0,1087.0,959.5,60,140,Team_A,GREEN,46.47178,44.31556
174,21,903.0,976.0,949.0,999.0,926.0,987.5,60,140,EXCLUDED,UNKNOWN,39.203712,46.56264
174,16,916.0,945.0,997.0,977.0,956.5,961.0,60,140,Team_A,GREEN,40.42141,44.78145
175,5,148.0,650.0,369.0,923.0,258.5,786.5,60,140,EXCLUDED,UNKNOWN,4.967358,35.223366
175,4,1403.0,481.0,1545.0,764.0,1474.0,622.5,60,140,Team_B,WHITE,61.82667,21.799131
175,17,486.0,258.0,588.0,501.0,537.0,379.5,60,140,Team_A,GREEN,14.986278,6.9015007
175,20,776.0,456.0,882.0,725.0,829.0,590.5,60,140,EXCLUDED,UNKNOWN,31.329565,20.848312
175,6,141.0,719.0,271.0,1050.0,206.0,884.5,60,140,Team_A,GREEN,3.3164778,41.92419
175,29,545.0,872.0,661.0,1080.0,603.0,976.0,60,140,EXCLUDED,UNKNOWN,23.761835,46.78114
175,2,583.0,360.0,670.0,640.0,626.5,500.0,60,140,Team_B,WHITE,20.603355,15.072979
175,11,1346.0,232.0,1425.0,466.0,1385.5,349.0,60,140,Team_B,WHITE,55.872272,3.9118624
175,12,795.0,927.0,871.0,995.0,833.0,961.0,60,140,Team_B,WHITE,34.617355,45.136242
175,14,1050.0,925.0,1125.0,994.0,1087.5,959.5,60,140,Team_A,GREEN,46.494865,44.31415
175,10,1127.0,326.0,1253.0,598.0,1190.0,462.0,60,140,Team_A,GREEN,47.536995,11.693475
175,22,1125.0,325.0,1250.0,569.0,1187.5,447.0,60,140,EXCLUDED,UNKNOWN,47.305344,10.694856
175,21,902.0,976.0,949.0,999.0,925.5,987.5,60,140,EXCLUDED,UNKNOWN,39.180317,46.56411
175,16,915.0,945.0,997.0,977.0,956.0,961.0,60,140,Team_A,GREEN,40.398045,44.78288
176,5,136.0,650.0,363.0,927.0,249.5,788.5,60,140,EXCLUDED,UNKNOWN,4.5333657,35.380547
176,4,1410.0,482.0,1552.0,761.0,1481.0,621.5,60,140,Team_B,WHITE,62.138245,21.721888
176,2,578.0,359.0,672.0,640.0,625.0,499.5,60,140,Team_B,WHITE,20.524298,15.041187
176,20,776.0,457.0,885.0,724.0,830.5,590.5,60,140,EXCLUDED,UNKNOWN,31.40214,20.845615
176,29,533.0,874.0,660.0,1080.0,596.5,977.0,60,140,EXCLUDED,UNKNOWN,23.457014,46.86546
176,11,1348.0,231.0,1428.0,466.0,1388.0,348.5,60,140,Team_B,WHITE,55.985237,3.875932
176,6,136.0,713.0,267.0,1045.0,201.5,879.0,60,140,Team_A,GREEN,3.033478,41.570137
176,17,473.0,258.0,570.0,508.0,521.5,383.0,60,140,Team_A,GREEN,14.237909,7.1627464
176,12,795.0,927.0,871.0,995.0,833.0,961.0,60,140,Team_B,WHITE,34.617355,45.136242
176,14,1050.0,925.0,1125.0,994.0,1087.5,959.5,60,140,Team_A,GREEN,46.494865,44.31415
176,10,1126.0,325.0,1238.0,597.0,1182.0,461.0,60,140,Team_A,GREEN,47.152115,11.637518
176,21,902.0,976.0,949.0,999.0,925.5,987.5,60,140,EXCLUDED,UNKNOWN,39.180317,46.56411
176,16,915.0,945.0,997.0,977.0,956.0,961.0,60,140,Team_A,GREEN,40.398045,44.78288
176,22,1157.0,328.0,1245.0,584.0,1201.0,456.0,60,140,EXCLUDED,UNKNOWN,48.010044,11.278269
177,5,122.0,651.0,352.0,927.0,237.0,789.0,60,140,EXCLUDED,UNKNOWN,3.9068937,35.445805
177,4,1427.0,480.0,1556.0,757.0,1491.5,618.5,60,140,Team_B,WHITE,62.59538,21.508987
177,20,776.0,458.0,890.0,724.0,833.0,591.0,60,140,EXCLUDED,UNKNOWN,31.527332,20.87457
177,2,588.0,358.0,671.0,640.0,629.5,499.0,60,140,Team_B,WHITE,20.742935,15.000128
177,17,461.0,260.0,563.0,509.0,512.0,384.5,60,140,Team_A,GREEN,13.7725315,7.278187
177,29,525.0,875.0,648.0,1080.0,586.5,977.5,60,140,EXCLUDED,UNKNOWN,22.978514,46.927902
177,11,1351.0,232.0,1429.0,467.0,1390.0,349.5,60,140,Team_B,WHITE,56.085514,3.9409096
177,12,796.0,927.0,871.0,995.0,833.5,961.0,60,140,Team_B,WHITE,34.640987,45.134796
177,14,1050.0,925.0,1124.0,994.0,1087.0,959.5,60,140,Team_A,GREEN,46.47178,44.31556
177,6,123.0,717.0,231.0,1041.0,177.0,879.0,60,140,Team_A,GREEN,1.7964596,41.63928
177,22,1178.0,323.0,1250.0,565.0,1214.0,444.0,60,140,EXCLUDED,UNKNOWN,48.53198,10.459964
177,10,1120.0,327.0,1220.0,570.0,1170.0,448.5,60,140,Team_A,GREEN,46.490173,10.818067
177,21,902.0,975.0,949.0,999.0,925.5,987.0,60,140,EXCLUDED,UNKNOWN,39.17637,46.532192
177,16,915.0,945.0,997.0,978.0,956.0,961.5,60,140,Team_A,GREEN,40.401962,44.814842
178,17,445.0,264.0,585.0,510.0,515.0,387.0,60,140,Team_A,GREEN,13.948482,7.4482694
178,5,109.0,650.0,341.0,923.0,225.0,786.5,60,140,EXCLUDED,UNKNOWN,3.2742715,35.30792
178,20,776.0,457.0,890.0,724.0,833.0,590.5,60,140,EXCLUDED,UNKNOWN,31.523073,20.841122
178,4,1437.0,479.0,1560.0,752.0,1498.5,615.5,60,140,Team_B,WHITE,62.89338,21.302391
178,29,515.0,873.0,637.0,1080.0,576.0,976.5,60,140,EXCLUDED,UNKNOWN,22.46201,46.894566
178,2,591.0,356.0,672.0,639.0,631.5,497.5,60,140,Team_B,WHITE,20.828276,14.894719
178,11,1352.0,232.0,1430.0,468.0,1391.0,350.0,60,140,Team_B,WHITE,56.135643,3.973391
178,10,1116.0,327.0,1218.0,597.0,1167.0,462.0,60,140,Team_A,GREEN,46.451538,11.724573
178,6,110.0,717.0,224.0,1038.0,167.0,877.5,60,140,Team_A,GREEN,1.275215,41.56731
178,22,1180.0,323.0,1258.0,557.0,1219.0,440.0,60,140,EXCLUDED,UNKNOWN,48.73735,10.186328
178,12,795.0,927.0,871.0,995.0,833.0,961.0,60,140,Team_B,WHITE,34.617355,45.136242
178,14,1050.0,925.0,1124.0,994.0,1087.0,959.5,60,140,Team_A,GREEN,46.47178,44.31556
178,39,1437.0,508.0,1477.0,547.0,1457.0,527.5,60,140,EXCLUDED,UNKNOWN,60.41333,15.640795
178,21,902.0,975.0,949.0,1000.0,925.5,987.5,60,140,EXCLUDED,UNKNOWN,39.180317,46.56411
178,16,916.0,945.0,997.0,978.0,956.5,961.5,60,140,Team_A,GREEN,40.425327,44.81341
179,17,430.0,269.0,579.0,514.0,504.5,391.5,60,140,Team_A,GREEN,13.461681,7.773403
179,20,775.0,457.0,896.0,724.0,835.5,590.5,60,140,EXCLUDED,UNKNOWN,31.643978,20.83663
179,5,94.0,649.0,318.0,923.0,206.0,786.0,60,140,EXCLUDED,UNKNOWN,2.3064249,35.3223
179,2,595.0,355.0,674.0,638.0,634.5,496.5,60,140,Team_B,WHITE,20.967821,14.82189
179,4,1426.0,477.0,1562.0,748.0,1494.0,612.5,60,140,Team_B,WHITE,62.669266,21.11601
179,29,512.0,872.0,622.0,1079.0,567.0,975.5,60,140,EXCLUDED,UNKNOWN,22.017561,46.856686
179,11,1353.0,234.0,1431.0,467.0,1392.0,350.5,60,140,Team_B,WHITE,56.185764,4.005868
179,6,88.0,721.0,212.0,1040.0,150.0,880.5,60,140,Team_A,GREEN,0.44541636,41.81596
179,10,1112.0,325.0,1218.0,595.0,1165.0,460.0,60,140,Team_A,GREEN,46.34175,11.593637
179,22,1172.0,324.0,1270.0,552.0,1221.0,438.0,60,140,EXCLUDED,UNKNOWN,48.816498,10.050151
179,12,795.0,927.0,871.0,995.0,833.0,961.0,60,140,Team_B,WHITE,34.617355,45.136242
179,14,1050.0,919.0,1125.0,967.0,1087.5,943.0,60,140,Team_A,GREEN,46.371613,43.264286
179,21,903.0,975.0,950.0,1000.0,926.5,987.5,60,140,EXCLUDED,UNKNOWN,39.227104,46.561172
179,39,1445.0,510.0,1483.0,549.0,1464.0,529.5,60,140,EXCLUDED,UNKNOWN,60.74735,15.761109
179,16,915.0,945.0,997.0,978.0,956.0,961.5,60,140,Team_A,GREEN,40.401962,44.814842
180,5,80.0,647.0,294.0,923.0,187.0,785.0,60,140,EXCLUDED,UNKNOWN,1.33156,35.302982
180,17,428.0,275.0,562.0,521.0,495.0,398.0,60,140,Team_A,GREEN,13.044801,8.236349
180,20,776.0,456.0,897.0,724.0,836.5,590.0,60,140,EXCLUDED,UNKNOWN,31.688076,20.801388
180,2,597.0,355.0,676.0,637.0,636.5,496.0,60,140,Team_B,WHITE,21.062376,14.784715
180,10,1103.0,329.0,1220.0,592.0,1161.5,460.5,60,140,Team_A,GREEN,46.18014,11.631774
180,11,1355.0,234.0,1432.0,466.0,1393.5,350.0,60,140,Team_B,WHITE,56.252087,3.970928
180,4,1442.0,476.0,1565.0,744.0,1503.5,610.0,60,140,Team_B,WHITE,63.084084,20.937462
180,29,508.0,870.0,613.0,1080.0,560.5,975.0,60,140,EXCLUDED,UNKNOWN,21.698303,46.84374
180,12,795.0,927.0,871.0,995.0,833.0,961.0,60,140,Team_B,WHITE,34.617355,45.136242
180,22,1174.0,327.0,1283.0,551.0,1228.5,439.0,60,140,EXCLUDED,UNKNOWN,49.176918,10.107393
180,14,1049.0,918.0,1126.0,963.0,1087.5,940.5,60,140,Team_A,GREEN,46.352917,43.105053
180,21,902.0,975.0,949.0,1000.0,925.5,987.5,60,140,EXCLUDED,UNKNOWN,39.180317,46.56411
180,16,915.0,945.0,996.0,977.0,955.5,961.0,60,140,Team_A,GREEN,40.37468,44.784306
181,5,71.0,641.0,270.0,921.0,170.5,781.0,60,140,EXCLUDED,UNKNOWN,0.45075455,35.074703
181,17,423.0,278.0,545.0,520.0,484.0,399.0,60,140,Team_A,GREEN,12.497908,8.319379
181,2,597.0,354.0,676.0,636.0,636.5,495.0,60,140,Team_B,WHITE,21.05315,14.716495
181,20,778.0,456.0,892.0,723.0,835.0,589.5,60,140,EXCLUDED,UNKNOWN,31.611284,20.770632
181,10,1085.0,335.0,1220.0,591.0,1152.5,463.0,60,140,Team_A,GREEN,45.773705,11.811063
181,22,1151.0,329.0,1289.0,550.0,1220.0,439.5,60,140,EXCLUDED,UNKNOWN,48.780678,10.151646
181,4,1442.0,473.0,1568.0,743.0,1505.0,608.0,60,140,Team_B,WHITE,63.138996,20.805304
181,11,1356.0,233.0,1433.0,466.0,1394.5,349.5,60,140,Team_B,WHITE,56.295116,3.936483
181,29,506.0,868.0,606.0,1079.0,556.0,973.5,60,140,EXCLUDED,UNKNOWN,21.46677,46.7598
181,12,795.0,927.0,871.0,995.0,833.0,961.0,60,140,Team_B,WHITE,34.617355,45.136242
181,14,1049.0,919.0,1125.0,959.0,1087.0,939.0,60,140,Team_A,GREEN,46.318584,43.010876
181,21,903.0,975.0,949.0,999.0,926.0,987.0,60,140,EXCLUDED,UNKNOWN,39.199764,46.530724
181,16,916.0,945.0,995.0,977.0,955.5,961.0,60,140,Team_A,GREEN,40.37468,44.784306
182,17,420.0,280.0,523.0,519.0,471.5,399.5,60,140,Team_A,GREEN,11.869525,8.369607
182,10,1064.0,341.0,1224.0,590.0,1144.0,465.5,60,140,Team_A,GREEN,45.3907,11.989772
182,22,1146.0,328.0,1299.0,554.0,1222.5,441.0,60,140,EXCLUDED,UNKNOWN,48.909595,10.248643
182,2,598.0,353.0,675.0,634.0,636.5,493.5,60,140,Team_B,WHITE,21.03931,14.61415
182,20,781.0,457.0,884.0,724.0,832.5,590.5,60,140,EXCLUDED,UNKNOWN,31.498888,20.84202
182,4,1446.0,470.0,1568.0,743.0,1507.0,606.5,60,140,Team_B,WHITE,63.21989,20.70466
182,11,1357.0,235.0,1435.0,466.0,1396.0,350.5,60,140,Team_B,WHITE,56.372036,4.0019217
182,29,502.0,865.0,599.0,1079.0,550.5,972.0,60,140,EXCLUDED,UNKNOWN,21.18661,46.67881
182,12,795.0,927.0,871.0,995.0,833.0,961.0,60,140,Team_B,WHITE,34.617355,45.136242
182,14,1049.0,919.0,1125.0,959.0,1087.0,939.0,60,140,Team_A,GREEN,46.318584,43.010876
182,21,902.0,975.0,949.0,1000.0,925.5,987.5,60,140,EXCLUDED,UNKNOWN,39.180317,46.56411
182,16,916.0,945.0,996.0,977.0,956.0,961.0,60,140,Team_A,GREEN,40.398045,44.78288
183,10,1052.0,346.0,1227.0,591.0,1139.5,468.5,60,140,Team_A,GREEN,45.200787,12.196495
183,20,781.0,458.0,880.0,724.0,830.5,591.0,60,140,EXCLUDED,UNKNOWN,31.406403,20.879068
183,22,1148.0,329.0,1310.0,553.0,1229.0,441.0,60,140,EXCLUDED,UNKNOWN,49.215393,10.24031
183,17,408.0,283.0,507.0,521.0,457.5,402.0,60,140,Team_A,GREEN,11.1840925,8.560815
183,2,598.0,353.0,674.0,633.0,636.0,493.0,60,140,Team_B,WHITE,21.009901,14.580793
183,29,471.0,862.0,591.0,1080.0,531.0,971.0,60,140,EXCLUDED,UNKNOWN,20.23098,46.672264
183,4,1446.0,468.0,1569.0,740.0,1507.5,604.0,60,140,Team_B,WHITE,63.22614,20.541819
183,11,1359.0,233.0,1437.0,466.0,1398.0,349.5,60,140,Team_B,WHITE,56.45808,3.933041
183,12,795.0,927.0,871.0,995.0,833.0,961.0,60,140,Team_B,WHITE,34.617355,45.136242
183,14,1049.0,919.0,1125.0,959.0,1087.0,939.0,60,140,Team_A,GREEN,46.318584,43.010876
183,21,902.0,975.0,949.0,999.0,925.5,987.0,60,140,EXCLUDED,UNKNOWN,39.17637,46.532192
183,16,916.0,945.0,996.0,977.0,956.0,961.0,60,140,Team_A,GREEN,40.398045,44.78288
184,10,1041.0,354.0,1227.0,591.0,1134.0,472.5,60,140,Team_A,GREEN,44.97122,12.471462
184,20,781.0,460.0,874.0,726.0,827.5,593.0,60,140,EXCLUDED,UNKNOWN,31.278322,21.018276
184,2,599.0,352.0,672.0,632.0,635.5,492.0,60,140,Team_B,WHITE,20.975874,14.5133095
184,4,1481.0,467.0,1570.0,739.0,1525.5,603.0,60,140,Team_B,WHITE,64.03584,20.446016
184,17,396.0,283.0,485.0,521.0,440.5,402.0,60,140,Team_A,GREEN,10.320538,8.582096
184,29,474.0,863.0,582.0,1080.0,528.0,971.5,60,140,EXCLUDED,UNKNOWN,20.089737,46.71381
184,22,1176.0,330.0,1313.0,550.0,1244.5,440.0,60,140,EXCLUDED,UNKNOWN,49.93642,10.153732
184,11,1359.0,232.0,1438.0,466.0,1398.5,349.0,60,140,Team_B,WHITE,56.477825,3.8990939
184,12,796.0,927.0,870.0,995.0,833.0,961.0,60,140,Team_B,WHITE,34.617355,45.136242
184,14,1050.0,923.0,1129.0,996.0,1089.5,959.5,60,140,Team_A,GREEN,46.587204,44.308514
184,21,903.0,975.0,949.0,1000.0,926.0,987.5,60,140,EXCLUDED,UNKNOWN,39.203712,46.56264
184,16,916.0,945.0,996.0,977.0,956.0,961.0,60,140,Team_A,GREEN,40.398045,44.78288
184,41,1473.0,509.0,1509.0,547.0,1491.0,528.0,60,140,EXCLUDED,UNKNOWN,61.97155,15.62217
184,40,1885.0,505.0,1920.0,716.0,1902.5,610.5,60,140,EXCLUDED,UNKNOWN,80.8697,20.285719
185,10,1032.0,359.0,1228.0,591.0,1130.0,475.0,60,140,Team_A,GREEN,44.801083,12.644115
185,2,598.0,351.0,672.0,630.0,635.0,490.5,60,140,Team_B,WHITE,20.937223,14.411684
185,4,1482.0,465.0,1571.0,737.0,1526.5,601.0,60,140,Team_B,WHITE,64.0681,20.314781
185,20,776.0,462.0,865.0,728.0,820.5,595.0,60,140,EXCLUDED,UNKNOWN,30.956623,21.164745
185,17,383.0,282.0,479.0,523.0,431.0,402.5,60,140,Team_A,GREEN,9.842338,8.628807
185,22,1178.0,328.0,1316.0,549.0,1247.0,438.5,60,140,EXCLUDED,UNKNOWN,50.042683,10.050449
185,11,1359.0,233.0,1439.0,466.0,1399.0,349.5,60,140,Team_B,WHITE,56.50463,3.932058
185,29,478.0,865.0,575.0,1080.0,526.5,972.5,60,140,EXCLUDED,UNKNOWN,20.02592,46.78339
185,12,796.0,927.0,871.0,995.0,833.5,961.0,60,140,Team_B,WHITE,34.640987,45.134796
185,14,1049.0,926.0,1126.0,994.0,1087.5,960.0,60,140,Team_A,GREEN,46.498596,44.345936
185,21,903.0,976.0,949.0,1000.0,926.0,988.0,60,140,EXCLUDED,UNKNOWN,39.20766,46.594555
185,40,1885.0,504.0,1920.0,714.0,1902.5,609.0,60,140,EXCLUDED,UNKNOWN,80.86139,20.190254
185,16,915.0,945.0,996.0,977.0,955.5,961.0,60,140,Team_A,GREEN,40.37468,44.784306
186,10,1035.0,360.0,1225.0,592.0,1130.0,476.0,60,140,Team_A,GREEN,44.80882,12.710939
186,17,373.0,281.0,479.0,521.0,426.0,401.0,60,140,Team_A,GREEN,9.57283,8.530647
186,20,772.0,465.0,863.0,732.0,817.5,598.5,60,140,EXCLUDED,UNKNOWN,30.841335,21.40434
186,22,1180.0,325.0,1313.0,549.0,1246.5,437.0,60,140,EXCLUDED,UNKNOWN,50.00806,9.950975
186,2,598.0,351.0,671.0,628.0,634.5,489.5,60,140,Team_B,WHITE,20.903183,14.344173
186,4,1485.0,465.0,1571.0,736.0,1528.0,600.5,60,140,Team_B,WHITE,64.1328,20.279827
186,11,1360.0,234.0,1439.0,466.0,1399.5,350.0,60,140,Team_B,WHITE,56.531437,3.965019
186,29,476.0,866.0,568.0,1080.0,522.0,973.0,60,140,EXCLUDED,UNKNOWN,19.811707,46.829464
186,12,796.0,927.0,871.0,995.0,833.5,961.0,60,140,Team_B,WHITE,34.640987,45.134796
186,14,1049.0,926.0,1126.0,994.0,1087.5,960.0,60,140,Team_A,GREEN,46.498596,44.345936
186,21,903.0,976.0,948.0,999.0,925.5,987.5,60,140,EXCLUDED,UNKNOWN,39.180317,46.56411
186,40,1886.0,505.0,1920.0,712.0,1903.0,608.5,60,140,EXCLUDED,UNKNOWN,80.8805,20.15759
186,41,1478.0,511.0,1515.0,552.0,1496.5,531.5,60,140,EXCLUDED,UNKNOWN,62.245914,15.842573
186,16,915.0,945.0,996.0,977.0,955.5,961.0,60,140,Team_A,GREEN,40.37468,44.784306
187,10,1027.0,361.0,1213.0,588.0,1120.0,474.5,60,140,Team_A,GREEN,44.323265,12.624674
187,17,361.0,278.0,477.0,524.0,419.0,401.0,60,140,Team_A,GREEN,9.216306,8.53941
187,20,764.0,468.0,860.0,736.0,812.0,602.0,60,140,EXCLUDED,UNKNOWN,30.605,21.648502
187,22,1190.0,320.0,1312.0,548.0,1251.0,434.0,60,140,EXCLUDED,UNKNOWN,50.197113,9.745047
187,2,596.0,351.0,674.0,624.0,635.0,487.5,60,140,Team_B,WHITE,20.909513,14.206862
187,29,462.0,866.0,565.0,1080.0,513.5,973.0,60,140,EXCLUDED,UNKNOWN,19.39824,46.855053
187,11,1361.0,236.0,1439.0,465.0,1400.0,350.5,60,140,Team_B,WHITE,56.55824,3.9979765
187,4,1462.0,467.0,1574.0,734.0,1518.0,600.5,60,140,Team_B,WHITE,63.679516,20.296968
187,12,796.0,927.0,870.0,995.0,833.0,961.0,60,140,Team_B,WHITE,34.617355,45.136242
187,14,1049.0,926.0,1126.0,994.0,1087.5,960.0,60,140,Team_A,GREEN,46.498596,44.345936
187,41,1487.0,530.0,1516.0,565.0,1501.5,547.5,60,140,EXCLUDED,UNKNOWN,62.58019,16.87914
187,21,902.0,976.0,948.0,1000.0,925.0,988.0,60,140,EXCLUDED,UNKNOWN,39.160873,46.597496
187,40,1885.0,503.0,1920.0,711.0,1902.5,607.0,60,140,EXCLUDED,UNKNOWN,80.8503,20.062948
187,16,915.0,945.0,996.0,977.0,955.5,961.0,60,140,Team_A,GREEN,40.37468,44.784306
188,10,1014.0,363.0,1198.0,586.0,1106.0,474.5,60,140,Team_A,GREEN,43.65899,12.6442585
188,17,341.0,281.0,473.0,529.0,407.0,405.0,60,140,Team_A,GREEN,8.644856,8.833165
188,20,760.0,470.0,859.0,740.0,809.5,605.0,60,140,EXCLUDED,UNKNOWN,30.509653,21.853722
188,2,594.0,351.0,675.0,623.0,634.5,487.0,60,140,Team_B,WHITE,20.880087,14.173471
188,29,448.0,869.0,564.0,1080.0,506.0,974.5,60,140,EXCLUDED,UNKNOWN,19.046867,46.975334
188,4,1468.0,466.0,1578.0,730.0,1523.0,598.0,60,140,Team_B,WHITE,63.889866,20.12643
188,22,1204.0,316.0,1311.0,547.0,1257.5,431.5,60,140,EXCLUDED,UNKNOWN,50.483727,9.570019
188,11,1360.0,237.0,1439.0,464.0,1399.5,350.5,60,140,Team_B,WHITE,56.534966,3.9984696
188,12,796.0,927.0,870.0,995.0,833.0,961.0,60,140,Team_B,WHITE,34.617355,45.136242
188,14,1049.0,926.0,1126.0,994.0,1087.5,960.0,60,140,Team_A,GREEN,46.498596,44.345936
188,21,903.0,975.0,948.0,1000.0,925.5,987.5,60,140,EXCLUDED,UNKNOWN,39.180317,46.56411
188,16,916.0,945.0,996.0,977.0,956.0,961.0,60,140,Team_A,GREEN,40.398045,44.78288
189,10,1006.0,365.0,1188.0,584.0,1097.0,474.5,60,140,Team_A,GREEN,43.23149,12.656862
189,17,324.0,282.0,469.0,536.0,396.5,409.0,60,140,Team_A,GREEN,8.149552,9.125212
189,20,761.0,471.0,860.0,741.0,810.5,606.0,60,140,EXCLUDED,UNKNOWN,30.566656,21.918736
189,2,590.0,351.0,676.0,621.0,633.0,486.0,60,140,Team_B,WHITE,20.796408,14.107429
189,29,438.0,871.0,559.0,1080.0,498.5,975.5,60,140,EXCLUDED,UNKNOWN,18.69072,47.063118
189,4,1470.0,466.0,1581.0,727.0,1525.5,596.5,60,140,Team_B,WHITE,63.993393,20.024975
189,22,1218.0,313.0,1313.0,547.0,1265.5,430.0,60,140,EXCLUDED,UNKNOWN,50.847984,9.45993
189,11,1360.0,237.0,1440.0,464.0,1400.0,350.5,60,140,Team_B,WHITE,56.55824,3.9979765
189,12,796.0,927.0,870.0,995.0,833.0,961.0,60,140,Team_B,WHITE,34.617355,45.136242
189,14,1049.0,925.0,1126.0,994.0,1087.5,959.5,60,140,Team_A,GREEN,46.494865,44.31415
189,16,913.0,944.0,1005.0,977.0,959.0,960.5,60,140,Team_A,GREEN,40.534306,44.742348
189,21,902.0,975.0,950.0,1000.0,926.0,987.5,60,140,EXCLUDED,UNKNOWN,39.203712,46.56264
190,20,762.0,472.0,860.0,742.0,811.0,607.0,60,140,EXCLUDED,UNKNOWN,30.599442,21.984661
190,17,307.0,285.0,466.0,540.0,386.5,412.5,60,140,Team_A,GREEN,7.6744323,9.381942
190,10,997.0,368.0,1158.0,584.0,1077.5,476.0,60,140,Team_A,GREEN,42.315834,12.784688
190,2,587.0,351.0,677.0,618.0,632.0,484.5,60,140,Team_B,WHITE,20.732903,14.006462
190,29,426.0,873.0,553.0,1080.0,489.5,976.5,60,140,EXCLUDED,UNKNOWN,18.26122,47.155495
190,4,1468.0,467.0,1583.0,724.0,1525.5,595.5,60,140,Team_B,WHITE,63.98686,19.960175
190,22,1236.0,311.0,1316.0,545.0,1276.0,428.0,60,140,EXCLUDED,UNKNOWN,51.32552,9.313453
190,11,1361.0,237.0,1441.0,464.0,1401.0,350.5,60,140,Team_B,WHITE,56.60478,3.9969904
190,12,796.0,927.0,871.0,995.0,833.5,961.0,60,140,Team_B,WHITE,34.640987,45.134796
190,14,1049.0,925.0,1126.0,994.0,1087.5,959.5,60,140,Team_A,GREEN,46.494865,44.31415
190,16,913.0,944.0,1005.0,977.0,959.0,960.5,60,140,Team_A,GREEN,40.534306,44.742348
190,21,902.0,975.0,950.0,1000.0,926.0,987.5,60,140,EXCLUDED,UNKNOWN,39.203712,46.56264
191,20,760.0,473.0,862.0,745.0,811.0,609.0,60,140,EXCLUDED,UNKNOWN,30.616583,22.11834
191,17,303.0,288.0,462.0,546.0,382.5,417.0,60,140,Team_A,GREEN,7.515754,9.700635
191,2,581.0,351.0,678.0,616.0,629.5,483.5,60,140,Team_B,WHITE,20.599533,13.9418745
191,10,980.0,367.0,1138.0,583.0,1059.0,475.0,60,140,Team_A,GREEN,41.42647,12.74372
191,29,416.0,876.0,542.0,1080.0,479.0,978.0,60,140,EXCLUDED,UNKNOWN,17.762814,47.285076
191,4,1452.0,465.0,1586.0,721.0,1519.0,593.0,60,140,Team_B,WHITE,63.67574,19.809143
191,22,1247.0,310.0,1321.0,544.0,1284.0,427.0,60,140,EXCLUDED,UNKNOWN,51.692947,9.236866
191,11,1361.0,238.0,1441.0,464.0,1401.0,351.0,60,140,Team_B,WHITE,56.608303,4.030437
191,12,796.0,927.0,871.0,995.0,833.5,961.0,60,140,Team_B,WHITE,34.640987,45.134796
191,14,1049.0,926.0,1126.0,994.0,1087.5,960.0,60,140,Team_A,GREEN,46.498596,44.345936
191,16,913.0,944.0,1005.0,977.0,959.0,960.5,60,140,Team_A,GREEN,40.534306,44.742348
191,21,902.0,974.0,950.0,999.0,926.0,986.5,60,140,EXCLUDED,UNKNOWN,39.195816,46.498802
191,40,1885.0,500.0,1920.0,711.0,1902.5,605.5,60,140,EXCLUDED,UNKNOWN,80.84199,19.96745
192,20,760.0,474.0,864.0,746.0,812.0,610.0,60,140,EXCLUDED,UNKNOWN,30.67356,22.183306
192,17,300.0,295.0,454.0,548.0,377.0,421.5,60,140,Team_A,GREEN,7.280465,10.02128
192,2,576.0,352.0,679.0,615.0,627.5,483.5,60,140,Team_B,WHITE,20.500217,13.944861
192,10,963.0,368.0,1109.0,583.0,1036.0,475.5,60,140,Team_A,GREEN,40.332443,12.809687
192,4,1464.0,464.0,1589.0,714.0,1526.5,589.0,60,140,Team_B,WHITE,63.989727,19.537119
192,29,409.0,877.0,523.0,1080.0,466.0,978.5,60,140,EXCLUDED,UNKNOWN,17.132586,47.357174
192,11,1360.0,238.0,1441.0,464.0,1400.5,351.0,60,140,Team_B,WHITE,56.585037,4.0309305
192,22,1253.0,309.0,1325.0,546.0,1289.0,427.5,60,140,EXCLUDED,UNKNOWN,51.930702,9.264049
192,12,796.0,927.0,871.0,995.0,833.5,961.0,60,140,Team_B,WHITE,34.640987,45.134796
192,14,1050.0,925.0,1125.0,994.0,1087.5,959.5,60,140,Team_A,GREEN,46.494865,44.31415
192,16,913.0,944.0,1005.0,977.0,959.0,960.5,60,140,Team_A,GREEN,40.534306,44.742348
192,21,902.0,974.0,951.0,1000.0,926.5,987.0,60,140,EXCLUDED,UNKNOWN,39.223156,46.529255
192,40,1884.0,501.0,1920.0,713.0,1902.0,607.0,60,140,EXCLUDED,UNKNOWN,80.828415,20.063784
193,2,573.0,352.0,680.0,613.0,626.5,482.5,60,140,Team_B,WHITE,20.441282,13.878009
193,20,759.0,474.0,862.0,746.0,810.5,610.0,60,140,EXCLUDED,UNKNOWN,30.600948,22.186098
193,10,948.0,366.0,1089.0,582.0,1018.5,474.0,60,140,Team_A,GREEN,39.48331,12.733661
193,17,286.0,304.0,435.0,549.0,360.5,426.5,60,140,Team_A,GREEN,6.4878454,10.391524
193,4,1475.0,462.0,1595.0,706.0,1535.0,584.0,60,140,Team_B,WHITE,64.34244,19.198648
193,29,406.0,877.0,514.0,1080.0,460.0,978.5,60,140,EXCLUDED,UNKNOWN,16.839317,47.375427
193,22,1258.0,308.0,1330.0,544.0,1294.0,426.0,60,140,EXCLUDED,UNKNOWN,52.15373,9.157872
193,11,1361.0,238.0,1442.0,464.0,1401.5,351.0,60,140,Team_B,WHITE,56.631573,4.0299435
193,12,796.0,927.0,871.0,995.0,833.5,961.0,60,140,Team_B,WHITE,34.640987,45.134796
193,14,1049.0,925.0,1126.0,994.0,1087.5,959.5,60,140,Team_A,GREEN,46.494865,44.31415
193,16,913.0,944.0,1005.0,977.0,959.0,960.5,60,140,Team_A,GREEN,40.534306,44.742348
193,21,902.0,974.0,951.0,1000.0,926.5,987.0,60,140,EXCLUDED,UNKNOWN,39.223156,46.529255
194,2,565.0,353.0,682.0,613.0,623.5,483.0,60,140,Team_B,WHITE,20.296888,13.916661
194,20,756.0,474.0,859.0,746.0,807.5,610.0,60,140,EXCLUDED,UNKNOWN,30.455692,22.19168
194,10,935.0,365.0,1089.0,580.0,1012.0,472.5,60,140,Team_A,GREEN,39.159904,12.642022
194,17,280.0,309.0,420.0,548.0,350.0,428.5,60,140,Team_A,GREEN,5.970917,10.545006
194,4,1487.0,462.0,1598.0,704.0,1542.5,583.0,60,140,Team_B,WHITE,64.67574,19.121328
194,29,401.0,877.0,502.0,1079.0,451.5,978.0,60,140,EXCLUDED,UNKNOWN,16.418915,47.36868
194,11,1361.0,238.0,1442.0,464.0,1401.5,351.0,60,140,Team_B,WHITE,56.631573,4.0299435
194,22,1260.0,308.0,1349.0,545.0,1304.5,426.5,60,140,EXCLUDED,UNKNOWN,52.64841,9.178306
194,12,796.0,927.0,871.0,995.0,833.5,961.0,60,140,Team_B,WHITE,34.640987,45.134796
194,14,1049.0,925.0,1126.0,994.0,1087.5,959.5,60,140,Team_A,GREEN,46.494865,44.31415
194,16,913.0,944.0,1005.0,977.0,959.0,960.5,60,140,Team_A,GREEN,40.534306,44.742348
194,21,902.0,974.0,951.0,1000.0,926.5,987.0,60,140,EXCLUDED,UNKNOWN,39.223156,46.529255
195,2,562.0,353.0,684.0,612.0,623.0,482.5,60,140,Team_B,WHITE,20.267405,13.883228
195,10,926.0,362.0,1085.0,590.0,1005.5,476.0,60,140,Team_A,GREEN,38.87677,12.886423
195,20,755.0,475.0,850.0,746.0,802.5,610.5,60,140,EXCLUDED,UNKNOWN,30.217808,22.234415
195,17,269.0,307.0,397.0,548.0,333.0,427.5,60,140,Team_A,GREEN,5.0894747,10.498287
195,4,1490.0,460.0,1607.0,700.0,1548.5,580.0,60,140,Team_B,WHITE,64.92799,18.916866
195,22,1262.0,309.0,1360.0,545.0,1311.0,427.0,60,140,EXCLUDED,UNKNOWN,52.95577,9.203633
195,29,398.0,876.0,489.0,1079.0,443.5,977.5,60,140,EXCLUDED,UNKNOWN,16.022636,47.3604
195,11,1363.0,238.0,1442.0,464.0,1402.5,351.0,60,140,Team_B,WHITE,56.678104,4.028956
195,12,796.0,927.0,871.0,995.0,833.5,961.0,60,140,Team_B,WHITE,34.640987,45.134796
195,14,1049.0,925.0,1126.0,994.0,1087.5,959.5,60,140,Team_A,GREEN,46.494865,44.31415
195,16,913.0,944.0,1005.0,977.0,959.0,960.5,60,140,Team_A,GREEN,40.534306,44.742348
195,21,902.0,974.0,951.0,1000.0,926.5,987.0,60,140,EXCLUDED,UNKNOWN,39.223156,46.529255
196,2,555.0,354.0,686.0,611.0,620.5,482.5,60,140,Team_B,WHITE,20.143171,13.886957
196,10,919.0,362.0,1078.0,592.0,998.5,477.0,60,140,Team_A,GREEN,38.549294,12.963573
196,4,1505.0,459.0,1616.0,696.0,1560.5,577.5,60,140,Team_B,WHITE,65.4549,18.735018
196,22,1263.0,307.0,1368.0,545.0,1315.5,426.0,60,140,EXCLUDED,UNKNOWN,53.158688,9.131493
196,17,261.0,307.0,378.0,549.0,319.5,428.0,60,140,Team_A,GREEN,4.401775,10.551433
196,20,754.0,477.0,843.0,746.0,798.5,611.5,60,140,EXCLUDED,UNKNOWN,30.03259,22.308727
196,29,394.0,874.0,482.0,1080.0,438.0,977.0,60,140,EXCLUDED,UNKNOWN,15.748547,47.344505
196,11,1364.0,238.0,1442.0,464.0,1403.0,351.0,60,140,Team_B,WHITE,56.701366,4.028462
196,12,796.0,927.0,871.0,995.0,833.5,961.0,60,140,Team_B,WHITE,34.640987,45.134796
196,14,1050.0,925.0,1126.0,994.0,1088.0,959.5,60,140,Team_A,GREEN,46.517952,44.31274
196,16,913.0,943.0,1005.0,977.0,959.0,960.0,60,140,Team_A,GREEN,40.530396,44.710384
196,21,902.0,974.0,951.0,1000.0,926.5,987.0,60,140,EXCLUDED,UNKNOWN,39.223156,46.529255
196,40,1880.0,501.0,1920.0,715.0,1900.0,608.0,60,140,EXCLUDED,UNKNOWN,80.7464,20.130796
197,2,554.0,356.0,687.0,610.0,620.5,483.0,60,140,Team_B,WHITE,20.147816,13.921141
197,10,910.0,362.0,1067.0,596.0,988.5,479.0,60,140,Team_A,GREEN,38.08581,13.112283
197,4,1506.0,460.0,1626.0,694.0,1566.0,577.0,60,140,Team_B,WHITE,65.70041,18.693583
197,22,1264.0,312.0,1375.0,545.0,1319.5,428.5,60,140,EXCLUDED,UNKNOWN,53.363503,9.293073
197,17,257.0,307.0,356.0,548.0,306.5,427.5,60,140,Team_A,GREEN,3.7285268,10.534147
197,20,746.0,479.0,837.0,748.0,791.5,613.5,60,140,EXCLUDED,UNKNOWN,29.710497,22.455538
197,11,1365.0,238.0,1443.0,463.0,1404.0,350.5,60,140,Team_B,WHITE,56.74437,3.994033
197,29,389.0,872.0,477.0,1080.0,433.0,976.0,60,140,EXCLUDED,UNKNOWN,15.494123,47.29442
197,12,796.0,927.0,871.0,995.0,833.5,961.0,60,140,Team_B,WHITE,34.640987,45.134796
197,14,1050.0,925.0,1126.0,994.0,1088.0,959.5,60,140,Team_A,GREEN,46.517952,44.31274
197,16,913.0,944.0,1005.0,977.0,959.0,960.5,60,140,Team_A,GREEN,40.534306,44.742348
197,21,902.0,974.0,951.0,1000.0,926.5,987.0,60,140,EXCLUDED,UNKNOWN,39.223156,46.529255
197,40,1879.0,502.0,1920.0,713.0,1899.5,607.5,60,140,EXCLUDED,UNKNOWN,80.72173,20.099804
198,10,900.0,363.0,1057.0,599.0,978.5,481.0,60,140,Team_A,GREEN,37.621994,13.261101
198,2,551.0,355.0,689.0,611.0,620.0,483.0,60,140,Team_B,WHITE,20.122967,13.921887
198,4,1505.0,461.0,1645.0,691.0,1575.0,576.0,60,140,Team_B,WHITE,66.100746,18.614038
198,17,246.0,305.0,352.0,560.0,299.0,432.5,60,140,Team_A,GREEN,3.394765,10.893456
198,20,740.0,483.0,837.0,751.0,788.5,617.0,60,140,EXCLUDED,UNKNOWN,29.595228,22.695156
198,22,1265.0,316.0,1375.0,545.0,1320.0,430.5,60,140,EXCLUDED,UNKNOWN,53.401287,9.425607
198,11,1366.0,239.0,1443.0,463.0,1404.5,351.0,60,140,Team_B,WHITE,56.771152,4.0269814
198,29,382.0,871.0,470.0,1080.0,426.0,975.5,60,140,EXCLUDED,UNKNOWN,15.146141,47.28306
198,12,796.0,927.0,871.0,995.0,833.5,961.0,60,140,Team_B,WHITE,34.640987,45.134796
198,14,1049.0,925.0,1126.0,994.0,1087.5,959.5,60,140,Team_A,GREEN,46.494865,44.31415
198,16,913.0,944.0,1005.0,977.0,959.0,960.5,60,140,Team_A,GREEN,40.534306,44.742348
198,21,902.0,974.0,951.0,1000.0,926.5,987.0,60,140,EXCLUDED,UNKNOWN,39.223156,46.529255
198,40,1879.0,501.0,1920.0,713.0,1899.5,607.0,60,140,EXCLUDED,UNKNOWN,80.718956,20.06797
199,10,892.0,368.0,1045.0,603.0,968.5,485.5,60,140,Team_A,GREEN,37.178352,13.578173
199,2,549.0,356.0,690.0,610.0,619.5,483.0,60,140,Team_B,WHITE,20.098116,13.922634
199,4,1506.0,463.0,1669.0,690.0,1587.5,576.5,60,140,Team_B,WHITE,66.66835,18.625984
199,17,236.0,306.0,348.0,568.0,292.0,437.0,60,140,Team_A,GREEN,3.0814648,11.217235
199,22,1267.0,313.0,1378.0,545.0,1322.5,429.0,60,140,EXCLUDED,UNKNOWN,53.507103,9.322661
199,20,740.0,487.0,838.0,754.0,789.0,620.5,60,140,EXCLUDED,UNKNOWN,29.649672,22.92811
199,29,371.0,872.0,466.0,1080.0,418.5,976.0,60,140,EXCLUDED,UNKNOWN,14.7827835,47.33858
199,11,1367.0,239.0,1443.0,463.0,1405.0,351.0,60,140,Team_B,WHITE,56.794415,4.026488
199,12,795.0,927.0,871.0,995.0,833.0,961.0,60,140,Team_B,WHITE,34.617355,45.136242
199,14,1049.0,925.0,1127.0,994.0,1088.0,959.5,60,140,Team_A,GREEN,46.517952,44.31274
199,16,912.0,944.0,1005.0,977.0,958.5,960.5,60,140,Team_A,GREEN,40.510944,44.743774
199,21,902.0,974.0,951.0,1000.0,926.5,987.0,60,140,EXCLUDED,UNKNOWN,39.223156,46.529255
199,40,1878.0,502.0,1920.0,713.0,1899.0,607.5,60,140,EXCLUDED,UNKNOWN,80.69984,20.100641
200,17,227.0,308.0,342.0,573.0,284.5,440.5,60,140,Team_A,GREEN,2.7319188,11.471982
200,10,883.0,373.0,1027.0,603.0,955.0,488.0,60,140,Team_A,GREEN,36.549652,13.765996
200,2,545.0,356.0,691.0,609.0,618.0,482.5,60,140,Team_B,WHITE,20.018908,13.890686
200,4,1506.0,465.0,1675.0,689.0,1590.5,577.0,60,140,Team_B,WHITE,66.80689,18.653452
200,20,732.0,492.0,842.0,761.0,787.0,626.5,60,140,EXCLUDED,UNKNOWN,29.604485,23.332703
200,22,1270.0,312.0,1380.0,544.0,1325.0,428.0,60,140,EXCLUDED,UNKNOWN,53.61652,9.25301
200,11,1369.0,239.0,1443.0,465.0,1406.0,352.0,60,140,Team_B,WHITE,56.84797,4.092373
200,29,359.0,874.0,459.0,1080.0,409.0,977.0,60,140,EXCLUDED,UNKNOWN,14.325654,47.43293
200,14,1049.0,925.0,1127.0,994.0,1088.0,959.5,60,140,Team_A,GREEN,46.517952,44.31274
200,12,796.0,927.0,871.0,995.0,833.5,961.0,60,140,Team_B,WHITE,34.640987,45.134796
200,16,912.0,944.0,1005.0,977.0,958.5,960.5,60,140,Team_A,GREEN,40.510944,44.743774
200,21,902.0,974.0,951.0,1000.0,926.5,987.0,60,140,EXCLUDED,UNKNOWN,39.223156,46.529255
201,2,542.0,357.0,690.0,606.0,616.0,481.5,60,140,Team_B,WHITE,19.910172,13.825283
201,17,221.0,312.0,336.0,574.0,278.5,443.0,60,140,Team_A,GREEN,2.4490569,11.654904
201,10,860.0,376.0,1005.0,606.0,932.5,491.0,60,140,Team_A,GREEN,35.490715,14.000919
201,4,1507.0,465.0,1685.0,689.0,1596.0,577.0,60,140,Team_B,WHITE,67.05495,18.644455
201,20,724.0,497.0,844.0,764.0,784.0,630.5,60,140,EXCLUDED,UNKNOWN,29.493595,23.60554
201,22,1273.0,312.0,1382.0,542.0,1327.5,427.0,60,140,EXCLUDED,UNKNOWN,53.72592,9.183366
201,29,345.0,874.0,455.0,1080.0,400.0,977.0,60,140,EXCLUDED,UNKNOWN,13.883273,47.460423
201,11,1369.0,240.0,1443.0,465.0,1406.0,352.5,60,140,Team_B,WHITE,56.85149,4.1258063
201,14,1049.0,926.0,1127.0,994.0,1088.0,960.0,60,140,Team_A,GREEN,46.521683,44.34453
201,12,796.0,927.0,871.0,995.0,833.5,961.0,60,140,Team_B,WHITE,34.640987,45.134796
201,16,912.0,944.0,1005.0,977.0,958.5,960.5,60,140,Team_A,GREEN,40.510944,44.743774
201,21,902.0,974.0,951.0,1000.0,926.5,987.0,60,140,EXCLUDED,UNKNOWN,39.223156,46.529255
201,40,1876.0,499.0,1920.0,713.0,1898.0,606.0,60,140,EXCLUDED,UNKNOWN,80.64771,20.006805
202,2,540.0,355.0,689.0,606.0,614.5,480.5,60,140,Team_B,WHITE,19.82627,13.759117
202,4,1508.0,465.0,1694.0,689.0,1601.0,577.0,60,140,Team_B,WHITE,67.28034,18.63628
202,17,209.0,317.0,330.0,580.0,269.5,448.5,60,140,Team_A,GREEN,2.042961,12.051523
202,10,855.0,378.0,980.0,605.0,917.5,491.5,60,140,Team_A,GREEN,34.771164,14.056733
202,20,719.0,500.0,845.0,773.0,782.0,636.5,60,140,EXCLUDED,UNKNOWN,29.448458,24.009848
202,22,1275.0,309.0,1382.0,541.0,1328.5,425.0,60,140,EXCLUDED,UNKNOWN,53.758156,9.04899
202,29,329.0,877.0,451.0,1080.0,390.0,978.5,60,140,EXCLUDED,UNKNOWN,13.405558,47.58915
202,11,1369.0,240.0,1442.0,465.0,1405.5,352.5,60,140,Team_B,WHITE,56.828236,4.1263022
202,12,796.0,927.0,871.0,995.0,833.5,961.0,60,140,Team_B,WHITE,34.640987,45.134796
202,14,1049.0,926.0,1126.0,994.0,1087.5,960.0,60,140,Team_A,GREEN,46.498596,44.345936
202,16,912.0,944.0,1005.0,977.0,958.5,960.5,60,140,Team_A,GREEN,40.510944,44.743774
202,21,902.0,974.0,951.0,1000.0,926.5,987.0,60,140,EXCLUDED,UNKNOWN,39.223156,46.529255
202,40,1876.0,499.0,1920.0,713.0,1898.0,606.0,60,140,EXCLUDED,UNKNOWN,80.64771,20.006805
203,2,538.0,354.0,686.0,607.0,612.0,480.5,60,140,Team_B,WHITE,19.701918,13.762833
203,17,203.0,325.0,320.0,584.0,261.5,454.5,60,140,Team_A,GREEN,1.6935762,12.481676
203,4,1509.0,465.0,1701.0,689.0,1605.0,577.0,60,140,Team_B,WHITE,67.46058,18.629744
203,10,842.0,380.0,957.0,605.0,899.5,492.5,60,140,Team_A,GREEN,33.909763,14.150777
203,20,716.0,503.0,844.0,775.0,780.0,639.0,60,140,EXCLUDED,UNKNOWN,29.373121,24.180536
203,29,317.0,878.0,444.0,1080.0,380.5,979.0,60,140,EXCLUDED,UNKNOWN,12.942561,47.65099
203,22,1279.0,306.0,1381.0,540.0,1330.0,423.0,60,140,EXCLUDED,UNKNOWN,53.813713,8.91399
203,11,1368.0,240.0,1442.0,466.0,1405.0,353.0,60,140,Team_B,WHITE,56.8085,4.160231
203,14,1049.0,926.0,1126.0,994.0,1087.5,960.0,60,140,Team_A,GREEN,46.498596,44.345936
203,12,796.0,927.0,871.0,995.0,833.5,961.0,60,140,Team_B,WHITE,34.640987,45.134796
203,16,912.0,944.0,1005.0,977.0,958.5,960.5,60,140,Team_A,GREEN,40.510944,44.743774
203,21,902.0,974.0,951.0,1000.0,926.5,987.0,60,140,EXCLUDED,UNKNOWN,39.223156,46.529255
203,40,1877.0,500.0,1920.0,713.0,1898.5,606.5,60,140,EXCLUDED,UNKNOWN,80.67239,20.03781
204,2,536.0,354.0,681.0,608.0,608.5,481.0,60,140,Team_B,WHITE,19.53244,13.802247
204,10,826.0,380.0,954.0,604.0,890.0,492.0,60,140,Team_A,GREEN,33.445908,14.131156
204,4,1511.0,464.0,1704.0,690.0,1607.5,577.0,60,140,Team_B,WHITE,67.5732,18.625658
204,20,715.0,508.0,843.0,777.0,779.0,642.5,60,140,EXCLUDED,UNKNOWN,29.354889,24.415936
204,17,200.0,330.0,301.0,585.0,250.5,457.5,60,140,Team_A,GREEN,1.1577698,12.707007
204,29,306.0,880.0,438.0,1080.0,372.0,980.0,60,140,EXCLUDED,UNKNOWN,12.533253,47.742546
204,22,1284.0,304.0,1382.0,539.0,1333.0,421.5,60,140,EXCLUDED,UNKNOWN,53.942825,8.810465
204,11,1366.0,240.0,1443.0,466.0,1404.5,353.0,60,140,Team_B,WHITE,56.78524,4.160728
204,14,1049.0,926.0,1126.0,994.0,1087.5,960.0,60,140,Team_A,GREEN,46.498596,44.345936
204,12,796.0,927.0,871.0,995.0,833.5,961.0,60,140,Team_B,WHITE,34.640987,45.134796
204,16,912.0,944.0,1005.0,977.0,958.5,960.5,60,140,Team_A,GREEN,40.510944,44.743774
204,21,902.0,974.0,951.0,1000.0,926.5,987.0,60,140,EXCLUDED,UNKNOWN,39.223156,46.529255
204,40,1879.0,502.0,1920.0,714.0,1899.5,608.0,60,140,EXCLUDED,UNKNOWN,80.72451,20.131636
205,2,533.0,353.0,676.0,609.0,604.5,481.0,60,140,Team_B,WHITE,19.333355,13.808203
205,17,194.0,334.0,292.0,585.0,243.0,459.5,60,140,Team_A,GREEN,0.7917395,12.857567
205,10,811.0,380.0,954.0,605.0,882.5,492.5,60,140,Team_A,GREEN,33.086964,14.176019
205,4,1513.0,461.0,1703.0,688.0,1608.0,574.5,60,140,Team_B,WHITE,67.5799,18.463087
205,20,718.0,511.0,837.0,778.0,777.5,644.5,60,140,EXCLUDED,UNKNOWN,29.299479,24.55225
205,29,295.0,881.0,421.0,1080.0,358.0,980.5,60,140,EXCLUDED,UNKNOWN,11.84746,47.818348
205,22,1289.0,301.0,1383.0,537.0,1336.0,419.0,60,140,EXCLUDED,UNKNOWN,54.064735,8.640354
205,11,1367.0,240.0,1442.0,466.0,1404.5,353.0,60,140,Team_B,WHITE,56.78524,4.160728
205,14,1049.0,925.0,1125.0,994.0,1087.0,959.5,60,140,Team_A,GREEN,46.47178,44.31556
205,12,796.0,927.0,871.0,995.0,833.5,961.0,60,140,Team_B,WHITE,34.640987,45.134796
205,16,912.0,944.0,1005.0,977.0,958.5,960.5,60,140,Team_A,GREEN,40.510944,44.743774
205,21,902.0,974.0,951.0,1000.0,926.5,987.0,60,140,EXCLUDED,UNKNOWN,39.223156,46.529255
205,40,1879.0,501.0,1920.0,713.0,1899.5,607.0,60,140,EXCLUDED,UNKNOWN,80.718956,20.06797
206,2,530.0,352.0,668.0,607.0,599.0,479.5,60,140,Team_B,WHITE,19.045444,13.713712
206,17,189.0,334.0,284.0,585.0,236.5,459.5,60,140,Team_A,GREEN,0.4560078,12.867129
206,4,1520.0,458.0,1705.0,689.0,1612.5,573.5,60,140,Team_B,WHITE,67.77625,18.39107
206,10,798.0,379.0,952.0,604.0,875.0,491.5,60,140,Team_A,GREEN,32.715057,14.119676
206,29,290.0,879.0,400.0,1080.0,345.0,979.5,60,140,EXCLUDED,UNKNOWN,11.195744,47.792847
206,20,718.0,514.0,831.0,780.0,774.5,647.0,60,140,EXCLUDED,UNKNOWN,29.175701,24.724857
206,22,1294.0,300.0,1384.0,537.0,1339.0,418.5,60,140,EXCLUDED,UNKNOWN,54.201004,8.603451
206,11,1368.0,242.0,1442.0,466.0,1405.0,354.0,60,140,Team_B,WHITE,56.81554,4.2270923
206,14,1049.0,926.0,1126.0,994.0,1087.5,960.0,60,140,Team_A,GREEN,46.498596,44.345936
206,12,796.0,927.0,871.0,995.0,833.5,961.0,60,140,Team_B,WHITE,34.640987,45.134796
206,16,912.0,944.0,1005.0,977.0,958.5,960.5,60,140,Team_A,GREEN,40.510944,44.743774
206,21,902.0,974.0,951.0,1000.0,926.5,987.0,60,140,EXCLUDED,UNKNOWN,39.223156,46.529255
206,40,1880.0,498.0,1920.0,713.0,1900.0,605.5,60,140,EXCLUDED,UNKNOWN,80.73252,19.971624
207,2,528.0,353.0,661.0,607.0,594.5,480.0,60,140,Team_B,WHITE,18.82593,13.754634
207,10,784.0,377.0,948.0,607.0,866.0,492.0,60,140,Team_A,GREEN,32.282837,14.166799
207,4,1530.0,458.0,1706.0,689.0,1618.0,573.5,60,140,Team_B,WHITE,68.02386,18.382145
207,20,720.0,514.0,825.0,781.0,772.5,647.5,60,140,EXCLUDED,UNKNOWN,29.083092,24.762154
207,29,286.0,878.0,392.0,1080.0,339.0,979.0,60,140,EXCLUDED,UNKNOWN,10.894285,47.77854
207,11,1369.0,242.0,1442.0,466.0,1405.5,354.0,60,140,Team_B,WHITE,56.838795,4.226594
207,22,1297.0,298.0,1385.0,538.0,1341.0,418.0,60,140,EXCLUDED,UNKNOWN,54.290638,8.567755
207,12,796.0,927.0,871.0,995.0,833.5,961.0,60,140,Team_B,WHITE,34.640987,45.134796
207,14,1049.0,925.0,1125.0,994.0,1087.0,959.5,60,140,Team_A,GREEN,46.47178,44.31556
207,16,912.0,944.0,1005.0,977.0,958.5,960.5,60,140,Team_A,GREEN,40.510944,44.743774
207,21,902.0,974.0,950.0,1000.0,926.0,987.0,60,140,EXCLUDED,UNKNOWN,39.199764,46.530724
208,2,522.0,352.0,655.0,608.0,588.5,480.0,60,140,Team_B,WHITE,18.52685,13.76356
208,10,772.0,378.0,943.0,597.0,857.5,487.5,60,140,Team_A,GREEN,31.831852,13.875404
208,4,1555.0,451.0,1705.0,687.0,1630.0,569.0,60,140,Team_B,WHITE,68.53544,18.071678
208,20,720.0,515.0,825.0,781.0,772.5,648.0,60,140,EXCLUDED,UNKNOWN,29.087418,24.795486
208,29,285.0,876.0,385.0,1080.0,335.0,978.0,60,140,EXCLUDED,UNKNOWN,10.686754,47.725273
208,11,1370.0,240.0,1444.0,466.0,1407.0,353.0,60,140,Team_B,WHITE,56.901516,4.1582446
208,22,1301.0,298.0,1386.0,537.0,1343.5,417.5,60,140,EXCLUDED,UNKNOWN,54.40356,8.531465
208,12,796.0,927.0,871.0,995.0,833.5,961.0,60,140,Team_B,WHITE,34.640987,45.134796
208,14,1049.0,925.0,1125.0,994.0,1087.0,959.5,60,140,Team_A,GREEN,46.47178,44.31556
208,16,912.0,944.0,1005.0,977.0,958.5,960.5,60,140,Team_A,GREEN,40.510944,44.743774
208,21,902.0,974.0,950.0,1000.0,926.0,987.0,60,140,EXCLUDED,UNKNOWN,39.199764,46.530724
209,10,756.0,380.0,931.0,587.0,843.5,483.5,60,140,Team_A,GREEN,31.117077,13.625495
209,2,521.0,354.0,650.0,609.0,585.5,481.5,60,140,Team_B,WHITE,18.391352,13.870769
209,4,1582.0,445.0,1706.0,684.0,1644.0,564.5,60,140,Team_B,WHITE,69.136566,17.75822
209,20,720.0,514.0,820.0,781.0,770.0,647.5,60,140,EXCLUDED,UNKNOWN,28.961899,24.76711
209,29,284.0,874.0,377.0,1079.0,330.5,976.5,60,140,EXCLUDED,UNKNOWN,10.449524,47.64071
209,11,1372.0,243.0,1444.0,465.0,1408.0,354.0,60,140,Team_B,WHITE,56.95505,4.2241035
209,22,1303.0,298.0,1387.0,537.0,1345.0,417.5,60,140,EXCLUDED,UNKNOWN,54.47345,8.52967
209,12,796.0,927.0,871.0,995.0,833.5,961.0,60,140,Team_B,WHITE,34.640987,45.134796
209,14,1049.0,925.0,1126.0,994.0,1087.5,959.5,60,140,Team_A,GREEN,46.494865,44.31415
209,16,912.0,944.0,1005.0,977.0,958.5,960.5,60,140,Team_A,GREEN,40.510944,44.743774
209,21,902.0,974.0,950.0,1000.0,926.0,987.0,60,140,EXCLUDED,UNKNOWN,39.199764,46.530724
210,10,737.0,385.0,912.0,581.0,824.5,483.0,60,140,Team_A,GREEN,30.18763,13.619466
210,2,515.0,354.0,648.0,608.0,581.5,481.0,60,140,Team_B,WHITE,18.187122,13.842492
210,20,720.0,512.0,816.0,779.0,768.0,645.5,60,140,EXCLUDED,UNKNOWN,28.847591,24.637695
210,29,284.0,873.0,368.0,1080.0,326.0,976.5,60,140,EXCLUDED,UNKNOWN,10.226722,47.654545
210,11,1371.0,242.0,1445.0,466.0,1408.0,354.0,60,140,Team_B,WHITE,56.95505,4.2241035
210,4,1598.0,443.0,1704.0,684.0,1651.0,563.5,60,140,Team_B,WHITE,69.44472,17.682419
210,22,1303.0,298.0,1387.0,537.0,1345.0,417.5,60,140,EXCLUDED,UNKNOWN,54.47345,8.52967
210,14,1049.0,925.0,1126.0,994.0,1087.5,959.5,60,140,Team_A,GREEN,46.494865,44.31415
210,12,796.0,927.0,871.0,995.0,833.5,961.0,60,140,Team_B,WHITE,34.640987,45.134796
210,16,912.0,944.0,1005.0,977.0,958.5,960.5,60,140,Team_A,GREEN,40.510944,44.743774
210,21,902.0,974.0,950.0,1000.0,926.0,987.0,60,140,EXCLUDED,UNKNOWN,39.199764,46.530724
210,40,1879.0,497.0,1920.0,711.0,1899.5,604.0,60,140,EXCLUDED,UNKNOWN,80.7023,19.876934
211,2,509.0,354.0,645.0,610.0,577.0,482.0,60,140,Team_B,WHITE,17.971992,13.9177265
211,10,728.0,388.0,894.0,587.0,811.0,487.5,60,140,Team_A,GREEN,29.568357,13.944094
211,11,1368.0,240.0,1446.0,467.0,1407.0,353.5,60,140,Team_B,WHITE,56.905033,4.1916733
211,20,720.0,512.0,814.0,781.0,767.0,646.5,60,140,EXCLUDED,UNKNOWN,28.80776,24.70637
211,29,284.0,873.0,360.0,1080.0,322.0,976.5,60,140,EXCLUDED,UNKNOWN,10.028595,47.666855
211,4,1609.0,441.0,1705.0,688.0,1657.0,564.5,60,140,Team_B,WHITE,69.72024,17.737532
211,22,1303.0,298.0,1388.0,537.0,1345.5,417.5,60,140,EXCLUDED,UNKNOWN,54.496746,8.529072
211,14,1049.0,925.0,1126.0,994.0,1087.5,959.5,60,140,Team_A,GREEN,46.494865,44.31415
211,12,796.0,927.0,871.0,995.0,833.5,961.0,60,140,Team_B,WHITE,34.640987,45.134796
211,16,912.0,944.0,1005.0,977.0,958.5,960.5,60,140,Team_A,GREEN,40.510944,44.743774
211,21,902.0,974.0,950.0,1000.0,926.0,987.0,60,140,EXCLUDED,UNKNOWN,39.199764,46.530724
212,2,505.0,357.0,642.0,609.0,573.5,483.0,60,140,Team_B,WHITE,17.80672,13.991486
212,10,713.0,394.0,871.0,586.0,792.0,490.0,60,140,Team_A,GREEN,28.662455,14.141691
212,29,273.0,873.0,354.0,1080.0,313.5,976.5,60,140,EXCLUDED,UNKNOWN,9.607326,47.69302
212,11,1372.0,241.0,1446.0,467.0,1409.0,354.0,60,140,Team_B,WHITE,57.001545,4.2231073
212,4,1615.0,441.0,1706.0,685.0,1660.5,563.0,60,140,Team_B,WHITE,69.86797,17.635017
212,22,1304.0,297.0,1388.0,537.0,1346.0,417.0,60,140,EXCLUDED,UNKNOWN,54.51646,8.495182
212,20,720.0,515.0,813.0,782.0,766.5,648.5,60,140,EXCLUDED,UNKNOWN,28.80085,24.840734
212,14,1050.0,925.0,1125.0,994.0,1087.5,959.5,60,140,Team_A,GREEN,46.494865,44.31415
212,12,796.0,927.0,871.0,995.0,833.5,961.0,60,140,Team_B,WHITE,34.640987,45.134796
212,16,912.0,944.0,1006.0,977.0,959.0,960.5,60,140,Team_A,GREEN,40.534306,44.742348
212,21,902.0,974.0,951.0,1000.0,926.5,987.0,60,140,EXCLUDED,UNKNOWN,39.223156,46.529255
213,2,501.0,360.0,640.0,609.0,570.5,484.5,60,140,Team_B,WHITE,17.6711,14.098767
213,10,698.0,400.0,844.0,587.0,771.0,493.5,60,140,Team_A,GREEN,27.66606,14.410409
213,29,263.0,874.0,349.0,1080.0,306.0,977.0,60,140,EXCLUDED,UNKNOWN,9.240222,47.74897
213,20,717.0,517.0,824.0,783.0,770.5,650.0,60,140,EXCLUDED,UNKNOWN,29.00778,24.932783
213,4,1620.0,441.0,1705.0,681.0,1662.5,561.0,60,140,Team_B,WHITE,69.945305,17.502567
213,22,1304.0,300.0,1389.0,538.0,1346.5,419.0,60,140,EXCLUDED,UNKNOWN,54.55407,8.627738
213,11,1374.0,241.0,1446.0,466.0,1410.0,353.5,60,140,Team_B,WHITE,57.04452,4.1886897
213,12,796.0,927.0,871.0,995.0,833.5,961.0,60,140,Team_B,WHITE,34.640987,45.134796
213,14,1049.0,925.0,1125.0,994.0,1087.0,959.5,60,140,Team_A,GREEN,46.47178,44.31556
213,16,912.0,943.0,1006.0,978.0,959.0,960.5,60,140,Team_A,GREEN,40.534306,44.742348
213,21,902.0,974.0,951.0,1000.0,926.5,987.0,60,140,EXCLUDED,UNKNOWN,39.223156,46.529255
214,2,497.0,365.0,640.0,609.0,568.5,487.0,60,140,Team_B,WHITE,17.594858,14.273058
214,10,674.0,401.0,818.0,591.0,746.0,496.0,60,140,Team_A,GREEN,26.462969,14.617775
214,20,716.0,523.0,816.0,787.0,766.0,655.0,60,140,EXCLUDED,UNKNOWN,28.83294,25.275005
214,4,1623.0,440.0,1722.0,680.0,1672.5,560.0,60,140,Team_B,WHITE,70.38752,17.422157
214,29,251.0,875.0,346.0,1080.0,298.5,977.5,60,140,EXCLUDED,UNKNOWN,8.872876,47.804955
214,11,1374.0,240.0,1446.0,467.0,1410.0,353.5,60,140,Team_B,WHITE,57.04452,4.1886897
214,22,1305.0,298.0,1391.0,538.0,1348.0,418.0,60,140,EXCLUDED,UNKNOWN,54.616783,8.559368
214,12,796.0,927.0,871.0,995.0,833.5,961.0,60,140,Team_B,WHITE,34.640987,45.134796
214,14,1050.0,925.0,1125.0,994.0,1087.5,959.5,60,140,Team_A,GREEN,46.494865,44.31415
214,16,912.0,944.0,1006.0,977.0,959.0,960.5,60,140,Team_A,GREEN,40.534306,44.742348
214,21,902.0,974.0,951.0,1000.0,926.5,987.0,60,140,EXCLUDED,UNKNOWN,39.223156,46.529255
215,2,491.0,367.0,641.0,606.0,566.0,486.5,60,140,Team_B,WHITE,17.465277,14.242587
215,20,713.0,528.0,816.0,793.0,764.5,660.5,60,140,EXCLUDED,UNKNOWN,28.80788,25.644419
215,4,1625.0,440.0,1733.0,684.0,1679.0,562.0,60,140,Team_B,WHITE,70.69106,17.541119
215,29,238.0,878.0,343.0,1080.0,290.5,979.0,60,140,EXCLUDED,UNKNOWN,8.490269,47.928246
215,10,656.0,401.0,774.0,570.0,715.0,485.5,60,140,Team_A,GREEN,24.845476,13.950798
215,22,1306.0,300.0,1391.0,537.0,1348.5,418.5,60,140,EXCLUDED,UNKNOWN,54.643646,8.592053
215,11,1374.0,241.0,1445.0,466.0,1409.5,353.5,60,140,Team_B,WHITE,57.02128,4.1891866
215,12,796.0,927.0,871.0,995.0,833.5,961.0,60,140,Team_B,WHITE,34.640987,45.134796
215,14,1050.0,925.0,1125.0,994.0,1087.5,959.5,60,140,Team_A,GREEN,46.494865,44.31415
215,16,912.0,944.0,1005.0,977.0,958.5,960.5,60,140,Team_A,GREEN,40.510944,44.743774
215,21,902.0,974.0,951.0,1000.0,926.5,987.0,60,140,EXCLUDED,UNKNOWN,39.223156,46.529255
215,40,1881.0,492.0,1920.0,716.0,1900.5,604.0,60,140,EXCLUDED,UNKNOWN,80.74609,19.875269
216,2,485.0,371.0,640.0,606.0,562.5,488.5,60,140,Team_B,WHITE,17.30937,14.384917
216,20,704.0,537.0,818.0,797.0,761.0,667.0,60,140,EXCLUDED,UNKNOWN,28.694576,26.084312
216,4,1626.0,440.0,1733.0,676.0,1679.5,558.0,60,140,Team_B,WHITE,70.688866,17.281912
216,29,228.0,882.0,339.0,1080.0,283.5,981.0,60,140,EXCLUDED,UNKNOWN,8.1620655,48.081367
216,22,1306.0,300.0,1392.0,537.0,1349.0,418.5,60,140,EXCLUDED,UNKNOWN,54.66693,8.5914545
216,11,1376.0,242.0,1445.0,464.0,1410.5,353.0,60,140,Team_B,WHITE,57.064255,4.1547694
216,12,796.0,927.0,871.0,995.0,833.5,961.0,60,140,Team_B,WHITE,34.640987,45.134796
216,14,1049.0,926.0,1126.0,994.0,1087.5,960.0,60,140,Team_A,GREEN,46.498596,44.345936
216,10,643.0,400.0,761.0,592.0,702.0,496.0,60,140,Team_A,GREEN,24.299677,14.684645
216,16,912.0,944.0,1005.0,977.0,958.5,960.5,60,140,Team_A,GREEN,40.510944,44.743774
216,21,902.0,974.0,950.0,1000.0,926.0,987.0,60,140,EXCLUDED,UNKNOWN,39.199764,46.530724
217,20,694.0,545.0,822.0,803.0,758.0,674.0,60,140,EXCLUDED,UNKNOWN,28.609879,26.556267
217,2,479.0,368.0,637.0,606.0,558.0,487.0,60,140,Team_B,WHITE,17.07028,14.28896
217,4,1623.0,440.0,1736.0,677.0,1679.5,558.5,60,140,Team_B,WHITE,70.69194,17.31422
217,29,218.0,883.0,332.0,1079.0,275.0,981.0,60,140,EXCLUDED,UNKNOWN,7.739373,48.107746
217,22,1306.0,301.0,1392.0,537.0,1349.0,419.0,60,140,EXCLUDED,UNKNOWN,54.670506,8.624736
217,10,628.0,398.0,755.0,615.0,691.5,506.5,60,140,Team_A,GREEN,23.877058,15.41466
217,11,1377.0,244.0,1446.0,462.0,1411.5,353.0,60,140,Team_B,WHITE,57.11074,4.1537766
217,12,796.0,927.0,871.0,995.0,833.5,961.0,60,140,Team_B,WHITE,34.640987,45.134796
217,14,1049.0,926.0,1126.0,994.0,1087.5,960.0,60,140,Team_A,GREEN,46.498596,44.345936
217,16,912.0,944.0,1005.0,977.0,958.5,960.5,60,140,Team_A,GREEN,40.510944,44.743774
217,21,902.0,974.0,950.0,1000.0,926.0,987.0,60,140,EXCLUDED,UNKNOWN,39.199764,46.530724
218,2,469.0,363.0,636.0,607.0,552.5,485.0,60,140,Team_B,WHITE,16.776278,14.160172
218,20,684.0,550.0,827.0,807.0,755.5,678.5,60,140,EXCLUDED,UNKNOWN,28.527765,26.860737
218,10,619.0,397.0,780.0,631.0,699.5,514.0,60,140,Team_A,GREEN,24.338774,15.911518
218,4,1621.0,441.0,1735.0,675.0,1678.0,558.0,60,140,Team_B,WHITE,70.621666,17.284266
218,29,209.0,886.0,319.0,1080.0,264.0,983.0,60,140,EXCLUDED,UNKNOWN,7.211657,48.273457
218,22,1305.0,301.0,1391.0,537.0,1348.0,419.0,60,140,EXCLUDED,UNKNOWN,54.623936,8.6259365
218,11,1378.0,246.0,1445.0,460.0,1411.5,353.0,60,140,Team_B,WHITE,57.11074,4.1537766
218,12,796.0,927.0,871.0,995.0,833.5,961.0,60,140,Team_B,WHITE,34.640987,45.134796
218,14,1049.0,926.0,1126.0,994.0,1087.5,960.0,60,140,Team_A,GREEN,46.498596,44.345936
218,16,912.0,944.0,1005.0,977.0,958.5,960.5,60,140,Team_A,GREEN,40.510944,44.743774
218,21,902.0,974.0,950.0,1000.0,926.0,987.0,60,140,EXCLUDED,UNKNOWN,39.199764,46.530724
219,20,680.0,556.0,828.0,812.0,754.0,684.0,60,140,EXCLUDED,UNKNOWN,28.502796,27.229498
219,2,467.0,369.0,632.0,606.0,549.5,487.5,60,140,Team_B,WHITE,16.649988,14.336125
219,10,603.0,398.0,782.0,640.0,692.5,519.0,60,140,Team_A,GREEN,24.039219,16.262005
219,4,1618.0,440.0,1735.0,675.0,1676.5,557.5,60,140,Team_B,WHITE,70.551384,17.254305
219,22,1305.0,300.0,1389.0,537.0,1347.0,418.5,60,140,EXCLUDED,UNKNOWN,54.57378,8.593853
219,29,204.0,887.0,308.0,1080.0,256.0,983.5,60,140,EXCLUDED,UNKNOWN,6.8181133,48.33127
219,12,796.0,927.0,871.0,995.0,833.5,961.0,60,140,Team_B,WHITE,34.640987,45.134796
219,11,1377.0,246.0,1445.0,460.0,1411.0,353.0,60,140,Team_B,WHITE,57.087498,4.154273
219,14,1049.0,925.0,1126.0,994.0,1087.5,959.5,60,140,Team_A,GREEN,46.494865,44.31415
219,21,902.0,975.0,950.0,1000.0,926.0,987.5,60,140,EXCLUDED,UNKNOWN,39.203712,46.56264
219,16,912.0,944.0,1003.0,977.0,957.5,960.5,60,140,Team_A,GREEN,40.464222,44.746628
220,20,678.0,558.0,831.0,820.0,754.5,689.0,60,140,EXCLUDED,UNKNOWN,28.570366,27.560654
220,10,588.0,401.0,763.0,642.0,675.5,521.5,60,140,Team_A,GREEN,23.224117,16.458954
220,4,1621.0,438.0,1735.0,675.0,1678.0,556.5,60,140,Team_B,WHITE,70.61244,17.187325
220,2,463.0,369.0,613.0,606.0,538.0,487.5,60,140,Team_B,WHITE,16.074385,14.353594
220,22,1305.0,301.0,1387.0,537.0,1346.0,419.0,60,140,EXCLUDED,UNKNOWN,54.530777,8.628339
220,12,796.0,927.0,871.0,995.0,833.5,961.0,60,140,Team_B,WHITE,34.640987,45.134796
220,29,201.0,888.0,301.0,1080.0,251.0,984.0,60,140,EXCLUDED,UNKNOWN,6.5738716,48.37976
220,11,1378.0,247.0,1445.0,457.0,1411.5,352.0,60,140,Team_B,WHITE,57.103718,4.086929
220,14,1049.0,925.0,1126.0,994.0,1087.5,959.5,60,140,Team_A,GREEN,46.494865,44.31415
220,21,902.0,975.0,950.0,1000.0,926.0,987.5,60,140,EXCLUDED,UNKNOWN,39.203712,46.56264
220,16,912.0,944.0,1003.0,977.0,957.5,960.5,60,140,Team_A,GREEN,40.464222,44.746628
221,20,678.0,556.0,824.0,821.0,751.0,688.5,60,140,EXCLUDED,UNKNOWN,28.396503,27.534828
221,10,573.0,405.0,741.0,652.0,657.0,528.5,60,140,Team_A,GREEN,22.374908,16.964252
221,4,1614.0,440.0,1732.0,676.0,1673.0,558.0,60,140,Team_B,WHITE,70.397606,17.29211
221,2,460.0,368.0,598.0,608.0,529.0,488.0,60,140,Team_B,WHITE,15.628256,14.401589
221,22,1304.0,299.0,1386.0,534.0,1345.0,416.5,60,140,EXCLUDED,UNKNOWN,54.46629,8.463081
221,12,795.0,927.0,871.0,995.0,833.0,961.0,60,140,Team_B,WHITE,34.617355,45.136242
221,11,1380.0,248.0,1446.0,456.0,1413.0,352.0,60,140,Team_B,WHITE,57.173447,4.0854445
221,14,1049.0,925.0,1126.0,994.0,1087.5,959.5,60,140,Team_A,GREEN,46.494865,44.31415
221,29,199.0,887.0,286.0,1079.0,242.5,983.0,60,140,EXCLUDED,UNKNOWN,6.139981,48.340466
221,21,902.0,975.0,950.0,1000.0,926.0,987.5,60,140,EXCLUDED,UNKNOWN,39.203712,46.56264
221,16,912.0,944.0,1003.0,977.0,957.5,960.5,60,140,Team_A,GREEN,40.464222,44.746628
222,20,675.0,558.0,821.0,821.0,748.0,689.5,60,140,EXCLUDED,UNKNOWN,28.259834,27.607605
222,10,559.0,412.0,719.0,659.0,639.0,535.5,60,140,Team_A,GREEN,21.54957,17.469227
222,2,459.0,366.0,591.0,607.0,525.0,486.5,60,140,Team_B,WHITE,15.41334,14.30472
222,4,1610.0,438.0,1726.0,678.0,1668.0,558.0,60,140,Team_B,WHITE,70.17343,17.29996
222,22,1304.0,298.0,1382.0,531.0,1343.0,414.5,60,140,EXCLUDED,UNKNOWN,54.358753,8.332258
222,29,198.0,884.0,279.0,1079.0,238.5,981.5,60,140,EXCLUDED,UNKNOWN,5.92538,48.254177
222,12,795.0,927.0,871.0,995.0,833.0,961.0,60,140,Team_B,WHITE,34.617355,45.136242
222,11,1380.0,248.0,1447.0,457.0,1413.5,352.5,60,140,Team_B,WHITE,57.200195,4.1183715
222,14,1049.0,925.0,1126.0,994.0,1087.5,959.5,60,140,Team_A,GREEN,46.494865,44.31415
222,21,902.0,975.0,950.0,1000.0,926.0,987.5,60,140,EXCLUDED,UNKNOWN,39.203712,46.56264
222,16,912.0,944.0,1002.0,977.0,957.0,960.5,60,140,Team_A,GREEN,40.44086,44.74806
223,20,667.0,557.0,807.0,823.0,737.0,690.0,60,140,EXCLUDED,UNKNOWN,27.730906,27.664114
223,10,546.0,415.0,691.0,660.0,618.5,537.5,60,140,Team_A,GREEN,20.553482,17.639181
223,2,461.0,365.0,570.0,607.0,515.5,486.0,60,140,Team_B,WHITE,14.931917,14.284813
223,4,1611.0,437.0,1725.0,673.0,1668.0,555.0,60,140,Team_B,WHITE,70.1549,17.105978
223,22,1305.0,297.0,1379.0,527.0,1342.0,412.0,60,140,EXCLUDED,UNKNOWN,54.29421,8.166884
223,29,195.0,882.0,272.0,1079.0,233.5,980.5,60,140,EXCLUDED,UNKNOWN,5.6657176,48.20389
223,12,795.0,927.0,871.0,995.0,833.0,961.0,60,140,Team_B,WHITE,34.617355,45.136242
223,14,1049.0,925.0,1126.0,994.0,1087.5,959.5,60,140,Team_A,GREEN,46.494865,44.31415
223,11,1381.0,248.0,1448.0,458.0,1414.5,353.0,60,140,Team_B,WHITE,57.250175,4.1507993
223,21,902.0,975.0,950.0,1000.0,926.0,987.5,60,140,EXCLUDED,UNKNOWN,39.203712,46.56264
223,16,912.0,944.0,1003.0,977.0,957.5,960.5,60,140,Team_A,GREEN,40.464222,44.746628
224,20,662.0,557.0,795.0,823.0,728.5,690.0,60,140,EXCLUDED,UNKNOWN,27.318453,27.682129
224,10,540.0,423.0,664.0,661.0,602.0,542.0,60,140,Team_A,GREEN,19.777336,17.972698
224,29,188.0,879.0,266.0,1080.0,227.0,979.5,60,140,EXCLUDED,UNKNOWN,5.330935,48.15825
224,2,463.0,364.0,568.0,607.0,515.5,485.5,60,140,Team_B,WHITE,14.927104,14.250471
224,4,1621.0,435.0,1714.0,674.0,1667.5,554.5,60,140,Team_B,WHITE,70.12938,17.07442
224,12,795.0,927.0,871.0,995.0,833.0,961.0,60,140,Team_B,WHITE,34.617355,45.136242
224,14,1049.0,925.0,1126.0,994.0,1087.5,959.5,60,140,Team_A,GREEN,46.494865,44.31415
224,22,1306.0,298.0,1378.0,524.0,1342.0,411.0,60,140,EXCLUDED,UNKNOWN,54.287033,8.100247
224,11,1382.0,247.0,1450.0,456.0,1416.0,351.5,60,140,Team_B,WHITE,57.309364,4.0490565
224,21,902.0,975.0,950.0,1000.0,926.0,987.5,60,140,EXCLUDED,UNKNOWN,39.203712,46.56264
224,16,912.0,944.0,1003.0,977.0,957.5,960.5,60,140,Team_A,GREEN,40.464222,44.746628
225,20,658.0,555.0,779.0,822.0,718.5,688.5,60,140,EXCLUDED,UNKNOWN,26.819622,27.603546
225,10,522.0,425.0,638.0,661.0,580.0,543.0,60,140,Team_A,GREEN,18.694391,18.077835
225,29,179.0,880.0,263.0,1080.0,221.0,980.0,60,140,EXCLUDED,UNKNOWN,5.0359817,48.209896
225,4,1611.0,434.0,1714.0,675.0,1662.5,554.5,60,140,Team_B,WHITE,69.90505,17.082224
225,11,1382.0,247.0,1453.0,457.0,1417.5,352.0,60,140,Team_B,WHITE,57.382565,4.0809927
225,2,473.0,365.0,562.0,601.0,517.5,483.0,60,140,Team_B,WHITE,15.003435,14.075718
225,12,795.0,927.0,871.0,995.0,833.0,961.0,60,140,Team_B,WHITE,34.617355,45.136242
225,14,1049.0,925.0,1126.0,995.0,1087.5,960.0,60,140,Team_A,GREEN,46.498596,44.345936
225,22,1306.0,299.0,1376.0,524.0,1341.0,411.5,60,140,EXCLUDED,UNKNOWN,54.243996,8.134746
225,21,902.0,975.0,949.0,1000.0,925.5,987.5,60,140,EXCLUDED,UNKNOWN,39.180317,46.56411
225,16,912.0,944.0,1003.0,977.0,957.5,960.5,60,140,Team_A,GREEN,40.464222,44.746628
226,20,650.0,551.0,760.0,824.0,705.0,687.5,60,140,EXCLUDED,UNKNOWN,26.154364,27.56557
226,10,505.0,428.0,627.0,661.0,566.0,544.5,60,140,Team_A,GREEN,18.012232,18.203646
226,11,1379.0,246.0,1455.0,458.0,1417.0,352.0,60,140,Team_B,WHITE,57.359333,4.081487
226,29,166.0,880.0,261.0,1080.0,213.5,980.0,60,140,EXCLUDED,UNKNOWN,4.660783,48.233284
226,4,1603.0,433.0,1715.0,677.0,1659.0,555.0,60,140,Team_B,WHITE,69.75107,17.120037
226,12,795.0,927.0,871.0,995.0,833.0,961.0,60,140,Team_B,WHITE,34.617355,45.136242
226,14,1049.0,925.0,1126.0,995.0,1087.5,960.0,60,140,Team_A,GREEN,46.498596,44.345936
226,22,1305.0,299.0,1378.0,523.0,1341.5,411.0,60,140,EXCLUDED,UNKNOWN,54.26372,8.100836
226,2,477.0,366.0,555.0,597.0,516.0,481.5,60,140,Team_B,WHITE,14.913696,13.974918
226,21,902.0,975.0,949.0,1000.0,925.5,987.5,60,140,EXCLUDED,UNKNOWN,39.180317,46.56411
226,16,912.0,944.0,1003.0,977.0,957.5,960.5,60,140,Team_A,GREEN,40.464222,44.746628
227,29,152.0,881.0,259.0,1080.0,205.5,980.5,60,140,EXCLUDED,UNKNOWN,4.265321,48.291233
227,20,643.0,549.0,751.0,822.0,697.0,685.5,60,140,EXCLUDED,UNKNOWN,25.74725,27.449286
227,11,1379.0,247.0,1454.0,457.0,1416.5,352.0,60,140,Team_B,WHITE,57.3361,4.0819817
227,4,1600.0,433.0,1721.0,672.0,1660.5,552.5,60,140,Team_B,WHITE,69.80289,16.95594
227,10,487.0,450.0,630.0,661.0,558.5,555.5,60,140,Team_A,GREEN,17.742489,18.965014
227,12,795.0,927.0,871.0,995.0,833.0,961.0,60,140,Team_B,WHITE,34.617355,45.136242
227,14,1049.0,925.0,1126.0,995.0,1087.5,960.0,60,140,Team_A,GREEN,46.498596,44.345936
227,22,1306.0,300.0,1379.0,523.0,1342.5,411.5,60,140,EXCLUDED,UNKNOWN,54.31393,8.1329775
227,2,462.0,367.0,556.0,603.0,509.0,485.0,60,140,Team_B,WHITE,14.595905,14.225978
227,21,902.0,975.0,950.0,1000.0,926.0,987.5,60,140,EXCLUDED,UNKNOWN,39.203712,46.56264
227,16,912.0,944.0,1003.0,977.0,957.5,960.5,60,140,Team_A,GREEN,40.464222,44.746628
228,20,643.0,549.0,742.0,820.0,692.5,684.5,60,140,EXCLUDED,UNKNOWN,25.51918,27.392155
228,29,139.0,883.0,255.0,1080.0,197.0,981.5,60,140,EXCLUDED,UNKNOWN,3.8495789,48.38377
228,10,470.0,438.0,632.0,662.0,551.0,550.0,60,140,Team_A,GREEN,17.31722,18.603695
228,11,1378.0,249.0,1461.0,456.0,1419.5,352.5,60,140,Team_B,WHITE,57.47898,4.1124277
228,4,1602.0,436.0,1727.0,673.0,1664.5,554.5,60,140,Team_B,WHITE,69.9948,17.079102
228,12,795.0,927.0,871.0,995.0,833.0,961.0,60,140,Team_B,WHITE,34.617355,45.136242
228,14,1049.0,925.0,1126.0,995.0,1087.5,960.0,60,140,Team_A,GREEN,46.498596,44.345936
228,22,1309.0,299.0,1383.0,522.0,1346.0,410.5,60,140,EXCLUDED,UNKNOWN,54.469906,8.062224
228,2,446.0,369.0,559.0,619.0,502.5,494.0,60,140,Team_B,WHITE,14.356289,14.854103
228,21,902.0,975.0,950.0,1000.0,926.0,987.5,60,140,EXCLUDED,UNKNOWN,39.203712,46.56264
229,20,643.0,551.0,734.0,821.0,688.5,686.0,60,140,EXCLUDED,UNKNOWN,25.337547,27.500574
229,29,129.0,885.0,253.0,1080.0,191.0,982.5,60,140,EXCLUDED,UNKNOWN,3.5589197,48.46854
229,10,459.0,429.0,627.0,663.0,543.0,546.0,60,140,Team_A,GREEN,16.880661,18.344957
229,4,1604.0,440.0,1732.0,676.0,1668.0,558.0,60,140,Team_B,WHITE,70.17343,17.29996
229,11,1381.0,251.0,1462.0,455.0,1421.5,353.0,60,140,Team_B,WHITE,57.575375,4.1438546
229,14,1049.0,925.0,1126.0,995.0,1087.5,960.0,60,140,Team_A,GREEN,46.498596,44.345936
229,12,795.0,927.0,871.0,995.0,833.0,961.0,60,140,Team_B,WHITE,34.617355,45.136242
229,22,1311.0,296.0,1386.0,522.0,1348.5,409.0,60,140,EXCLUDED,UNKNOWN,54.57567,7.9593425
229,2,434.0,369.0,548.0,606.0,491.0,487.5,60,140,Team_B,WHITE,13.715258,14.425185
229,21,902.0,975.0,950.0,1000.0,926.0,987.5,60,140,EXCLUDED,UNKNOWN,39.203712,46.56264
229,16,912.0,943.0,1003.0,977.0,957.5,960.0,60,140,Team_A,GREEN,40.460308,44.714664
